script,category,status,num_windows,active_windows,profitable_ratio,avg_roi,roi_std,min_roi,max_roi,avg_sharpe,sharpe_std,avg_win_rate,consistency_score,orig_composite,w0_roi,w0_trades,w1_roi,w1_trades,w2_roi,w2_trades,w3_roi,w3_trades,w4_roi,w4_trades
arbitrage-detector-luxalgo,editors_picks,OK,5,5,0.0,-15.891654170312464,7.287586765949859,-25.793582382812396,-3.1269502812499996,-2.986350091579254,1.006952634767107,38.888888888888886,0.15,0,-25.793582382812396,72,-17.818655609374954,15,-15.908107242187514,8,-3.1269502812499996,4,-16.81097533593746,58
arbitrage-matrix-luxalgo,editors_picks,OK,5,4,0.6,11.019180947265623,13.566640400965012,-5.660175789062501,28.4188700390625,0.806952018975272,1.2488342355658864,41.666666666666664,0.3850959047363281,0,19.462575585937504,3,1.8554539531249903,2,28.4188700390625,2,0,0,-5.660175789062501,2
breakouts-pullbacks-trendoscope,editors_picks,OK,5,1,0.0,-10.495199945312503,0,-10.495199945312503,-10.495199945312503,-1.7841645342436703,0,25.0,0.03,0,-10.495199945312503,8,0,0,0,0,0,0,0,0
htf-floating-candles-w-volume-footprint-theultimator5,editors_picks,OK,5,5,0.6,-4.770753098437517,15.546542795221486,-33.19527710156253,10.117668804687506,-1.0185436435533721,2.07875618620277,59.96645999671248,0.36,0,-33.19527710156253,57,7.185850335937459,46,-8.143245898437513,14,0.18123836718749953,7,10.117668804687506,59
hyperfork-matrix,editors_picks,OK,5,5,0.6,-4.824897579687514,15.569883398580684,-33.33000185156253,9.981671148437512,-1.02813678386299,2.0928497719394796,59.879417434140066,0.36,0,-33.33000185156253,58,7.185850335937459,46,-8.143245898437513,14,0.18123836718749953,7,9.981671148437512,60
mad-gann-o-maticus,editors_picks,OK,5,4,0.6,10.677574134765623,13.365447061499392,-5.660175789062501,28.4188700390625,0.773457683876083,1.2274577896646643,37.5,0.3833878706738281,0,18.0961483359375,2,1.8554539531249903,2,28.4188700390625,2,0,0,-5.660175789062501,2
match-finder-theultimator5,editors_picks,OK,5,3,0.0,-14.650818610677035,7.9913251858970185,-25.93288181640615,-8.436895476562482,-1.9823587055771812,1.712092060300605,39.375,0.09,0,-25.93288181640615,32,-8.436895476562482,5,0,0,-8.509022828125001,0,-9.582678539062472,10
smart-trader-concentric-candles-aristotelian-cycloids,editors_picks,OK,5,5,0.2,-8.82659009374998,11.72044877822465,-25.836169718749968,10.035065117187536,-1.684499578324721,1.586174146611954,39.72649572649573,0.21999999999999997,0,-25.836169718749968,30,-4.284371203125003,9,-12.607478765624968,9,-11.439995898437497,1,10.035065117187536,39
smart-trader-episode-03-candles-and-tradelines,editors_picks,OK,5,3,0.4,15.299129303385412,13.672761862749192,-3.1665169921875056,29.500005953125,1.0684382289835634,1.1815959287586923,33.333333333333336,0.30649564651692707,0,19.56389894921874,4,0,0,29.500005953125,2,0,0,-3.1665169921875056,2
tasc-202604-a-synthetic-oscillator,editors_picks,OK,5,4,0.4,-4.6108579921874995,15.349574942685084,-22.708691968750006,13.979958906250001,-1.3013787020846506,2.4353110547742,37.05357142857143,0.26,0,6.743646625000009,8,-16.45834553125,4,13.979958906250001,7,2.9271441015625026,0,-22.708691968750006,7
trend-line-methods-tlm,editors_picks,OK,5,2,0.0,-21.07799197656248,6.772777984375003,-27.850769960937484,-14.305213992187477,-2.5998077047684385,1.2432949380713667,37.5,0.06,0,0,0,-14.305213992187477,2,0,0,-3.229514218750002,0,-27.850769960937484,4
directional-movement-index-dmi,momentum,OK,5,4,0.6,5.213174711914067,12.786555978754361,-13.897665960937491,22.01077043749999,0.46095030102949425,1.3300351394527519,55.35714285714286,0.3560658735595703,0,7.770698808593749,4,4.968895562500023,7,22.01077043749999,4,0,0,-13.897665960937491,2
ema14chanut,momentum,OK,5,4,0.4,8.191333181640625,15.356858990871547,-12.200482875000002,25.97607532812502,0.3466595913216735,1.567260282742714,35.089285714285715,0.30095666590820314,0,19.688270937499983,7,-12.200482875000002,5,25.97607532812502,5,0,0,-0.6985306640625059,8
macd-scalper,momentum,OK,5,1,0.0,-0.8563136640625015,0,-0.8563136640625015,-0.8563136640625015,-0.35767160413807636,0,0.0,0.03,0,21.134012132812497,0,0,0,0,0,0,0,-0.8563136640625015,1
mag7-real-time-impact-on-nq-breadth-alerts-mag-state,momentum,OK,5,3,0.2,-3.3593131627604222,21.33390662254222,-29.27106753125001,22.980849464843747,-1.4452557057122812,2.747627278573672,0.0,0.15999999999999998,0,22.980849464843747,1,-3.787721421875002,1,34.88007985937499,0,0,0,-29.27106753125001,1
market-internals-dashboard-add-tick-vold,momentum,OK,5,5,0.6,-4.824897579687514,15.569883398580684,-33.33000185156253,9.981671148437512,-1.02813678386299,2.0928497719394796,59.879417434140066,0.36,0,-33.33000185156253,58,7.185850335937459,46,-8.143245898437513,14,0.18123836718749953,7,9.981671148437512,60
nexous-cl-quantum-pulse-alpha-lorentzian-probabilistic-engin,momentum,OK,5,1,0.0,-4.672877570312499,0,-4.672877570312499,-4.672877570312499,-0.7102830662071148,0,0.0,0.03,0,25.120752703125003,0,-4.672877570312499,1,0,0,0,0,3.852337531249999,0
predictive-moving-average-convergence-divergence-ryder,momentum,OK,5,4,0.2,-2.0804581816406205,15.01900034088638,-17.601475304687483,21.704306707031268,-0.8227203530395871,1.7983739367991234,43.39285714285714,0.19,0,21.704306707031268,4,-17.601475304687483,5,-0.6661753749999916,2,2.9271441015625026,0,-11.758488753906276,7
prev-day-high-low-close-continuing-trend,momentum,OK,5,5,0.2,-15.489609690624993,13.498548182418252,-34.96303565625,4.750786726562495,-3.2397122505442297,2.6058237819439034,28.979139218269655,0.21999999999999997,0,-24.588154492187385,88,4.750786726562495,18,-12.852705460937564,18,-9.794939570312518,5,-34.96303565625,23
quant-professional,momentum,OK,5,4,0.4,3.739408626953133,11.344727684841365,-9.22941296875001,21.438936046875025,0.23950071773710468,1.1569500821652123,32.65151515151515,0.2786970431347656,0,21.438936046875025,12,-9.22941296875001,5,4.702568273437515,6,4.399802789062495,0,-1.9544568437499983,11
range-asianlondonpre-usa-by-frednat,momentum,OK,5,4,0.0,-16.268894935546864,6.489680784781993,-24.220893562499988,-7.304641515625016,-1.968018819813127,0.6996114241610919,15.416666666666666,0.12,0,-20.264963257812457,16,-13.285081406249999,4,-7.304641515625016,5,-8.509022828125001,0,-24.220893562499988,6
rhokeo-vw-rsi-histogram-for-cumulative-delta-by-zeiirman,momentum,OK,5,1,0.2,0.5369939375000103,0,0.5369939375000103,0.5369939375000103,0.0926045544804192,0,100.0,0.35268496968750007,0,0,0,-5.8860492187500055,0,0,0,0,0,0.5369939375000103,1
stelarax-momentum,momentum,OK,5,4,0.4,3.7846139765625058,17.45600134133384,-14.670862273437479,21.596555929687486,-0.3823186452728883,2.0431824038115325,30.248917748917748,0.2789230698828125,0,21.596555929687486,6,-12.638334210937494,7,20.85109646093751,6,0,0,-14.670862273437479,11
tuoppi-entries,momentum,OK,5,3,0.2,-0.18769076041666347,14.171901589430172,-10.337608968749992,19.853849859374996,-0.9104477309428348,1.674214238950862,33.333333333333336,0.15999999999999998,0,-17.833892273437492,0,-10.337608968749992,1,-10.079313171874995,1,4.399802789062495,0,19.853849859374996,1
vp-rsi,momentum,OK,5,4,0.8,15.8874735546875,5.527837169823225,9.557284640625003,23.454827765625,1.061151571644762,0.39714355098762016,32.08333333333333,0.6301514800265324,0,9.557284640625003,5,18.74211021093749,4,23.454827765625,4,0,0,11.7956716015625,3
xauusd-volume-profile-elite-nexous-cl,momentum,OK,5,5,0.2,-5.3603758765625,10.150775220491514,-15.870936960937513,12.220235542968775,-1.2326209413903497,1.769805745654995,24.882154882154886,0.21999999999999997,0,12.220235542968775,22,-10.717440101562504,18,-15.870936960937513,6,-0.49515162499999865,1,-11.938586238281262,27
10ema-strategy-indicator,moving_averages,OK,5,5,0.6,-2.200657926562495,18.407534910497528,-25.136442101562483,19.30104832031249,-0.8303408831663759,2.1027427996910233,48.92857142857143,0.36,0,-25.136442101562483,8,13.789400296874998,10,-22.597201671874995,3,3.6399055234375117,3,19.30104832031249,14
15-sma-trend-friend-mtf,moving_averages,OK,5,4,0.4,8.19199122265625,17.21803522589176,-11.820911992187481,26.817143585937504,0.2638921520807049,1.7174061313845448,28.888888888888886,0.30095995611328125,0,23.675515499999992,5,-11.820911992187481,5,26.817143585937504,3,0,0,-5.903782203125011,9
24k-scalp-trigger-ema-engulfing,moving_averages,OK,5,4,0.6,4.317806399414057,7.375449712651206,-6.616572437499984,14.174267765624988,0.2860201700146872,0.6267122244930682,40.12896825396825,0.44491097587380324,0,4.4710128789062145,7,-6.616572437499984,6,5.242517390625013,9,0,0,14.174267765624988,8
5-ema-strategy,moving_averages,OK,5,2,0.4,29.80053528125,0.6621196015624964,29.1384156796875,30.462654882812494,2.2241000393869825,0.1218482752584713,75.0,0.5685406075916322,0,30.462654882812494,4,0,0,29.1384156796875,3,0,0,-28.701704843750004,0
5-zerolag,moving_averages,OK,5,3,0.2,-8.322043458333331,16.34797896286139,-25.999115953124985,13.420967023437495,-1.89117055262515,2.924341473727312,11.111111111111109,0.15999999999999998,0,13.420967023437495,3,-12.3879814453125,2,0,0,6.552117015625,0,-25.999115953124985,4
512-ema-cross-signals,moving_averages,OK,5,4,0.4,8.301632920898435,14.75560541552719,-7.030706554687495,24.3649261484375,0.21796645332359377,1.6426483370889788,12.5,0.30150816460449215,0,21.675413574218734,2,-5.803101484375002,1,24.3649261484375,2,0,0,-7.030706554687495,4
9-ema-intraday-hybrid-trend-flip,moving_averages,OK,5,5,0.6,1.9161778210937424,12.581343176729892,-20.761117203125032,12.074119089843778,-0.19592643322605027,2.0264515044591347,38.06153846153846,0.3695808891054687,0,12.074119089843778,25,-20.761117203125032,6,-2.913417499999996,9,10.282843796874994,2,10.898460921874968,26
920-mid-day-ma-50-filtered,moving_averages,OK,5,3,0.4,12.80182566536458,13.634517709427824,-5.999667070312499,25.907705355468728,0.2368239153349502,1.983737394130037,27.777777777777775,0.2940091283268229,0,25.907705355468728,2,-5.999667070312499,1,0,0,0,0,18.49743871093751,3
adaptive-centric-moving-average-luxalgo,moving_averages,OK,5,3,0.4,8.896329182291678,13.678517053902087,-10.243904710937494,20.89365194531251,0.2887946769637019,1.8151437675531947,33.333333333333336,0.2744816459114584,0,16.039240312500013,2,0,0,20.89365194531251,2,0,0,-10.243904710937494,2
adaptive-momentum-trend-arbitrex-trader,moving_averages,OK,5,1,0.0,-10.718117031250003,0,-10.718117031250003,-10.718117031250003,-2.936645100901896,0,0.0,0.03,0,21.3924578203125,0,0,0,0,0,0,0,-10.718117031250003,1
alg0-hal0-crypto-rvwap,moving_averages,OK,5,2,0.0,-18.831087128906255,7.323442308593751,-26.154529437500006,-11.507644820312505,-2.4177497855280743,0.8005637476851818,0.0,0.06,0,-0.7674690312500024,0,-11.507644820312505,1,0,0,0,0,-26.154529437500006,3
algov2,moving_averages,OK,5,4,0.6,1.6581344941406242,9.548091671582013,-14.273149554687494,10.986450007812499,0.2194737332545964,1.1501373441641647,50.65144625489453,0.3382906724707031,0,10.986450007812499,35,-14.273149554687494,24,0,0,5.969900843750001,13,3.949336679687491,58
ali-binay-40-robot,moving_averages,OK,5,4,0.0,-11.531922768554676,9.425245178656665,-26.209193003906258,-1.9083853124999588,-1.9720438527089332,1.7606491586414676,33.33333333333333,0.12,0,-26.209193003906258,6,-4.849569374999992,3,-13.160543382812495,1,0.6770916093749983,0,-1.9083853124999588,10
boabias-mtf-liquidation-levels,moving_averages,OK,5,3,0.0,-15.914688022135381,5.652575403620095,-23.892199519531204,-11.48220288281246,-2.3632584209657614,1.8005570765922607,46.624136097820305,0.09,0,-23.892199519531204,38,-12.369661664062486,3,0,0,-8.509022828125001,0,-11.48220288281246,11
boabias-multi-timeframe-ema-analysis,moving_averages,OK,5,3,0.2,6.2991998867187595,11.129155003435923,-1.6918688359374938,22.037572582031263,0.26635852402617227,1.1874429417324854,27.777777777777775,0.1914959994335938,0,22.037572582031263,3,-1.4481040859374916,2,0,0,0,0,-1.6918688359374938,1
breakout-signals-donchian-200-ema-volume-atr-easier-stoc,moving_averages,OK,5,3,0.2,-0.9848161158853812,3.940954561130364,-5.813181624999939,3.840144347656285,-0.11356474043974107,0.34713514094822734,38.37535014005602,0.15999999999999998,0,3.840144347656285,17,0,0,-0.9814110703124898,2,0,0,-5.813181624999939,28
buy-sell-signal-msriniv,moving_averages,OK,5,4,0.4,4.682212034179687,19.94089130187641,-18.52779468359379,31.627782703125007,-0.18277254355176326,1.5276513199602995,44.44444444444444,0.28341106017089845,0,-18.52779468359379,7,-9.811162484375004,3,15.440022601562536,7,-0.9012507812499971,0,31.627782703125007,9
buying-vs-selling-moving-averages-scalp-meter,moving_averages,OK,5,4,0.4,-2.9306846201171854,13.438729439436322,-21.260943851562477,11.430168410156243,-0.9902508060142045,2.1402706711265287,19.791666666666664,0.26,0,11.430168410156243,8,-10.22733917187502,3,8.335376132812511,8,2.9271441015625026,0,-21.260943851562477,12
candle-body-momentum-ukutalabs,moving_averages,OK,5,4,0.4,7.860224784179685,14.95910113371045,-12.200482875000002,25.46853080468753,0.33190522015704815,1.5395140034260986,35.15873015873016,0.2993011239208984,0,18.562903253906217,9,-12.200482875000002,5,25.46853080468753,6,0,0,-0.3900520468750037,7
clean-ema-cross-continuation-tabs-only,moving_averages,OK,5,3,0.4,-2.707270696614593,22.389009607627337,-33.112388300781255,20.146970562499977,-1.53968394546027,3.40354372924727,45.833333333333336,0.22999999999999998,0,-33.112388300781255,4,0,0,4.8436056484375,2,0,0,20.146970562499977,8
confluence-buysell-sub-30min,moving_averages,OK,5,1,0.2,5.472796507812513,0,5.472796507812513,5.472796507812513,1.2814181015697503,0,100.0,0.37736398253906256,0,5.472796507812513,1,0,0,0,0,0,0,-0.646815062499998,0
crossover-strategy-multi-timeframe-no-repaint,moving_averages,OK,5,3,0.4,12.040986217447921,12.585856185597759,-5.723396054687503,21.885313390625015,0.7946281346829865,1.3101078714079728,33.333333333333336,0.29020493108723955,0,19.96104131640625,2,0,0,21.885313390625015,2,0,0,-5.723396054687503,3
crypto-918-momentum-pullback-highlight-ema,moving_averages,OK,5,3,0.4,12.040986217447921,12.585856185597759,-5.723396054687503,21.885313390625015,0.7946281346829865,1.3101078714079728,33.333333333333336,0.29020493108723955,0,19.96104131640625,2,0,0,21.885313390625015,2,0,0,-5.723396054687503,3
ctr-dual-custom-mas-pro,moving_averages,OK,5,2,0.2,10.08935422265625,12.162001558593742,-2.072647335937494,22.25135578124999,0.11426654883954102,1.9629413917121412,0.0,0.18044677111328122,0,22.25135578124999,2,-2.072647335937494,1,0,0,0,0,0,0
cumulative-displacement-moving-average,moving_averages,OK,5,4,0.2,-13.659988935546854,14.83431280464978,-34.53715046093747,6.950715554687544,-2.3306118536495752,2.323814188367428,41.794642857142854,0.19,0,-34.53715046093747,28,-16.6520470390625,7,6.950715554687544,16,0,0,-10.401473796874997,25
customizable-sma-channel-vers2,moving_averages,OK,5,4,0.4,-3.167604298828117,18.21589855789808,-28.289532343750007,18.678007929687517,-1.1822206041883363,2.3889251890891865,24.999999999999996,0.26,0,-28.289532343750007,4,-11.86304876562499,2,8.804155984375015,3,0,0,18.678007929687517,6
customized-double-bollinger-bands-wjdtks255,moving_averages,OK,5,4,0.4,0.09170628710938811,10.838132499326386,-14.677263749999996,14.137218562500028,0.2254269551749355,1.335252984776219,75.0,0.2604585314355469,0,5.659195328125002,3,-4.752324992187481,3,14.137218562500028,3,-8.509022828125001,0,-14.677263749999996,3
daily-bias-visual-pro-fran-pineda,moving_averages,OK,5,1,0.0,-4.09338728124999,0,-4.09338728124999,-4.09338728124999,-0.2704249395871991,0,100.0,0.03,0,23.081586667968747,0,-4.09338728124999,1,34.452269664062506,0,-8.509022828125001,0,-23.560521921875,0
daily-bullish-bearish-status-table,moving_averages,OK,5,2,0.2,-14.204311359374994,18.013335671875005,-32.21764703125,3.8090243125000125,-2.9104350245594306,3.553276276055678,53.94736842105263,0.13,0,-32.21764703125,6,0,0,0,0,0,0,3.8090243125000125,19
daily-weekly-bullish-bearish-status-table,moving_averages,OK,5,2,0.2,-14.204311359374994,18.013335671875005,-32.21764703125,3.8090243125000125,-2.9104350245594306,3.553276276055678,53.94736842105263,0.13,0,-32.21764703125,6,0,0,0,0,0,0,3.8090243125000125,19
directional-sma-trend-line,moving_averages,OK,5,4,0.8,15.8874735546875,5.527837169823225,9.557284640625003,23.454827765625,1.061151571644762,0.39714355098762016,32.08333333333333,0.6301514800265324,0,9.557284640625003,5,18.74211021093749,4,23.454827765625,4,0,0,11.7956716015625,3
ema-1020,moving_averages,OK,5,4,0.6,11.354347982421874,12.90922942341217,-7.761441007812507,28.656883351562485,0.4302964721399889,1.4471598358899695,25.833333333333332,0.38677173991210934,0,11.980124335937523,5,-7.761441007812507,1,28.656883351562485,2,0,0,12.541825249999993,3
ema-20-ema-50-touch-alert,moving_averages,OK,5,3,0.2,-8.142805134114566,17.28613765291242,-24.40586944921872,15.795383429687515,-1.6382396596647595,2.14927108143839,32.5,0.15999999999999998,0,-24.40586944921872,10,-15.817929382812492,2,0,0,0,0,15.795383429687515,8
ema-2050-optimal-distance-m15,moving_averages,OK,5,1,0.0,-10.718117031250003,0,-10.718117031250003,-10.718117031250003,-2.936645100901896,0,0.0,0.03,0,23.860263003906248,0,0,0,0,0,0,0,-10.718117031250003,1
ema-2452,moving_averages,OK,5,1,0.0,-9.28063718749999,0,-9.28063718749999,-9.28063718749999,-2.5379487716719527,0,0.0,0.03,0,24.048744265625004,0,-9.28063718749999,1,0,0,0,0,17.1233969375,0
ema-5-13-20-signal-with-candle-filter-dashboard,moving_averages,OK,5,4,0.6,14.445025875976572,13.29444135187859,-8.203804476562494,25.897329902343742,0.2632101736316357,2.0016226479972814,31.249999999999996,0.40222512937988286,0,25.897329902343742,3,-8.203804476562494,1,19.757983328125018,3,0,0,20.32859475000002,4
ema-9-20-auto-strategy,moving_averages,OK,5,4,0.6,7.910446187500009,13.859221154708896,-15.55061365624999,20.42065439843753,-0.12189200754001292,2.1637878528569003,24.583333333333332,0.3695522309375,0,14.229918757812499,5,-15.55061365624999,2,20.42065439843753,4,0,0,12.541825249999993,3
ema-912-momentum-cross-jrosario,moving_averages,OK,5,4,0.4,6.744296305664069,15.812749823115146,-12.513013835937498,24.86666278906251,0.05256641404792983,1.915184516099799,33.33333333333333,0.29372148152832034,0,19.564604917968754,2,-4.941068648437489,2,24.86666278906251,3,0,0,-12.513013835937498,4
ema-921-rsi-exit-by-sandeep,moving_averages,OK,5,4,0.6,11.305807775390623,12.381346372571173,-7.761441007812507,25.783148289062506,0.4218634434181804,1.4262899466690417,21.726190476190474,0.3865290388769531,0,9.7599313671875,7,-7.761441007812507,1,25.783148289062506,4,0,0,17.44159245312499,3
ema-921-shading-only,moving_averages,OK,5,4,0.6,11.305807775390623,12.381346372571173,-7.761441007812507,25.783148289062506,0.4218634434181804,1.4262899466690417,21.726190476190474,0.3865290388769531,0,9.7599313671875,7,-7.761441007812507,1,25.783148289062506,4,0,0,17.44159245312499,3
ema-950-atr-full-terminal,moving_averages,OK,5,1,0.0,-10.1114174375,0,-10.1114174375,-10.1114174375,-0.8988835459434185,0,100.0,0.03,0,0,0,-10.1114174375,1,0,0,0,0,0,0
ema-atr-pro-ultimate-engine,moving_averages,OK,5,2,0.4,19.696513281250002,4.024532203124989,15.671981078125013,23.72104548437499,1.6360779885711212,0.42797982388384315,100.0,0.4414876104352892,0,23.72104548437499,1,12.660044585937502,0,0,0,0.7170617187500029,0,15.671981078125013,1
ema-cloud-alerts,moving_averages,OK,5,3,0.4,14.645438675781245,14.759476275409273,-5.616400593750004,29.118778367187492,0.9097672797609864,1.3983181076189226,33.333333333333336,0.30322719337890625,0,20.433938253906252,2,0,0,29.118778367187492,2,0,0,-5.616400593750004,2
ema-cloud-orb-dash,moving_averages,OK,5,3,0.4,10.762601981770834,13.622110469108305,-8.149204476562517,23.396637179687517,0.6082732366805049,1.5391204842302393,36.11111111111111,0.28381300990885416,0,17.040373242187503,3,0,0,23.396637179687517,2,0,0,-8.149204476562517,4
ema-clouds-jb-style,moving_averages,OK,5,2,0.2,6.235019558593754,12.682111855468747,-6.447092296874994,18.917131414062503,0.6846981363496598,2.290188038206731,50.0,0.16117509779296876,0,18.917131414062503,3,0,0,0,0,0,0,-6.447092296874994,3
ema-cross-alert-821-by-tjoma,moving_averages,OK,5,3,0.4,13.728063009114585,14.47529555409487,-6.374944539062505,27.126668171875018,0.7949067342056596,1.507887914141315,33.333333333333336,0.29864031504557287,0,20.432465394531246,2,0,0,27.126668171875018,2,0,0,-6.374944539062505,3
ema-cross-bb-20-sma-strategy,moving_averages,OK,5,3,0.4,13.031396065104166,14.010343358340085,-6.411384374999994,26.05707109375001,0.8401312505013276,1.441316926668491,44.444444444444436,0.29515698032552085,0,19.44850147656248,2,0,0,26.05707109375001,2,0,0,-6.411384374999994,3
ema-crossing-first-order-appearance,moving_averages,OK,5,3,0.2,1.4569722721354186,10.062941997707382,-6.278394718750002,15.669571214843744,-0.11049308497907619,1.0253569592417602,16.666666666666668,0.16728486136067708,0,15.669571214843744,1,-6.278394718750002,2,0,0,0,0,-5.020259679687486,1
ema-multi-tf-strategy-red-filter,moving_averages,OK,5,4,0.4,5.666148598632815,13.910403127910614,-8.227242656249988,27.304030367187497,0.18619473773667516,1.3943370970200235,33.33333333333333,0.2883307429931641,0,8.227582152343748,3,-4.639775468749998,2,27.304030367187497,2,0,0,-8.227242656249988,3
ema-sniper-pro-quantscript,moving_averages,OK,5,3,0.6,7.130913774739587,3.0976963152101384,4.566105566406244,11.48901338281251,1.510103665944538,0.3459329669274883,100.0,0.4991713271418259,0,4.566105566406244,1,11.48901338281251,1,0,0,0,0,5.337622375000006,1
ema-wave-rider-beginner-edition,moving_averages,OK,5,2,0.2,9.003157277343751,14.933299738281248,-5.930142460937495,23.936457015625,0.21882382207964368,1.8216482947377173,0.0,0.17501578638671875,0,23.936457015625,1,-5.930142460937495,1,0,0,0,0,0,0
ema-xpair-crlmx,moving_averages,OK,5,3,0.4,14.429545505208333,15.777993133246108,-6.843748812500008,30.897385734375,0.7859776306787675,1.5900890528679923,50.0,0.3021477275260417,0,19.234999593750008,2,0,0,30.897385734375,1,0,0,-6.843748812500008,3
ema20-strong-touch-markervt,moving_averages,OK,5,4,0.4,-3.2543385703124805,19.473621179742654,-30.799672124999983,20.319341515625027,-1.018521860079419,2.383356878916701,40.625,0.26,0,-30.799672124999983,8,-11.130988156249993,3,8.593964484375029,4,0,0,20.319341515625027,4
ematema-crossover,moving_averages,OK,5,1,0.2,4.022588359375004,0,4.022588359375004,4.022588359375004,2.167299589250697,0,100.0,0.37011294179687504,0,4.022588359375004,3,0,0,0,0,0,0,0,0
fr0x-heikin-ashi-close-levels,moving_averages,OK,5,4,0.4,0.6454056425781269,6.765093535274162,-8.40898514062501,9.570586812499982,-0.13911944373130952,0.7138460777977353,56.04112554112554,0.2632270282128906,0,-2.5623559140625,21,3.982376812500035,25,-8.40898514062501,6,0,0,9.570586812499982,22
future-ema-projection,moving_averages,OK,5,2,0.0,-15.759620328124992,10.817422843749998,-26.57704317187499,-4.942197484374993,-3.105236667710412,1.7861044083669138,50.0,0.06,0,-26.57704317187499,1,0,0,0,0,0,0,-4.942197484374993,1
fx-correlation-matrix-pro-ema-trend,moving_averages,OK,5,4,0.4,7.914883040039072,15.462432328161048,-8.622245890624981,26.676898539062517,0.04688275520267676,1.7679706898746264,25.0,0.29957441520019534,0,19.616149894531247,2,-6.011270382812494,1,26.676898539062517,2,0,0,-8.622245890624981,4
genius-chart-structure,moving_averages,OK,5,2,0.4,10.616711783203122,1.553451314453123,9.063260468749998,12.170163097656244,0.9275679390373405,0.20411153585461184,0.0,0.45205567495236265,0,12.170163097656244,2,9.063260468749998,2,0,0,8.309633421874999,0,0.006226554687498719,0
globus-capitas-ema-9-ema-14-ribbon,moving_averages,OK,5,4,0.4,7.0731447197265656,16.4246830419624,-12.115171078125,26.285456406250013,-0.11562649059594665,2.0429329784116534,25.0,0.2953657235986328,0,20.133563933593745,2,-6.011270382812494,1,26.285456406250013,2,0,0,-12.115171078125,4
goat-trap-pinbar,moving_averages,OK,5,4,0.6,2.322646710937511,28.54660412235083,-43.77319399999999,29.5741499609375,-1.6323900830062954,4.331383241838904,51.041666666666664,0.34161323355468753,0,-43.77319399999999,6,29.5741499609375,2,1.3860283437500038,2,-1.7537352265624941,0,22.10360253906253,8
goldencrossover-cp5394,moving_averages,OK,5,2,0.0,-4.294762332031249,1.6353801289062466,-5.930142460937495,-2.659382203125002,-1.7181527200166347,0.11532824735856106,0.0,0.06,0,23.994291429687493,0,-5.930142460937495,1,0,0,0,0,-2.659382203125002,1
green-bull-strategy,moving_averages,OK,5,4,0.4,1.8871673349609446,6.639169324182685,-5.53599824999999,12.401464593750003,0.05423334007867761,0.5543857187969203,12.094155844155845,0.3808394069755746,0,-1.3734634570312336,11,-5.53599824999999,1,2.056666453124999,7,0,0,12.401464593750003,4
improved-mcginley-dynamic,moving_averages,OK,5,4,0.4,0.6040081347656345,13.379610535823227,-15.329024249999987,18.6981535703125,-0.38387842359510965,1.5258874030971783,23.194444444444443,0.2630200406738281,0,18.6981535703125,6,-15.329024249999987,5,7.661666632812514,8,0,0,-8.614763414062487,9
interactive-ta,moving_averages,OK,5,3,0.2,-3.7055429479166633,13.56348323815992,-17.490310156249993,14.738345367187502,-1.922185570273017,2.8364114330837378,0.0,0.15999999999999998,0,14.738345367187502,2,-8.364664054687498,1,0,0,0,0,-17.490310156249993,6
jma-trend-bo,moving_averages,OK,5,2,0.4,7.6293648750000065,5.669593390625007,1.9597714843749998,13.298958265625012,0.5477769219957722,0.34924220296427066,46.42857142857143,0.40083627363393237,0,17.270472765625,0,0,0,1.9597714843749998,4,0,0,13.298958265625012,7
jrr-ultimate-ma-mtf-v6,moving_averages,OK,5,3,0.4,8.524720454427074,9.679037132440586,-5.056347039062485,16.795657531249976,0.5579836036628545,0.7639385642045485,41.666666666666664,0.33163896122099823,0,13.834850871093732,2,-5.056347039062485,2,0,0,0,0,16.795657531249976,4
kripto-fema-ema-9,moving_averages,OK,5,4,0.4,4.646614300781247,16.34828621765931,-16.401994328124985,24.289831968750004,-0.03666822709787074,1.6844971900852266,32.38636363636364,0.2832330715039062,0,16.284993609374986,11,-16.401994328124985,11,24.289831968750004,8,0.6770916093749983,0,-5.586374046875019,12
low-volatility-ema-extension,moving_averages,OK,5,3,0.2,-9.599341999999993,19.30860943074677,-32.880713687499984,14.399211640624998,-2.235450404414683,2.99244057773302,16.666666666666668,0.15999999999999998,0,-32.880713687499984,2,-10.316523953124996,2,0,0,0,0,14.399211640624998,2
m-htf-candle-body-momentum-ukutalabs,moving_averages,OK,5,4,0.4,-5.059753135742175,19.013533281183886,-32.57147046484375,18.379879250000013,-1.386951742697069,2.718004516804612,23.839285714285715,0.26,0,-32.57147046484375,8,-11.130988156249993,3,5.083566828125026,5,0,0,18.379879250000013,7
ma-bb-levels-st,moving_averages,OK,5,3,0.4,8.009283115885419,7.243072675880104,-1.2059170546874958,16.49028184375001,0.9346666118904134,0.9485440017405348,61.11111111111111,0.2829104151442934,0,8.743484558593744,3,-0.6231353125000023,0,16.49028184375001,3,0,0,-1.2059170546874958,2
ma-cross-with-labels,moving_averages,OK,5,4,0.6,13.554545626953129,12.08537169228028,-6.818990726562479,24.820632468750002,0.7470591203725421,1.1198042125252332,37.916666666666664,0.3977727281347656,0,18.719139101562497,5,-6.818990726562479,3,24.820632468750002,4,0,0,17.49740166406249,3
macd-renko-locked-signals,moving_averages,OK,5,4,0.2,-3.64013724707031,13.908950895554105,-18.72589686718749,18.987184320312515,-1.40502447296747,1.8841485067996135,23.214285714285715,0.19,0,-5.70471525390628,7,-18.72589686718749,4,-9.117121187499986,1,0.6770916093749983,0,18.987184320312515,2
macd-sell-exit-signals,moving_averages,OK,5,2,0.2,0.33496280859374383,0.9643376601562487,-0.6293748515625048,1.2993004687499925,-0.8881352696811737,1.369921140243506,50.0,0.1316748140429687,0,1.2993004687499925,2,0,0,0,0,0,0,-0.6293748515625048,2
momentum-confluence-system,moving_averages,OK,5,3,0.2,-1.4334449270833332,7.133380294545042,-8.203804476562494,8.428566273437493,-0.799674839108509,2.1984902311027232,33.333333333333336,0.15999999999999998,0,8.428566273437493,2,-8.203804476562494,1,0,0,0,0,-4.525096578124998,1
mtf-9-sma-of-high-wm3m6myear,moving_averages,OK,5,4,0.2,-6.51497259765624,17.651793512096592,-21.125503562499958,23.346394765624996,-2.002281053139106,1.949960234403782,35.41666666666667,0.19,0,-21.125503562499958,12,-17.667455828125007,5,-10.61332576562499,2,0.6770916093749983,0,23.346394765624996,6
multi-higher-time-frame-m-htf-ema-ukutalabs,moving_averages,OK,5,3,0.4,0.2200157903645703,16.445736627342445,-22.898615933593767,13.979338523437487,-0.4994417246223801,2.553774736643077,72.22222222222221,0.23110007895182283,0,-22.898615933593767,3,13.979338523437487,3,0,0,0,0,9.57932478124999,4
multi-timeframe-scalper-structure,moving_averages,OK,5,3,0.2,0.7140082148437455,13.226327020806215,-8.917432296875006,19.416056457031257,-1.220781290369139,2.044318654799629,0.0,0.1635700410742187,0,19.416056457031257,1,-8.917432296875006,1,33.111289398437485,0,0,0,-8.356599515625014,1
my-script,moving_averages,OK,5,4,0.8,15.8874735546875,5.527837169823225,9.557284640625003,23.454827765625,1.061151571644762,0.39714355098762016,32.08333333333333,0.6301514800265324,0,9.557284640625003,5,18.74211021093749,4,23.454827765625,4,0,0,11.7956716015625,3
nova-statistical-filtering-oscillator-pineify,moving_averages,OK,5,1,0.0,-0.857290546874996,0,-0.857290546874996,-0.857290546874996,-0.16511631884991365,0,0.0,0.03,0,0,0,-10.175474984375004,0,0,0,0,0,-0.857290546874996,1
orb-core-hitz2kk,moving_averages,OK,5,5,0.6,4.070456510937499,16.192781368689893,-12.895065234374997,34.14303789062501,0.259687819777196,1.3430563355825627,31.963369963369964,0.38035228255468745,0,34.14303789062501,21,-12.895065234374997,26,3.0108486718750065,12,2.79796451562499,1,-6.704503289062515,20
pivot-pro-cpr-pdhpdl-ema-by-sani,moving_averages,OK,5,4,0.6,11.354347982421874,12.90922942341217,-7.761441007812507,28.656883351562485,0.4302964721399889,1.4471598358899695,25.833333333333332,0.38677173991210934,0,11.980124335937523,5,-7.761441007812507,1,28.656883351562485,2,0,0,12.541825249999993,3
pocket-entry-l,moving_averages,OK,5,1,0.0,-9.943101523437493,0,-9.943101523437493,-9.943101523437493,-1.7861325110281774,0,25.0,0.03,0,-9.943101523437493,8,0,0,0,0,0,0,0,0
pocket-entry-s,moving_averages,OK,5,2,0.4,3.1132902148437496,1.1314532304687526,1.9818369843749968,4.244743445312502,1.8061233151371212,0.6032912077151523,75.0,0.3147436491454306,0,0,0,1.9818369843749968,2,0,0,0,0,4.244743445312502,3
ponomis-bglbrl-signal,moving_averages,OK,5,4,0.6,2.5671325556640805,10.12897993075299,-13.223911218749942,13.79881055078123,0.16880102601323793,0.8509553318551847,19.86013986013986,0.3800968298145242,0,13.79881055078123,13,-13.223911218749942,11,8.345627781250034,10,0,0,1.3480031093750005,11
price-vs-ma-stats-pro,moving_averages,OK,5,2,0.2,-13.651307007812495,16.2195628203125,-29.870869828124995,2.5682558125000066,-2.5618085165751148,3.1796906970478838,16.666666666666664,0.13,0,-29.870869828124995,3,0,0,0,0,0,0,2.5682558125000066,1
ps-ma-vert-line-1-works,moving_averages,OK,5,2,0.2,10.595367441406248,12.440866261718744,-1.8454988203124956,23.036233703124992,0.7252683804741231,1.251741634227325,25.0,0.18297683720703123,0,23.036233703124992,2,0,0,0,0,0,0,-1.8454988203124956,1
psy-levels-pivot-ema-nifty-banknifty-by-lazyhacker,moving_averages,OK,5,3,0.4,11.636792194010416,16.947066376000688,-12.115171078125,26.285456406250013,0.40323480890886493,2.135876244957826,27.777777777777775,0.28818396097005206,0,20.74009125390624,3,0,0,26.285456406250013,2,0,0,-12.115171078125,4
psy-levels-pivot-ema-v2-nifty-banknifty-by-lazyhacker,moving_averages,OK,5,3,0.4,11.636792194010416,16.947066376000688,-12.115171078125,26.285456406250013,0.40323480890886493,2.135876244957826,27.777777777777775,0.28818396097005206,0,20.74009125390624,3,0,0,26.285456406250013,2,0,0,-12.115171078125,4
qema-signal-system,moving_averages,OK,5,4,0.2,-9.81326946289062,17.125936464397817,-39.12209560156249,4.017062859375001,-1.8489352299513764,3.5016313291162975,75.0,0.19,0,-39.12209560156249,2,-3.321726835937501,1,-38.822578171874994,0,4.017062859375001,1,-0.8263182734374859,4
rolling-sharpe-ratio-with-sma,moving_averages,OK,5,4,0.4,3.163558153320304,15.660606415260279,-17.555049874999998,26.156095656249995,0.018621928547742632,1.8123532099369246,36.607142857142854,0.2758177907666015,0,5.229365347656217,6,-17.555049874999998,6,26.156095656249995,7,0.6770916093749983,0,-1.176178515624997,4
sams-keltner-band-fade-and-basis-bounce,moving_averages,OK,5,3,0.4,7.641449779947918,15.631847420250846,-9.452188867187491,28.32859937109375,0.21122714128103967,2.191042681734632,50.0,0.26820724889973957,0,28.32859937109375,1,4.047938835937501,2,0,0,2.9271441015625026,0,-9.452188867187491,1
scalping-strategy-3-minutes,moving_averages,OK,5,5,0.0,-10.322788179687501,9.668123365513669,-28.880810554687514,-2.1658626406249675,-2.0292620910346146,1.8596391328425543,27.326203208556148,0.15,0,-2.1658626406249675,17,-4.1204348984375105,11,-6.085250320312509,10,-10.361582484375,2,-28.880810554687514,20
shadow-rejection-rail-pure-state-pointalgo,moving_averages,OK,5,4,0.4,3.797313983398448,18.10684436729679,-14.004556421874979,26.502275328125002,-0.5315543781201721,2.2599221623874226,14.583333333333332,0.2789865699169922,0,16.626299292968774,4,-14.004556421874979,4,26.502275328125002,3,0,0,-13.934762265625004,5
signaux-achats-et-ventes-sma9-plus-2-variable,moving_averages,OK,5,4,0.4,-3.2625562734375038,19.908318271537052,-29.991057187500015,24.641516843750026,-1.1579037692617145,2.4842998823998834,37.5,0.26,0,-29.991057187500015,4,-10.618780265624999,2,2.918095515624969,4,0,0,24.641516843750026,4
sj-stoch-mft-3,moving_averages,OK,5,5,0.4,1.5039627992187572,13.946531538269602,-13.738338468749992,18.298940726562492,-0.29272849857628386,1.4930833723232397,29.69423558897243,0.29751981399609373,0,18.006015292968776,19,-13.738338468749992,15,18.298940726562492,21,-4.145138960937489,2,-10.90166459375,19
skill-fx-trend-display,moving_averages,OK,5,4,0.8,15.8874735546875,5.527837169823225,9.557284640625003,23.454827765625,1.061151571644762,0.39714355098762016,32.08333333333333,0.6301514800265324,0,9.557284640625003,5,18.74211021093749,4,23.454827765625,4,0,0,11.7956716015625,3
smc-strategy-hub-alerts,moving_averages,OK,5,3,0.4,4.108029470052085,11.019115574270929,-10.892475054687514,15.26478416796877,0.14475284980376216,1.44964322345057,33.333333333333336,0.2505401473502604,0,15.26478416796877,1,0,0,7.951779296875,1,0,0,-10.892475054687514,1
smittybda-swing-pivots-golden-pocket,moving_averages,OK,5,4,0.0,-18.67057056445312,14.824356029102624,-34.68351766406246,-1.7079055234374974,-3.2628030315992103,2.6353051568994563,37.66105492400488,0.12,0,-34.68351766406246,67,-1.7079055234374974,17,-6.213904789062507,14,-8.509022828125001,0,-32.07695428125001,22
sp-500-30min-chart-system-spookydegenaro-v6,moving_averages,OK,5,3,0.2,0.9359466679687566,7.197376165532789,-5.657361281249992,10.948220734375006,-0.6395430775250439,1.1733001638895186,16.666666666666668,0.16467973333984376,0,-2.483019449218744,1,-5.657361281249992,1,0,0,0,0,10.948220734375006,2
strateji-tablosu-ema9wma30,moving_averages,OK,5,2,0.2,-9.494708841796863,25.618513966796847,-35.11322280859371,16.123805124999986,-2.9844407475873793,4.034331247853391,47.67857142857143,0.13,0,-35.11322280859371,14,0,0,0,0,0,0,16.123805124999986,40
supertrend-cloud-indicator,moving_averages,OK,5,1,0.0,-36.99967201171874,0,-36.99967201171874,-36.99967201171874,-7.68675531498029,0,0.0,0.03,0,-36.99967201171874,2,-10.175474984375004,0,0,0,0,0,-8.011175609375002,0
supply-and-demand-zone-indicator-5m,moving_averages,OK,5,4,0.4,-4.11846853027342,20.91572244278097,-30.559380699218746,24.804498015625036,-1.5164045477767636,2.698396928782336,37.15958605664488,0.26,0,-30.559380699218746,27,-15.633970257812516,4,4.91497882031255,12,0.6770916093749983,0,24.804498015625036,17
swift-algo-pro-bos-reteste-miller,moving_averages,OK,5,3,0.6,14.908282134114609,1.7977481019515196,12.84533981250004,17.226629003906275,1.3286645791003082,0.24380430473070414,55.15873015873016,0.563590334487897,0,17.226629003906275,7,12.84533981250004,4,0,0,0,0,14.652877585937516,3
swing-ema20ma50st,moving_averages,OK,5,2,0.2,6.031837625,11.081278039062497,-5.049440414062498,17.113115664062498,-0.15087767578612576,1.5713675976835213,50.0,0.160159188125,0,0,0,17.113115664062498,1,0,0,0,0,-5.049440414062498,1
the-holy-grail,moving_averages,OK,5,1,0.0,-5.665742546875001,0,-5.665742546875001,-5.665742546875001,-3.0192337987671416,0,0.0,0.03,0,0,0,2.9685348593749947,0,0,0,0,0,-5.665742546875001,1
timeframe-structure-analysis-with-emasma-rsi-confirmation,moving_averages,OK,5,2,0.0,-14.308096679687493,12.142207382812492,-26.450304062499985,-2.1658892968750005,-2.6810092442837075,2.112039152715419,50.0,0.06,0,-26.450304062499985,2,0,0,0,0,0,0,-2.1658892968750005,1
tms-intraday-direction-zone-ema-9-ema-21,moving_averages,OK,5,3,0.4,14.843653553385415,13.545269837367528,-3.1665169921875056,29.500005953125,1.022797747508078,1.1596932217845444,27.777777777777775,0.30421826776692706,0,18.197471699218745,3,0,0,29.500005953125,2,0,0,-3.1665169921875056,2
tpc-trend-alignment-meter,moving_averages,OK,5,3,0.2,-7.7696128828124875,22.586841247591494,-37.98063914062496,16.32024861718749,-2.399899559063894,4.046720796158965,50.476190476190474,0.15999999999999998,0,-37.98063914062496,10,0,0,-1.6484481249999954,7,0,0,16.32024861718749,35
trend-based-fibs-manual-anchor-logic,moving_averages,OK,5,4,0.4,4.9870883847656255,16.569287721642365,-12.793260234374989,26.3199235,-0.17730005662294396,1.8518788890427489,23.392857142857142,0.28493544192382814,0,15.872291562499989,7,-12.793260234374989,4,26.3199235,5,0,0,-9.450601289062499,6
trend-based-sma-color-fill-30m-daily-weekly,moving_averages,OK,5,2,0.0,-17.760607445312505,12.958515867187497,-30.719123312500002,-4.802091578125007,-3.495216209864247,2.494370769602165,45.0,0.06,0,-30.719123312500002,5,0,0,0,0,0,0,-4.802091578125007,10
trend-leadership-eligibility-weekly,moving_averages,OK,5,4,0.4,0.8185544658203217,13.288328679007991,-19.107806117187472,17.29277272265624,-0.44945777320085223,2.123777021502231,31.38888888888889,0.26409277232910155,0,17.29277272265624,9,-1.4491419999999926,1,6.538393257812509,4,0,0,-19.107806117187472,5
trend-structure,moving_averages,OK,5,4,0.4,-7.640329705078109,17.477211392989453,-35.147625898437454,11.155169437499978,-1.513830852042328,2.697765483860935,46.22964559386973,0.26,0,-35.147625898437454,45,-9.364802734374985,20,2.7959403750000202,16,0,0,11.155169437499978,58
triple-ema-high-close-low-mtf-dashboard,moving_averages,OK,5,4,0.4,5.736428388671875,17.523149061209747,-12.944725226562484,26.3199235,-0.06838343607300196,1.9065703068444262,23.333333333333332,0.2886821419433594,0,19.84792322656249,6,-12.944725226562484,5,26.3199235,5,0,0,-10.277407945312502,6
triple-ema-rsi-macd-confirm-sbfaisal,moving_averages,OK,5,2,0.2,6.993643562499995,10.1601605546875,-3.1665169921875056,17.153804117187494,0.45364245471759135,1.037075166114878,25.0,0.16496821781249996,0,17.153804117187494,2,0,0,0,0,0,0,-3.1665169921875056,2
triple-mtf-ma-painter-directional-toggles,moving_averages,OK,5,3,0.4,11.144196230468745,9.882019959313542,-2.830341773437496,18.256738523437495,0.781914689639458,0.8615632190776288,33.333333333333336,0.3203301763829365,0,18.006191941406243,2,-2.830341773437496,1,0,0,0,0,18.256738523437495,1
troutcapital-rolling-vwaps,moving_averages,OK,5,2,0.0,-6.061400078125,0.4924530468749948,-6.5538531249999945,-5.568947031250005,-1.0102452316980373,0.1586818823780602,0.0,0.06,0,24.743367882812496,0,-6.5538531249999945,1,0,0,0,0,-5.568947031250005,3
ultimate-master-vwap-sr,moving_averages,OK,5,3,0.2,-9.996874527343762,19.287414306723573,-34.96291367578125,12.000828062499975,-2.37358501471622,3.3210800694223237,39.038634321653184,0.15999999999999998,0,-34.96291367578125,22,-7.028537968750009,7,34.88007985937499,0,0,0,12.000828062499975,53
ultimate-mtf-trend-dashboard-identityka,moving_averages,OK,5,3,0.0,-15.914201825520832,11.100331691564739,-24.063673390625002,-0.21984339843748604,-3.177936413491693,2.409429752977556,5.5555555555555545,0.09,0,-24.063673390625002,6,-23.459088687500014,4,0,0,0,0,-0.21984339843748604,1
volume-candles-3,moving_averages,OK,5,1,0.2,0.37311947656251143,0,0.37311947656251143,0.37311947656251143,0.028665723278981228,0,50.0,0.35186559738281253,0,21.134012132812497,0,0,0,0,0,0,0,0.37311947656251143,4
volume-ema-ma2-pause,moving_averages,OK,5,4,0.6,3.8927956875000045,15.973045255214897,-22.252692031250003,19.499429695312514,-0.14281059147848557,1.628006310112423,53.75,0.3494639784375,0,-22.252692031250003,4,19.499429695312514,2,4.8110487343749995,5,0,0,13.513396351562507,2
vw-macd-garch-filter-pointalgo,moving_averages,OK,5,2,0.2,4.6653355039062525,7.854133027343742,-3.18879752343749,12.519468531249995,0.4490035088220333,0.8158073201021905,58.33333333333333,0.19937484749398363,0,12.519468531249995,3,-3.18879752343749,2,0,0,0,0,0,0
vwap-archi,moving_averages,OK,5,5,0.0,-13.229735935156231,7.544757743867587,-25.893731769531136,-5.961625070312497,-2.1228221826249722,1.2942837954592004,45.168036422780254,0.15,0,-25.893731769531136,112,-17.45727130468747,17,-10.320321250000081,31,-5.961625070312497,11,-6.51573028124997,68
white-core-trend-wjdtks255,moving_averages,OK,5,3,0.0,-11.440991984375001,9.892098985661402,-25.20620960156253,-2.3974756171874905,-2.031591216814966,1.9705881258668025,16.666666666666668,0.09,0,-25.20620960156253,3,-6.719290734374983,2,0,0,0,0,-2.3974756171874905,1
20-ema-12-points-distance-alert-line,oscillators,OK,5,4,0.4,4.9870883847656255,16.569287721642365,-12.793260234374989,26.3199235,-0.17730005662294396,1.8518788890427489,23.392857142857142,0.28493544192382814,0,15.872291562499989,7,-12.793260234374989,4,26.3199235,5,0,0,-9.450601289062499,6
adaptive-bounds-rsi-luxalgo,oscillators,OK,5,1,0.2,6.0209698125,0,6.0209698125,6.0209698125,1.0498995128986204,0,100.0,0.38010484906249997,0,0,0,0,0,0,0,0,0,6.0209698125,1
adr-ratio-table-adr-1-adr-2,oscillators,OK,5,5,0.2,-0.7711584281249984,17.622835492617387,-23.448904664062518,30.600883179687504,-1.1497369040197065,1.8405947840382257,37.57575757575757,0.21999999999999997,0,30.600883179687504,11,-2.981085437499976,6,-0.24311774218750362,1,-7.7835674765625,2,-23.448904664062518,6
advanced-supertrend-and-volume-oscillator-indicator,oscillators,OK,5,3,0.4,-7.089923756510433,20.208357126152123,-35.55942683203126,9.308642140624986,-2.0222373900998245,3.63776880758361,51.697530864197525,0.22999999999999998,0,-35.55942683203126,27,4.981013421874973,27,24.846986476562495,0,0,0,9.308642140624986,72
aethix-3-market-cipher-g-ultimate,oscillators,OK,5,3,0.2,0.5121753867187557,12.312153778497425,-13.833658156249992,16.230938574218758,-0.2826999432551771,1.8800628918683189,29.523809523809522,0.16256087693359378,0,16.230938574218758,5,-0.8607542578124994,5,0,0,4.399802789062495,0,-13.833658156249992,7
afg-elite-clean-engine-rev3,oscillators,OK,5,4,0.6,0.31463798828125,17.99787452542656,-30.203372421875002,16.480321023437515,-0.6539017427969365,2.867513840716653,75.0,0.3315731899414063,0,-30.203372421875002,2,7.388254601562498,5,0,0,7.59334874999999,4,16.480321023437515,8
ag-pro-ichimoku-cloud-equilibrium-map-agpro-series,oscillators,OK,5,3,0.2,-3.96188571744791,2.9843912094570424,-7.060386492187478,0.06916966796874476,-1.4122642227921904,1.305229303814039,24.025974025974026,0.15999999999999998,0,0.06916966796874476,14,-7.060386492187478,11,0,0,0.6770916093749983,0,-4.894440328124998,4
all-day-futures-trend-pullback-ema-rsi-v5,oscillators,OK,5,1,0.2,0.3365343281250098,0,0.3365343281250098,0.3365343281250098,0.16466353962071825,0,50.0,0.35168267164062506,0,0,0,0,0,0,0,0,0,0.3365343281250098,2
anti-average-oscillator-sma,oscillators,OK,5,2,0.2,8.088294273437505,15.303467398437506,-7.2151731250000015,23.39176167187501,-0.411078084374228,2.4108277884426736,25.0,0.1704414713671875,0,23.39176167187501,2,0,0,0,0,0,0,-7.2151731250000015,3
ao-31-williams-fraktal-alligator-sinyali,oscillators,OK,5,5,0.4,-1.0084735749999962,7.962917266536803,-13.504382929687505,11.236777523437501,-0.39457404723835754,1.4601136928004785,31.111111111111107,0.29,0,1.7479144218750298,9,-13.504382929687505,6,-1.9378292890625017,1,11.236777523437501,1,-2.5848476015625055,9
asymmetric-volatility-bands-jv,oscillators,OK,5,1,0.0,-13.658904546874984,0,-13.658904546874984,-13.658904546874984,-2.127013255802287,0,33.33333333333333,0.03,0,-13.658904546874984,3,-0.6231353125000023,0,0,0,0,0,-22.632532359375006,0
average-directional-index-adx-trend-thresholds-and-color,oscillators,OK,5,3,0.2,-0.08081049479166265,11.574504086840602,-14.075362624999993,14.269566976562507,0.03470473125908491,1.146230116607418,83.33333333333333,0.15999999999999998,0,14.269566976562507,3,-0.43663583593750077,2,0,0,-8.509022828125001,0,-14.075362624999993,2
average-sentiment-oscillator-aso-lead,oscillators,OK,5,4,0.4,-1.3079532910156226,18.471510896192065,-28.36689069531248,21.74172660156249,-1.3917926420695856,2.5735637031045657,37.5,0.26,0,-28.36689069531248,2,-6.132524695312503,2,7.525875625,2,0,0,21.74172660156249,2
axis-roc-momentum-macro-ready,oscillators,OK,5,4,0.4,7.305307164062494,17.0773122899911,-11.386087304687505,26.790233437500007,-0.45920591609647254,2.444677769797817,34.72222222222222,0.29652653582031246,0,21.69354979687497,6,-7.87646727343749,3,26.790233437500007,3,0,0,-11.386087304687505,9
ben-bot-entry-alerts,oscillators,OK,5,1,0.0,-9.928448757812497,0,-9.928448757812497,-9.928448757812497,-2.1983942445304567,0,0.0,0.03,0,21.134012132812497,0,0,0,30.758603124999993,0,0,0,-9.928448757812497,1
blackcat-l3-enhanced-kdj-band-indicator,oscillators,OK,5,3,0.2,-1.4770515507812334,19.847893674567786,-19.29279660546867,26.215329117187487,-0.960286160887983,1.9072793261007812,65.27777777777777,0.15999999999999998,0,-19.29279660546867,24,26.215329117187487,1,0,0,-4.367049054687493,0,-11.353687164062517,2
bullish-bearish-candle-power,oscillators,OK,5,5,0.2,-2.236138888281249,11.750209476970646,-11.97309982812502,20.86692201171878,-0.7853448713241032,1.3266170129020833,36.78403078403078,0.21999999999999997,0,20.86692201171878,22,-11.97309982812502,21,-5.490858695312506,10,-7.112835742187497,3,-7.470822187500002,27
chandelier-exit-v6,oscillators,OK,5,4,0.4,3.8470211279296938,14.27550516889646,-12.245848359374998,19.799379078125014,-0.36227122705535336,1.8290173198697,12.5,0.2792351056396485,0,16.199217847656257,2,-8.364664054687498,1,19.799379078125014,2,0,0,-12.245848359374998,2
cmf-divergence-indicator,oscillators,OK,5,2,0.4,27.705331667968743,7.331382371093731,20.37394929687501,35.036714039062474,1.648565381062216,0.4734089016677282,45.0,0.47017443292291167,0,20.37394929687501,5,0,0,35.036714039062474,4,0,0,-21.426757476562504,0
correlated-sine-oscillator-luxalgo,oscillators,OK,5,3,0.2,-1.1099082968750007,17.11380025679328,-16.913594398437503,22.666627445312493,-1.3976501555369172,3.283425396109327,33.33333333333333,0.15999999999999998,0,22.666627445312493,3,-9.082757937499991,3,0,0,3.8524434765625046,0,-16.913594398437503,3
crypto-fear-greed-index,oscillators,OK,5,4,0.2,-1.5256681601562556,4.383608844434512,-5.951536351562492,5.73514653906251,-0.13093222083323658,1.293556549741262,40.476190476190474,0.19,0,-2.42453471875003,7,-3.4617481093750104,3,0,0,5.73514653906251,2,-5.951536351562492,4
david-3-rule-strategy-with-dashboard,oscillators,OK,5,4,0.2,-9.626064986328117,19.29521603618163,-40.641642031249994,11.623547953124973,-2.080127561035625,3.4266868155169767,47.76334776334777,0.19,0,-40.641642031249994,36,-8.486233382812483,16,-0.9999324843749636,11,0,0,11.623547953124973,56
demand-index-to-match-tos,oscillators,OK,5,4,0.4,6.497439219726559,16.528044279904123,-9.79487831250002,26.850792156249998,-0.11645945493860715,1.95261841087866,34.92424242424242,0.2924871960986328,0,18.692961027343742,9,-9.759117992187488,5,26.850792156249998,6,0.6770916093749983,0,-9.79487831250002,11
directional-movement-index-dmi-tr,oscillators,OK,5,5,0.4,-3.980091369531247,12.746537310743907,-18.831973722656215,12.68402694531248,-1.4089187371863288,1.7626629505231428,40.90909090909091,0.29,0,-18.831973722656215,8,9.398560734374971,11,-8.434679929687482,2,-14.716390874999997,1,12.68402694531248,8
double-money-flow-index-dmfi-tr,oscillators,OK,5,4,0.6,7.316602926757804,9.829600275202603,-5.923494046875014,20.032195269531236,0.6199655054748134,1.0939243928233806,19.791666666666664,0.366583014633789,0,20.032195269531236,6,2.6109503906249882,4,12.54676009375001,8,0,0,-5.923494046875014,4
drawdown,oscillators,OK,5,3,0.0,-18.127553266927105,12.315833090629768,-35.16264194921875,-6.4677275468750155,-2.8232663120783115,2.719621480497832,37.940884252359666,0.09,0,-35.16264194921875,11,-12.752290304687545,8,39.0703049609375,0,0,0,-6.4677275468750155,61
dual-macd-combo,oscillators,OK,5,4,0.4,-6.95034158203126,17.120411883068122,-35.071241007812525,9.221817648437487,-2.1586980041805597,3.103988983875353,42.69293924466338,0.26,0,-35.071241007812525,21,-5.911764093750011,2,3.959821125000002,3,0,0,9.221817648437487,58
ehlers-super-smoother-trend-score-backquant,oscillators,OK,5,2,0.2,-2.181237464843754,6.757034777343753,-8.938272242187507,4.575797312499999,-1.1795727265538694,1.8828455639559198,50.0,0.13,0,22.0045849609375,0,0,0,4.575797312499999,1,0,0,-8.938272242187507,1
ema-cross-oscillator-amplify,oscillators,OK,5,3,0.4,7.572762046874999,15.480453437493383,-14.319816140624999,18.57311752343751,-0.005301698535335279,2.214502996653411,33.333333333333336,0.267863810234375,0,18.57311752343751,1,0,0,18.464984757812488,1,0,0,-14.319816140624999,2
ema-distance-analyzer,oscillators,OK,5,2,0.2,10.172851873046884,11.864720708984379,-1.6918688359374938,22.037572582031263,0.5249732764196811,1.3836135079344885,16.666666666666664,0.18086425936523443,0,22.037572582031263,3,0,0,0,0,0,0,-1.6918688359374938,1
etu-dema-openclose-crossover,oscillators,OK,5,4,0.2,-9.333068773437468,11.114788049873843,-24.17800194531247,6.382645273437548,-1.379382660723519,1.4491184640193415,33.563311688311686,0.19,0,-24.17800194531247,16,-6.133956835937482,11,-13.402961585937462,7,4.399802789062495,0,6.382645273437548,16
extended-sentiment-pressure-oscillator-esp,oscillators,OK,5,4,0.4,-2.4256181435546678,10.960327112583714,-18.88958712499999,9.69028407421877,-0.7123380022325444,1.8614634872385196,27.93706293706294,0.26,0,9.69028407421877,10,-5.409339999999982,10,4.906170476562533,11,2.9271441015625026,0,-18.88958712499999,13
gcm-smi-cloud-oscillator,oscillators,OK,5,4,0.4,-8.840873932617178,22.841912843050036,-39.727230441406235,19.418326156250014,-2.7560447373915298,4.103093809693291,37.5,0.26,0,-39.727230441406235,5,-20.392200421874993,2,5.337608976562493,2,3.8524434765625046,0,19.418326156250014,10
goldilocks-pivot-fractals-v30,oscillators,OK,5,4,0.2,-11.144976254882783,14.283123579037708,-33.21626740234373,6.3800565234375535,-2.0215692604373867,2.476517240517395,33.260489510489506,0.19,0,-33.21626740234373,13,-6.481493820312491,11,-11.262200320312463,4,4.399802789062495,0,6.3800565234375535,16
goldspread-algo,oscillators,OK,5,5,0.0,-1.3091349556687344,0.6341004865959295,-2.455714599249899,-0.5085692568124941,-4.874326353794619,1.446360456714511,0.0,0.15,0,-2.455714599249899,16,-0.5085692568124941,3,-1.0942949375000026,6,-1.2508721078750096,7,-1.2362238769062677,8
hybrid-volume-spread-analysis,oscillators,OK,5,3,0.4,13.453236371093752,14.081167278599025,-4.957797335937503,29.230989242187498,0.8671481987930726,1.2926180654965238,50.0,0.2972661818554687,0,16.086517207031253,2,0,0,29.230989242187498,1,0,0,-4.957797335937503,2
ichimoku-equilibrium-distance-kijuntenkan,oscillators,OK,5,4,0.4,5.945228404296882,16.404227243022046,-14.261523421874998,27.73353249218753,0.04973626903993311,1.7693878996881203,27.916666666666664,0.2897261420214844,0,14.954988421874994,5,-14.261523421874998,3,27.73353249218753,3,0,0,-4.646083874999997,4
inertial-stochastic-luxalgo,oscillators,OK,5,4,0.0,-11.884104460937484,8.091011095308907,-20.926312015624966,-0.6758467734375009,-1.3835781055177307,0.8942317912639218,42.38095238095238,0.12,0,-20.926312015624966,10,-0.6758467734375009,5,-7.86196558593749,3,-1.7537352265624941,0,-18.07229346874998,14
interference-z-score-g2,oscillators,OK,5,3,0.4,0.5663132500000015,5.5548878287712515,-5.982719554687516,7.598195109374996,-0.024826371799950397,0.9592265535023425,49.047619047619044,0.23283156624999998,0,7.598195109374996,6,0.08346419531252468,7,0,0,0,0,-5.982719554687516,5
isotonic-regression-oscillator-luxalgo,oscillators,OK,5,3,0.2,-4.85664114973959,10.160063754249833,-16.378603773437515,8.338963636718749,-0.4321530017237996,1.104395122358396,66.66666666666667,0.15999999999999998,0,8.338963636718749,4,-6.530283312500003,2,0,0,0,0,-16.378603773437515,1
kagemusha-real-time-momentum-projector,oscillators,OK,5,4,0.4,1.4590864599609592,9.045461719513886,-9.858301609374962,13.849058175781275,-0.03149229662169789,1.0260972414809002,30.790441176470587,0.2672954322998048,0,13.849058175781275,15,-3.8265011640625013,17,5.6720904375000245,12,4.399802789062495,0,-9.858301609374962,16
kpt-ahab-heatmap-fusion,oscillators,OK,5,5,0.2,-8.311093153906246,12.185638694115548,-26.018456253906173,10.890081578124954,-1.4108234599623626,1.5626667939194232,45.656641604010034,0.21999999999999997,0,-26.018456253906173,76,-14.396915140624971,20,-8.528315390625037,15,-3.5018605625000054,7,10.890081578124954,60
lunar-cycle-oscillator-pyratime,oscillators,OK,5,4,0.2,-4.153858334960948,15.786873960410924,-18.977624027343772,22.10330792968752,-0.9577935205865361,1.3849452906841526,43.75,0.19,0,-18.977624027343772,4,-6.527100539062522,2,-13.214016703125017,2,0,0,22.10330792968752,4
mean-reversion-probability,oscillators,OK,5,1,0.0,-5.9793774218749896,0,-5.9793774218749896,-5.9793774218749896,-0.5821995782464281,0,0.0,0.03,0,0,0,-4.560334203125007,0,0,0,-3.229514218750002,0,-5.9793774218749896,1
mizan-psi-enhanced,oscillators,OK,5,5,0.6,3.0296479757812493,15.449073870584844,-20.00597862499999,22.707728937499997,0.07828104737038614,1.7218150806065133,43.24009324009323,0.3751482398789062,0,17.22897766796875,13,-5.139820921875012,14,22.707728937499997,11,0.35733282031249836,1,-20.00597862499999,12
momentum-cycle-sentry-luxalgo,oscillators,OK,5,4,0.0,-14.050045547851578,8.684372625526013,-26.15849757421877,-2.6656486328125464,-3.031444976259936,1.645879036322094,46.666666666666664,0.12,0,-26.15849757421877,20,-17.237108023437482,12,0,0,-10.138927960937508,7,-2.6656486328125464,42
momentum-surge-screener-version-by-tomert,oscillators,OK,5,1,0.0,-24.474334460937506,0,-24.474334460937506,-24.474334460937506,-5.1651067808008975,0,40.74074074074074,0.03,0,-24.474334460937506,27,0,0,0,0,0,0,0,0
money-flow-index-mfi-tr,oscillators,OK,5,4,0.4,-0.31211539062499316,24.765886984780643,-25.763823999999964,29.946105335937506,-1.5406041545152473,2.913075131856865,60.0,0.26,0,-25.763823999999964,6,18.24287228124999,5,-23.673615179687506,3,0,0,29.946105335937506,2
mtf-double-stochastics,oscillators,OK,5,4,0.4,0.044164555664066185,23.969776002439957,-32.805580921875006,30.084709222656254,-0.7196649485960054,2.7710972690590046,58.33333333333333,0.2602208227783203,0,30.084709222656254,4,-11.055529101562497,4,13.953059023437511,4,-0.26543591406250194,0,-32.805580921875006,3
mtf-rsi-macd-divergence,oscillators,OK,5,2,0.0,-7.615346691406245,4.726997089843746,-12.34234378124999,-2.8883496015624988,-1.2501630416103073,0.04533740054125468,0.0,0.06,0,-2.8883496015624988,1,-0.6231353125000023,0,0,0,-4.367049054687493,0,-12.34234378124999,1
mtf-rsi-oscillator,oscillators,OK,5,3,0.2,3.877179221354163,11.83949203782024,-5.182124843750004,20.601383929687493,-0.3285435040256592,1.7009085242744144,33.333333333333336,0.1793858961067708,0,20.601383929687493,1,-3.787721421875002,1,0,0,0,0,-5.182124843750004,3
multi-index-vwap-dashboard,oscillators,OK,5,3,0.4,-2.3863045117187567,22.627449220787142,-32.997527605468754,20.995008421874985,-1.5153138815277265,3.3969598119533737,44.444444444444436,0.22999999999999998,0,-32.997527605468754,3,0,0,4.8436056484375,2,0,0,20.995008421874985,2
multi-timeframe-rsi-regime-oscillator,oscillators,OK,5,4,0.2,-10.648442165039057,19.446888050242066,-32.97046310546875,19.473677906250014,-2.332878344047705,2.2423884385999946,20.833333333333332,0.19,0,-32.97046310546875,9,-8.356145257812504,2,-20.74083820312499,2,0,0,19.473677906250014,6
nc-signal-stoch-ema,oscillators,OK,5,2,0.2,1.0223231191406228,5.181161197265625,-4.158838078125002,6.203484316406247,0.2455127171447924,1.7960816209337331,50.0,0.13511161559570312,0,6.203484316406247,1,0,0,0,0,0,0,-4.158838078125002,1
nico-mega-cap-dashboard-rsi,oscillators,OK,5,1,0.2,14.363854343750004,0,14.363854343750004,14.363854343750004,1.7271527642511872,0,100.0,0.42181927171875,0,0,0,-1.955098757812506,0,14.363854343750004,1,-4.367049054687493,0,-3.7053741093749997,0
ovi-v6-screener-final,oscillators,OK,5,4,0.0,-12.345867753906244,8.181939476994005,-24.229303039062465,-2.2467809218749752,-2.1671327504820583,1.5790485318193503,29.809989890635052,0.12,0,-24.229303039062465,62,-8.064224859375011,2,-2.2467809218749752,13,0,0,-14.843162195312528,54
peak-and-bottom,oscillators,OK,5,4,0.6,-3.125825185546877,9.17572876341511,-18.99130817968749,2.8243254687499864,-0.2148412701460945,1.0220506248925332,100.0,0.32999999999999996,0,1.3312202656250012,1,2.8243254687499864,1,2.3324617031249946,1,4.399802789062495,0,-18.99130817968749,1
phase-regression-oscillator-luxalgo,oscillators,OK,5,3,0.2,-2.4752032434895868,16.901407066630497,-22.183586312500005,19.09099362109376,-0.22269018516764216,2.067008684665569,50.0,0.15999999999999998,0,19.09099362109376,3,-4.333017039062514,2,0,0,0,0,-22.183586312500005,2
push-pull-oscillator,oscillators,OK,5,4,0.4,-2.0576656679687546,7.420577607265547,-11.163282996093752,5.615848632812486,-0.28685540180180913,1.5102077247029164,25.568181818181817,0.26,0,-11.163282996093752,11,5.615848632812486,12,0,0,4.880899000000005,1,-7.564127308593757,6
quantum-algo-lite,oscillators,OK,5,4,0.2,-3.902676495117178,18.450424639602016,-23.4326551054687,26.295260710937452,-1.7924154681120432,2.2912397430952165,18.57142857142857,0.19,0,-23.4326551054687,7,-6.845575367187484,2,-11.627736218749982,2,4.399802789062495,0,26.295260710937452,10
rate-of-change-with-10-cordinate-line-as-oversold-level,oscillators,OK,5,3,0.2,-10.509902735677093,11.190502029081271,-19.691182285156263,5.244028796875005,-1.3439158094146073,1.3336457971574698,56.666666666666664,0.15999999999999998,0,-19.691182285156263,6,5.244028796875005,1,0,0,-8.509022828125001,0,-17.08255471875002,5
rescaled-rsi-adaptiversi,oscillators,OK,5,5,0.8,11.937157089062492,10.9497128621301,-1.4267268359375302,29.263235304687505,0.8872500987821212,0.6188231398767953,67.83333333333333,0.5849800004761136,0,29.263235304687505,3,11.193843312500002,1,-1.4267268359375302,8,2.746108570312499,1,17.909325093749985,5
roc-18-manual-scale-fix-to-be-used-with-double-ema,oscillators,OK,5,3,0.2,-13.490745917968715,13.485089839587719,-25.944819890624977,5.244028796875005,-2.210209528965291,1.9533470657134369,51.53256704980842,0.15999999999999998,0,-19.771446660156172,58,5.244028796875005,1,0,0,-8.509022828125001,0,-25.944819890624977,12
rs-line-johnmuchow-modification-with-slope-color-and-pine-screen,oscillators,OK,5,3,0.2,6.557149003906243,9.421043308127697,-0.1137478281250078,19.88051197265624,-0.015659364024115312,1.4667382464298724,16.666666666666668,0.19278574501953122,0,19.88051197265624,1,-0.1137478281250078,2,0,0,0,0,-0.09531713281250268,1
rsi-60-40-bull-bear-zone-fill,oscillators,OK,5,4,0.2,-3.5864896357421907,19.32132390040237,-24.05875061328126,26.856415499999986,-1.019783507890462,1.9313478985010395,33.33333333333333,0.19,0,-24.05875061328126,6,-15.559780445312498,2,-1.5838429843749908,2,0.6770916093749983,0,26.856415499999986,4
rsi-background-color-indicator,oscillators,OK,5,4,0.6,10.616897327148443,9.493660410157222,-3.440453164062506,21.02055026953129,0.5986601963223764,0.5376098151781409,79.16666666666666,0.498682032841207,0,21.02055026953129,4,17.342649124999994,2,7.544843078124992,2,-8.509022828125001,0,-3.440453164062506,3
rsi-bull-bear-control-zones-open-script,oscillators,OK,5,4,0.2,-4.084538624023435,18.15706539568403,-24.186441707031232,25.073498531249978,-1.1927462844118302,1.854876978555132,38.214285714285715,0.19,0,-24.186441707031232,7,-5.189765125000005,4,-12.035446195312485,2,0.6770916093749983,0,25.073498531249978,5
rsi-candlestick-clean,oscillators,OK,5,1,0.0,-9.842993675781255,0,-9.842993675781255,-9.842993675781255,-1.0927019304685621,0,100.0,0.03,0,-9.842993675781255,1,0,0,0,0,-1.7537352265624941,0,-24.51746228125,0
rsi-compact-display,oscillators,OK,5,4,0.4,1.0829351171874944,12.369414859927872,-15.544065390624995,18.768994835937498,-0.38027085190526566,1.7493862748357292,31.25,0.26541467558593745,0,-15.544065390624995,1,0.006259078125003725,0,3.884699437499978,4,-2.7778884140625015,1,18.768994835937498,1
rsi-cross-fisher-wr66,oscillators,OK,5,3,0.4,7.000720033854168,15.94857168743817,-14.140248718749993,24.377817992187513,0.46521034137239353,1.2722227887988624,100.0,0.2650036001692708,0,10.764590828124987,1,-9.013173218750001,0,24.377817992187513,2,0,0,-14.140248718749993,1
rsi-display,oscillators,OK,5,2,0.4,3.910641636718749,3.593907128906256,0.3167345078124926,7.504548765625005,0.40665269040362734,0.3726055282656187,100.0,0.37640182611718903,0,0,0,-10.261779953125005,0,7.504548765625005,1,-4.367049054687493,0,0.3167345078124926,1
rsi-dss-bressert-crlmx,oscillators,OK,5,4,0.4,-2.4455977060546825,16.683242272431112,-22.21326609374999,17.763821484375004,-0.28662903390499866,1.9930856555090382,50.0,0.26,0,9.864356503906253,3,-15.197302718749997,1,17.763821484375004,2,2.9271441015625026,0,-22.21326609374999,3
rsi-histogram,oscillators,OK,5,3,0.4,7.115859748697922,13.06577254255171,-9.757383687499983,22.074893609374993,0.6083371625295491,1.063999345951757,83.33333333333333,0.2655792987434896,0,9.030069324218754,1,0.006259078125003725,0,22.074893609374993,2,4.670072789062499,0,-9.757383687499983,2
rsi-mean-reversion,oscillators,OK,5,4,0.6,7.0671437636718615,11.526818564800092,-5.3398901328125215,25.452929906250006,0.5731008426731472,0.8017381168463009,65.21464646464646,0.414901189606784,0,25.452929906250006,11,-5.3398901328125215,9,0.7894684218749899,3,4.399802789062495,0,7.366066859374973,8
rsi-momentum-structure,oscillators,OK,5,2,0.4,7.26373746484377,0.08284619921877967,7.1808912656249895,7.346583664062549,0.7060131513676222,0.20211249030017586,46.54761904761905,0.4357905647491748,0,0,0,0,0,7.346583664062549,12,0,0,7.1808912656249895,35
rsi-mtf,oscillators,OK,5,5,0.2,-3.256135386718751,15.757138624934983,-22.968607183593747,25.013217328124988,-0.7768381845276451,1.4512960423876557,19.999999999999996,0.21999999999999997,0,-22.968607183593747,2,-10.433852468750016,1,-3.1619533046875,6,-4.729481304687477,2,25.013217328124988,3
rsi-multi-stock-table-prepost-mkt-howlytr,oscillators,OK,5,3,0.4,-0.24454963671874888,3.874089195848515,-5.550784472656247,3.589988343749996,-0.04711532185987243,0.37947749737621483,66.66666666666667,0.22999999999999998,0,-5.550784472656247,2,-0.6231353125000023,0,3.589988343749996,2,-4.367049054687493,0,1.227147218750004,2
rsi-screener,oscillators,OK,5,3,0.2,-0.4315568932291651,11.469600870243994,-13.10207010156251,14.674172187500007,-0.1816644499879421,0.9735316451554386,100.0,0.15999999999999998,0,-22.22368948828125,0,14.674172187500007,1,-13.10207010156251,1,-4.367049054687493,0,-2.8667727656249915,1
rsi-sma-cross-clr-fill-mtf,oscillators,OK,5,4,0.4,-5.525882645507815,12.162830812031737,-20.147297039062497,10.887326003906274,-0.8130306255000574,1.3441139814160488,34.166666666666664,0.26,0,10.887326003906274,10,-20.147297039062497,12,0.8909957968750095,6,4.399802789062495,0,-13.73455534375005,15
rsi-stochastic-momentum-indicator-crlmx,oscillators,OK,5,5,0.4,2.141726257812488,10.473900333385396,-7.396808562499994,21.864822382812477,-0.07817237757036914,0.8735640528627023,39.44444444444444,0.30070863128906244,0,-4.990094570312518,12,-7.396808562499994,2,3.1654827968749744,3,-1.9347707578124973,1,21.864822382812477,9
rsi-strategy-with-take-profit-and-stop-loss,oscillators,OK,5,2,0.4,1.8618298437499905,0.6032462421874952,1.2585836015624954,2.465076085937486,1.3089544867965404,0.22731176506992312,80.0,0.4024812079512692,0,0,0,0,0,0,0,1.2585836015624954,1,2.465076085937486,5
rsi-suite-foundation,oscillators,OK,5,4,0.4,5.616734330078133,15.033740272432128,-9.267553632812472,27.019982078125004,0.06320393680861319,1.5096840549957677,20.625,0.2880836716503906,0,12.436042203125005,8,-9.267553632812472,5,27.019982078125004,4,0,0,-7.721533328125006,4
rsi-trending-system,oscillators,OK,5,4,0.2,-11.303121180664071,18.52000718047434,-41.92837862890627,7.837602257812483,-2.664306548071407,3.9585929260361405,33.085317460317455,0.19,0,-41.92837862890627,7,-6.4940518046875075,3,-4.627656546874991,3,0,0,7.837602257812483,72
rsi-value-only,oscillators,OK,5,2,0.4,3.910641636718749,3.593907128906256,0.3167345078124926,7.504548765625005,0.40665269040362734,0.3726055282656187,100.0,0.37640182611718903,0,0,0,-10.261779953125005,0,7.504548765625005,1,-4.367049054687493,0,0.3167345078124926,1
rsi-x-price-action-aohige,oscillators,OK,5,4,0.4,-0.4996425576171859,10.692911501549974,-14.263092499999999,12.05648566796875,0.25720179436871865,1.422048212470472,100.0,0.26,0,12.05648566796875,3,-7.2965121640625,1,7.504548765625005,1,-1.7537352265624941,0,-14.263092499999999,1
s21-rsi-14-15m-only,oscillators,OK,5,2,0.4,3.910641636718749,3.593907128906256,0.3167345078124926,7.504548765625005,0.40665269040362734,0.3726055282656187,100.0,0.37640182611718903,0,0,0,-10.261779953125005,0,7.504548765625005,1,-4.367049054687493,0,0.3167345078124926,1
satoshisignals-momentum-divergence-scanner,oscillators,OK,5,2,0.4,7.4314564414062625,5.863959269531246,1.5674971718750166,13.295415710937508,0.5427778694334461,0.3127961312159498,66.66666666666666,0.40895824940304387,0,0,0,13.295415710937508,1,1.5674971718750166,3,-4.367049054687493,0,-3.7053741093749997,0
simple-volume-zone-oscillator-svzo-tr,oscillators,OK,5,4,0.6,8.953470416015628,10.068823880285327,-4.273856062499996,23.959130632812506,0.8197962158810574,0.9765353309204875,39.58333333333333,0.38063351934995626,0,9.444813882812507,4,6.683793210937496,1,23.959130632812506,3,0,0,-4.273856062499996,1
sma-9-plus-variable,oscillators,OK,5,4,0.4,-3.2625562734375038,19.908318271537052,-29.991057187500015,24.641516843750026,-1.1579037692617145,2.4842998823998834,37.5,0.26,0,-29.991057187500015,4,-10.618780265624999,2,2.918095515624969,4,0,0,24.641516843750026,4
solana-usd-swing-trending-strategy,oscillators,OK,5,5,0.4,-1.2591369054687238,8.819228827777604,-14.963248992187467,12.327857203125022,-0.5494369100086101,1.6461660301979695,35.537305831423474,0.29,0,-4.405005199218707,22,-14.963248992187467,12,12.327857203125022,7,-0.4228989374999947,1,1.167611398437526,17
squeeze-momentum-by-lincoln,oscillators,OK,5,3,0.6,10.739623316406252,8.027712554116103,0.41710048437499797,19.9936093828125,0.7628830592080389,0.5162637161144072,16.666666666666668,0.4746321875534294,0,11.808160082031259,2,0,0,0.41710048437499797,2,0,0,19.9936093828125,1
start-grid-alert-by-deepsage,oscillators,OK,5,3,0.4,4.894532701822919,8.79823272574276,-7.533124851562491,11.635945070312504,0.5519723344325045,1.718407216602673,22.222222222222218,0.25447266350911457,0,10.580777886718744,2,0,0,11.635945070312504,3,0,0,-7.533124851562491,3
stochastic-momentum-index-smi-tr,oscillators,OK,5,1,0.0,-24.532483999999997,0,-24.532483999999997,-24.532483999999997,-5.339157898769272,0,35.294117647058826,0.03,0,-24.532483999999997,17,0,0,0,0,0,0,0,0
super-stochasticbeyramazan,oscillators,OK,5,5,0.4,2.2202514921875,10.482259321798882,-6.642356332031239,22.675925406249966,-0.03226592099796162,0.9969488252740014,41.5,0.3011012574609375,0,0.2483634882812912,24,-3.647814156250024,12,22.675925406249966,20,-1.5328609453124955,2,-6.642356332031239,15
super-volumesv,oscillators,OK,5,5,0.2,-9.306817856249998,12.468540017597617,-28.215391476562452,8.935462328124967,-1.9242050741938388,1.856741878222213,44.404761904761905,0.21999999999999997,0,-28.215391476562452,72,-15.948241312500002,15,-8.498801953125003,10,-2.8071168671875055,8,8.935462328124967,63
swing-level-z-score-oscillator,oscillators,OK,5,2,0.2,-1.8420608066406277,9.043466333984368,-10.885527140624996,7.2014055273437405,0.15305879955453283,1.2435081684383542,78.57142857142857,0.13,0,7.2014055273437405,7,-7.361358992187496,0,0,0,0,0,-10.885527140624996,1
trend-indicatorbeyramazan,oscillators,OK,5,4,0.4,7.957933368164056,16.85235966421782,-14.280479046875,30.601486984374993,0.15244913996001958,1.9740303954534295,33.80952380952381,0.29978966684082026,0,15.775603667968724,5,-14.280479046875,3,30.601486984374993,3,0,0,-0.2648781328124896,7
ttp-universal-divergence-detector,oscillators,OK,5,1,0.0,-6.046056796874996,0,-6.046056796874996,-6.046056796874996,-0.7156958016012904,0,0.0,0.03,0,29.84991464062499,0,-6.046056796874996,1,0,0,0,0,-0.6365348984375013,0
typical-price-bias,oscillators,OK,5,4,0.4,5.771753507812504,16.375533130637375,-15.421090773437507,23.959565242187512,0.13007981903026689,1.7321678859210994,26.875,0.2888587675390625,0,23.959565242187512,5,-15.421090773437507,5,19.2781043046875,6,0.6770916093749983,0,-4.729564742187489,8
vas-strike-set-up-ema-2050,oscillators,OK,5,1,0.0,-9.28063718749999,0,-9.28063718749999,-9.28063718749999,-2.5379487716719527,0,0.0,0.03,0,23.860263003906248,0,-9.28063718749999,1,0,0,0,0,17.55918727343751,0
viprasol-sniper-confluence-entryexit,oscillators,OK,5,3,0.2,4.805430535156245,16.701581974800774,-7.761441007812507,28.408495789062492,-0.2715393659119763,1.8984271776910728,44.444444444444436,0.1840271526757812,0,-6.230763175781249,6,-7.761441007812507,1,0,0,0,0,28.408495789062492,1
volume-conviction-index-v10,oscillators,OK,5,4,0.4,1.1877392207031223,10.056477314548934,-8.918924476562506,17.313980117187487,-0.35335191289260337,1.7564451998167867,54.58333333333333,0.2659386961035156,0,17.313980117187487,6,-5.301488453125,5,0,0,-8.918924476562506,4,1.6573896953125076,6
volume-shift-money-flow-vsmf,oscillators,OK,5,4,0.4,7.408178036132822,15.65796909465581,-8.960056437499995,26.422881390625015,0.09423464827523914,1.7706016046900306,35.238095238095234,0.2970408901806641,0,19.270315082031246,5,-7.100427890624982,3,26.422881390625015,3,0,0,-8.960056437499995,7
vvei-regression-residuals,oscillators,OK,5,3,0.0,-0.857125122395829,0.597098032822657,-1.6889415937499725,-0.3153196679687535,-0.12575836634014317,0.025657341365403947,55.55555555555555,0.09,0,-0.3153196679687535,3,-1.6889415937499725,4,0,0,0,0,-0.5671141054687614,2
zion-trend-strike-wjdtks255,oscillators,OK,5,4,0.4,4.528070874023444,14.302684887803194,-10.784286257812493,27.35447239843752,-0.20699066388616888,1.610944540196491,12.5,0.2826403543701172,0,4.9257966210937445,6,-3.383699265624993,1,27.35447239843752,2,0,0,-10.784286257812493,4
assistant,popular,OK,5,5,0.6,0.3007444484375064,11.175392154541559,-18.108431980468815,12.848568019531317,-0.21405521028881913,1.299363787323757,51.43480844248107,0.3615037222421875,0,12.848568019531317,22,5.162022976562511,23,8.010816031250027,17,-6.409252804687508,2,-18.108431980468815,18
dynamic-extreme-channels-reversals-luxalgo,popular,OK,5,4,0.4,6.798785873046869,18.954612922820846,-14.159005648437509,26.824182296874977,0.054909962829074566,1.7080670888925198,62.916666666666664,0.29399392936523433,0,24.533874476562502,3,-14.159005648437509,5,26.824182296874977,4,0,0,-10.003907632812494,4
internal-vs-external-liquidity-zones-alpha-extract,popular,OK,5,4,0.4,0.10330820117187645,7.315960666860839,-11.2552197265625,6.935689843749991,-0.13388045194461137,1.3526838077903534,45.83333333333333,0.26051654100585936,0,-1.385453289062483,6,-11.2552197265625,3,6.118215976562497,1,8.309633421874999,0,6.935689843749991,4
lfwd-watermark-checklist,popular,OK,5,4,0.6,10.677574134765623,13.365447061499392,-5.660175789062501,28.4188700390625,0.773457683876083,1.2274577896646643,37.5,0.3833878706738281,0,18.0961483359375,2,1.8554539531249903,2,28.4188700390625,2,0,0,-5.660175789062501,2
swing-highlow-wick-zones-support-resistance-indicator,popular,OK,5,4,0.8,42.604226079101565,36.16899384447197,17.633961015624998,104.91867725000002,2.2854609194540916,0.36931764921169397,87.5,0.7706917180925843,0,104.91867725000002,6,27.73248714062499,8,17.633961015624998,3,6.101713937499997,0,20.131778910156235,4
3-level-zig-zag,trend_analysis,OK,5,4,0.2,-14.153914955078115,16.968254966469704,-33.5209396953125,9.469982632812506,-2.445902000676285,2.16075212104725,42.78846153846154,0.19,0,-26.516022242187493,13,9.469982632812506,12,-6.048680515624976,2,2.9271441015625026,0,-33.5209396953125,6
a-l-p-h-a-x-fair-value-gap-fvg-tracker,trend_analysis,OK,5,1,0.0,-2.126972046875002,0,-2.126972046875002,-2.126972046875002,-0.31799061812929946,0,0.0,0.03,0,0,0,-3.1429807656250053,0,0,0,0,0,-2.126972046875002,1
aa-smart-structure-engine,trend_analysis,OK,5,3,0.2,-5.987038391927068,22.00383179070571,-32.648240152343725,21.24097810156252,-1.9177702724944277,3.149020548657043,22.222222222222218,0.15999999999999998,0,-32.648240152343725,2,-6.5538531249999945,1,0,0,0,0,21.24097810156252,3
adaptive-supertrend-excavo,trend_analysis,OK,5,4,0.4,-1.155779627929678,7.575052668337859,-12.87543086718749,8.292789929687498,-0.2847450425025301,0.9240623378238542,20.833333333333332,0.26,0,-0.42092186328122627,5,-12.87543086718749,1,0.3804442890625069,3,0,0,8.292789929687498,2
adaptive-supertrend-mab,trend_analysis,OK,5,3,0.2,-4.567861778645835,8.076957457657835,-13.826119007812506,5.855174624999999,-1.2134491079907723,1.3704330984666784,11.111111111111109,0.15999999999999998,0,5.855174624999999,3,-13.826119007812506,1,30.758603124999993,0,0,0,-5.732640953124996,1
adaptive-trend-sabre-boswaves,trend_analysis,OK,5,1,0.0,-9.946053015625003,0,-9.946053015625003,-9.946053015625003,-2.791406165674197,0,0.0,0.03,0,33.247394664062504,0,0,0,0,0,0,0,-9.946053015625003,1
ag-pro-auto-trendlines-mtf-breakretest-community-os,trend_analysis,OK,5,3,0.2,-3.9570299843749965,20.632779647918273,-22.949886867187452,24.723270187499992,-1.029957254808598,1.8437500970096918,26.556776556776555,0.15999999999999998,0,-22.949886867187452,13,24.723270187499992,2,0,0,-3.229514218750002,0,-13.64447327343753,7
ag-pro-swap-engine-pair-rotation-z-score,trend_analysis,OK,5,3,0.2,2.0728268151041647,17.65599987946892,-12.55148564062499,26.91206527343749,-0.34829390251946934,1.424914305245364,25.0,0.1703641340755208,0,-12.55148564062499,8,0,0,-8.142099187500005,2,0,0,26.91206527343749,1
ag-pro-trend-quality,trend_analysis,OK,5,3,0.2,0.2530360846354209,7.788910655093808,-8.800040437499993,10.213914039062496,0.04296694835989697,0.8476484947939286,41.666666666666664,0.19935305672469494,0,-0.654765347656241,4,10.213914039062496,3,0,0,-8.509022828125001,0,-8.800040437499993,2
algov2,trend_analysis,OK,5,4,0.4,0.3410421113281118,11.791097132939653,-16.287768265625026,15.423141156250015,-0.10290687406730528,1.496026282858933,51.40669515669516,0.26170521055664053,0,15.423141156250015,54,-16.287768265625026,24,0,0,6.1610145781249885,12,-3.9322190234375305,52
aura-mean-reversion-envelopes-pineify,trend_analysis,OK,5,1,0.0,-11.994332351562493,0,-11.994332351562493,-11.994332351562493,-1.2453672398101046,0,0.0,0.03,0,0,0,0,0,0,0,0,0,-11.994332351562493,1
averaged-heikin-ashi,trend_analysis,OK,5,1,0.0,-8.663305265625008,0,-8.663305265625008,-8.663305265625008,-1.2285611466820971,0,0.0,0.03,0,23.860263003906248,0,-8.663305265625008,1,0,0,0,0,0,0
bfm-multi-algorithm-pivot-points,trend_analysis,OK,5,5,0.2,-10.27323352187501,14.40487048038835,-33.81212805468752,9.33316274218753,-1.6238125316915863,1.9265162270983276,52.61887083023953,0.21999999999999997,0,-33.81212805468752,62,-15.965767953125045,30,-8.645490476562525,17,-2.275943867187496,5,9.33316274218753,69
biais-daily-crt,trend_analysis,OK,5,5,0.0,-12.671336289062502,10.051244321073622,-32.05774474999994,-3.98680963281251,-2.46465228241019,2.2147630169301133,38.42165898617511,0.15,0,-32.05774474999994,62,-9.3790185546875,3,-3.98680963281251,28,-6.174283687500007,7,-11.758824820312554,56
blackcat-l2-napoleon-mille-feuille,trend_analysis,OK,5,3,0.2,-1.1459110052083272,6.732395206493481,-9.573223695312496,6.904803906250002,-0.1786926167972173,1.8036892096374249,50.0,0.15999999999999998,0,6.904803906250002,1,-0.7693132265624881,2,0,0,0,0,-9.573223695312496,1
blackcat-l2-ttm-squeeze-security-risk,trend_analysis,OK,5,4,0.4,6.023823628906251,14.146722289998735,-8.347122460937491,20.712587554687502,0.49599940274083654,1.2083429891377306,79.16666666666666,0.29011911814453123,0,19.6159987578125,6,-8.347122460937491,3,20.712587554687502,4,-4.367049054687493,0,-7.886169335937505,3
bos-choch-mtf-1m-5m,trend_analysis,OK,5,4,0.8,10.838539357421878,5.253422774901862,3.7233872343749974,18.556799632812513,0.9138675547824503,0.3374886400751466,50.0,0.6198205367683227,0,18.556799632812513,1,10.6235943828125,1,3.7233872343749974,2,0,0,10.450376179687504,2
breakout-lines-tpsl,trend_analysis,OK,5,1,0.2,8.405447695312498,0,8.405447695312498,8.405447695312498,0.7923094537392477,0,100.0,0.3920272384765625,0,0,0,8.405447695312498,1,0,0,0,0,0,0
btc-intraday-advanced-spot-pro-v6,trend_analysis,OK,5,3,0.2,0.5698163789062575,3.3982440465223394,-2.336689132812491,5.337622375000006,-0.7264126556913371,1.5789821292388786,33.333333333333336,0.1628490818945313,0,-1.2914841054687423,1,-2.336689132812491,1,0,0,0,0,5.337622375000006,1
cbc-flip-with-targets-and-filters-luxalgo,trend_analysis,OK,5,4,0.6,7.118936200195333,7.393081370262769,-5.199142882812477,14.203500019531305,0.8954835050839722,1.1913007461356404,48.263888888888886,0.36559468100097664,0,14.203500019531305,15,10.96240707812502,14,8.50898058593749,18,4.399802789062495,0,-5.199142882812477,16
ce-1m-3m-buy-sell-hold,trend_analysis,OK,5,4,0.2,-8.45656904101562,11.502100604932721,-21.47014214843749,9.954932984375002,-1.7547049588957817,1.9619080724345572,16.25,0.19,0,-9.382405874999982,8,-21.47014214843749,2,-12.928661125000012,2,0,0,9.954932984375002,5
ceo-indicator,trend_analysis,OK,5,4,0.2,-11.9020696201172,20.129765413137903,-32.33169760937504,19.404745914062442,-2.5123903290205334,2.3109485485606007,46.29305076215128,0.19,0,-26.401204746093676,61,19.404745914062442,16,-8.280122039062524,12,-8.509022828125001,0,-32.33169760937504,19
change-point-detection-cusum-luxalgo,trend_analysis,OK,5,1,0.2,11.503113406250005,0,11.503113406250005,11.503113406250005,0.9113042149604147,0,100.0,0.40751556703125,0,-1.5438383750000066,0,-0.17441279687499628,0,0,0,0,0,11.503113406250005,1
clean-institutional-levels,trend_analysis,OK,5,3,0.2,-6.519208776041672,11.556508741036598,-18.411227015625002,9.135779078124994,-1.0261646074972992,1.8933117996236914,33.333333333333336,0.15999999999999998,0,-18.411227015625002,1,-10.282178390625006,1,0,0,0,0,9.135779078124994,1
codapro-manta-cross-relative-strength-confirmed,trend_analysis,OK,5,4,0.4,-0.22973789160156188,6.744674132029051,-9.67710453125002,8.9325626796875,-0.2473114540548663,1.870500303013292,48.214285714285715,0.26,0,2.001023707031258,8,-9.67710453125002,4,0,0,8.9325626796875,1,-2.175433421874986,7
crt-marker-candle-range-theory-detection,trend_analysis,OK,5,5,0.4,-11.094185751562517,22.6400515643698,-37.27427257421879,21.16346397656243,-2.676088049416267,3.046759132174185,35.68289794496691,0.29,0,-34.132270121093725,50,6.3950645625000035,9,21.16346397656243,55,-11.622914601562501,2,-37.27427257421879,29
daily-bias-notification-system-fish-x-ttrades-ict-concepts,trend_analysis,OK,5,5,0.0,-9.319788973437502,10.71631046422649,-30.141726820312453,-2.2017000781250244,-1.3661808241822075,1.6089515339469196,47.52869352869352,0.15,0,-30.141726820312453,65,-2.2017000781250244,45,-9.024029281250012,18,-2.602290374999997,7,-2.629198312500026,70
daily-mgi-onlyflow,trend_analysis,OK,5,4,0.2,-6.456446527343756,13.45288790555302,-25.336762093750004,10.991898101562489,-2.107209860859347,2.5541606788240845,42.91431261770245,0.19,0,-25.336762093750004,12,0,0,-11.307527406249996,4,-0.17339471093751488,9,10.991898101562489,59
decycler-momentum-regime-filter-charonquant,trend_analysis,OK,5,3,0.4,7.292711182291669,18.76569675201138,-16.537679437500003,29.32281746875,0.2962658589998843,1.5733576571229475,44.444444444444436,0.2664635559114583,0,32.165372316406255,0,9.092995515625008,1,29.32281746875,1,8.309633421874999,0,-16.537679437500003,3
delta-ladder-order-flow-ualgo,trend_analysis,OK,5,5,0.2,-5.719506128124996,5.766445443222468,-16.313247140624966,0.4715359843749902,-1.4894653940023286,1.2907053060875788,18.444444444444446,0.21999999999999997,0,-16.313247140624966,18,-6.4136100312500055,5,0.4715359843749902,12,-2.114545562500003,2,-4.227663890625001,16
demand-and-supply-indicator-with-fvg-trend-by-zeeshan,trend_analysis,OK,5,5,0.6,3.34276517421875,8.866186817279123,-7.407829527343769,18.812417148437497,-0.18511664262605976,1.2486542249386312,30.525210084033613,0.3767138258710937,0,6.087923414062519,17,0.7870447656250035,14,18.812417148437497,16,-1.565729929687499,1,-7.407829527343769,16
dkj-hl-levels,trend_analysis,OK,5,5,0.8,2.836788006249992,18.19060041571565,-32.714735738281306,16.9693358476563,-0.38125099168249205,3.195436889471259,59.93670033670033,0.44418394003124995,0,16.9693358476563,25,14.204867742187488,27,10.218766867187485,22,5.505705312499995,2,-32.714735738281306,27
donchian-channels-trend,trend_analysis,OK,5,1,0.0,-15.699334710937517,0,-15.699334710937517,-15.699334710937517,-2.7048323628989426,0,33.33333333333333,0.03,0,22.0045849609375,0,-15.699334710937517,6,0,0,0,0,0,0
dynamic-delta-fvg-luxalgo,trend_analysis,OK,5,2,0.4,10.898003128906252,9.130558167968752,1.7674449609375007,20.028561296875004,1.0261628976804442,0.5525125040250887,50.0,0.36636188963825905,0,20.028561296875004,2,0,0,24.846986476562495,0,0,0,1.7674449609375007,1
dynamic-extreme-channels-reversals-luxalgo,trend_analysis,OK,5,2,0.4,28.96605623437499,8.1612722890625,20.80478394531249,37.12732852343749,1.6233054917693697,0.20272086891333996,100.0,0.5441500639435399,0,0,0,0,0,20.80478394531249,1,0,0,37.12732852343749,1
ebp-fib,trend_analysis,OK,5,4,0.4,-2.4321631142578086,19.881322731622117,-32.587521234375004,22.550769343750012,-0.7131572853349575,2.537265623832725,33.33333333333333,0.26,0,4.289170214843747,3,-3.9810707812499895,3,22.550769343750012,6,0,0,-32.587521234375004,3
failed-2-evaluator-v22-failed-2-evaluator-continuation-engine,trend_analysis,OK,5,4,0.4,-0.8250991191406252,18.403754880492894,-26.26853427343749,22.60663042968749,-0.5672351631237162,1.89204997626195,47.916666666666664,0.26,0,-26.26853427343749,2,22.60663042968749,4,9.022556468749986,3,0,0,-8.661049101562487,1
fatih-pivot-box-v2-stable,trend_analysis,OK,5,3,0.4,14.399443834635415,15.473512576188433,-6.428837218750007,30.62576282031249,0.8487788024994068,1.4826289675249964,33.333333333333336,0.301997219173177,0,19.00140590234376,2,0,0,30.62576282031249,1,0,0,-6.428837218750007,2
fibonacci-order-blocks-yigdeli,trend_analysis,OK,5,4,0.4,2.0555740859375105,13.85370236240842,-13.062572984374988,23.54633073437502,-0.26311864027645043,1.2131356875987356,62.5,0.27027787042968754,0,-13.062572984374988,1,23.54633073437502,2,-6.468530249999996,1,-8.509022828125001,0,4.207068843750006,2
fractal-support-and-resistance-zones-engine,trend_analysis,OK,5,4,0.4,0.3303796005859343,21.599890487518994,-29.607588800781247,30.25465733593749,-0.831475565464607,3.044684469038923,27.61904761904762,0.26165189800292965,0,-29.607588800781247,7,-5.765095632812503,3,30.25465733593749,7,0,0,6.439545499999993,15
fvg-imbalance-map-flowforge,trend_analysis,OK,5,5,0.2,-8.753788395312508,14.260453967110301,-29.294532421874948,12.760068585937434,-2.1315030963277737,2.2155381227934,35.11540463179807,0.21999999999999997,0,-29.294532421874948,61,-16.07158060937501,15,-10.983160023437508,4,-0.1797375078125042,9,12.760068585937434,56
gann-n-bar-swing-chart,trend_analysis,OK,5,4,0.8,7.223191634765629,7.63085942654267,0.5499897187500028,19.83498550000001,0.6465445276715048,0.6163494949517779,48.79807692307692,0.5320285844358836,0,19.83498550000001,13,0.5499897187500028,10,6.6723307812499995,13,4.399802789062495,0,1.8354605390625074,16
gann-static-step-cycle-two-way-v3,trend_analysis,OK,5,4,0.2,-8.918675366210941,16.60647519061492,-34.46214742578124,11.921518414062492,-1.9744098874491671,2.9618832140547995,32.43589743589744,0.19,0,-34.46214742578124,13,11.921518414062492,5,0,0,-4.945768500000006,1,-8.188303953125011,15
global-session-tracker,trend_analysis,OK,5,1,0.0,-1.741392742187498,0,-1.741392742187498,-1.741392742187498,-1.9005378833861701,0,0.0,0.03,0,-1.741392742187498,1,-14.673085289062495,0,33.00325178125,0,0,0,-27.051845695312497,0
gold-priceaction-v1,trend_analysis,OK,5,3,0.2,-1.2479812773437384,16.75095804555252,-14.096018632812498,22.41227380078126,-1.2626641372464242,2.470076045283006,23.333333333333332,0.15999999999999998,0,22.41227380078126,4,-12.060198999999978,5,0,0,0,0,-14.096018632812498,4
grid-system-gann-diamond,trend_analysis,OK,5,4,0.4,5.227124756835943,15.859463845935709,-12.60539890624999,27.29351010156251,0.02578000304318573,1.7023816305395643,39.58333333333333,0.28613562378417967,0,12.913339308593757,6,-12.60539890624999,3,27.29351010156251,3,0,0,-6.692951476562506,8
hm2-gann-square-of-nine-levels,trend_analysis,OK,5,1,0.0,-8.364664054687498,0,-8.364664054687498,-8.364664054687498,-2.0243306544057713,0,0.0,0.03,0,0,0,-8.364664054687498,1,0,0,0,0,0,0
hosoda-wave-targets-ualgo,trend_analysis,OK,5,3,0.4,-2.0808764114583176,5.255085546444214,-9.45862830468746,2.3828988203125046,-0.5414871847128969,1.1240627003943473,40.55555555555555,0.22999999999999998,0,2.3828988203125046,8,-9.45862830468746,10,0,0,0.8331002500000031,9,0,0
hour-pivots,trend_analysis,OK,5,5,0.6,0.6517702632812522,17.878230413692467,-28.498940464843702,23.725024226562482,-0.5338527392101535,2.170051505310745,60.857142857142854,0.36325885131640623,0,-28.498940464843702,14,12.628833976562499,7,-7.549884929687513,5,2.953818507812495,1,23.725024226562482,7
htf-candle-dynamics-luxalgo,trend_analysis,OK,5,1,0.2,3.024932156249997,0,3.024932156249997,3.024932156249997,0.32437917513087666,0,33.33333333333333,0.36512466078124994,0,0,0,0.006259078125003725,0,3.024932156249997,3,-3.229514218750002,0,-11.785774562499995,0
htf-candle-profile-ualgo,trend_analysis,OK,5,4,0.4,6.814107510742189,17.85681628686471,-15.025847460937497,27.752800351562517,-0.0176507975678018,2.0476571721909487,29.166666666666664,0.29407053755371093,0,20.67452835546875,3,-15.025847460937497,3,27.752800351562517,3,0,0,-6.1450512031250115,6
htf-supertrend-movement-levels-svostorm,trend_analysis,OK,5,3,0.4,-12.703676296874994,19.55431943947323,-40.34881349999999,1.7246190390624978,-2.557413626756679,3.7582573648061013,33.333333333333336,0.22999999999999998,0,-40.34881349999999,3,0.5131655703125143,2,1.7246190390624978,2,0,0,0,0
htf-volume-spike-imbalance-projection-luxalgo,trend_analysis,OK,5,5,0.6,0.4711194125000066,5.584690281698715,-8.412560234375022,6.362752929687529,-0.13307435888324737,1.1731857613571748,51.904761904761905,0.3623555970625,0,3.3937229140625127,18,-8.412560234375022,7,-3.6032160859375004,2,4.614897539062513,3,6.362752929687529,14
ict-mtf-poi-cisd-liquidity-trade-manager,trend_analysis,OK,5,4,0.4,2.9908534082156155,14.951311277925534,-14.16783868871293,26.059452667968742,-0.4907577610277569,1.6972153830192873,37.5,0.27495426704107806,0,26.059452667968742,1,-14.16783868871293,2,-4.970213840344557,2,4.399802789062495,0,5.042013493951206,4
impulse-trend-tracker,trend_analysis,OK,5,4,0.0,-10.387373304687502,6.928497589080417,-20.447842953124987,-1.2490798906250276,-1.38236876226961,0.9127317291704721,43.72373949579831,0.12,0,-20.447842953124987,17,-1.2490798906250276,8,-11.779613921875002,4,4.399802789062495,0,-8.072956453124993,14
inside-candle-positional-strategy,trend_analysis,OK,5,5,0.6,-0.8658551835937569,6.9161620225064935,-13.194180898437494,8.08147191406248,-0.2009399293469607,0.9695244971196292,35.52380952380952,0.36,0,-1.1385049570312695,10,-13.194180898437494,4,0.5277846953124973,3,1.3941533281250014,1,8.08147191406248,7
internal-vs-external-liquidity-zones-alpha-extract,trend_analysis,OK,5,1,0.0,-8.198671148437498,0,-8.198671148437498,-8.198671148437498,-1.51902816846764,0,0.0,0.03,0,33.247394664062504,0,-8.198671148437498,1,0,0,6.101713937499997,0,-3.7053741093749997,0
inverse-golden-pocket-mtf-zones,trend_analysis,OK,5,4,0.6,0.033958762695317724,11.982933904014805,-20.441614203124992,10.059122742187508,-0.43763733330102844,1.8222532840987684,37.5,0.33016979381347655,0,5.305502800781265,2,-20.441614203124992,2,5.2128237109374895,1,8.309633421874999,0,10.059122742187508,2
inversion-fair-value-gaps-ifvg-chartprime,trend_analysis,OK,5,3,0.2,-9.365178149739583,17.236190214598064,-25.239053460937505,14.5918856484375,-1.4220546064607926,1.5206733741134892,50.0,0.15999999999999998,0,-17.44836663671874,4,14.5918856484375,1,0,0,3.8524434765625046,0,-25.239053460937505,1
kama-sd-bands-rakoquant,trend_analysis,OK,5,1,0.0,-3.794801070312489,0,-3.794801070312489,-3.794801070312489,-0.29329256623366085,0,0.0,0.03,0,20.140926289062495,0,0,0,24.846986476562495,0,0,0,-3.794801070312489,1
key-pivot-collector-dataset-oriented,trend_analysis,OK,5,3,0.2,-4.14801649088541,21.584440987622198,-27.50259272656249,24.551462019531233,-0.7931302092244228,2.3368817556777057,38.888888888888886,0.15999999999999998,0,24.551462019531233,2,-9.492918765624971,3,0,0,0,0,-27.50259272656249,2
kj-pullback-regime-with-filter-with-1hour-filter,trend_analysis,OK,5,1,0.2,1.612149632812507,0,1.612149632812507,1.612149632812507,0.5059657904699376,0,0.0,0.3580607481640625,0,0,0,0,0,0,0,0,0,1.612149632812507,1
kty-auto-support-resistance,trend_analysis,OK,5,4,0.2,-13.92894093945311,17.10880595967515,-31.605548679687516,11.972741468750012,-2.324466838104653,2.128251115048273,29.416666666666664,0.19,0,-26.80673428906243,25,11.972741468750012,5,-9.276222257812508,4,-8.509022828125001,0,-31.605548679687516,6
linear-regression-projection-channel-congtrader,trend_analysis,OK,5,2,0.2,-10.378370228515573,14.061170861328078,-24.43954108984365,3.6828006328125045,-1.8694976072557166,2.099524586954128,45.625,0.13,0,-24.43954108984365,80,3.6828006328125045,18,0,0,0,0,0,0
liquidities-pivot-levels,trend_analysis,OK,5,3,0.6,41.70895252213541,38.09828464432389,14.12351639062501,95.58285974609372,2.02058427890918,0.5956146135180087,82.14285714285715,0.6096411092311748,0,95.58285974609372,12,14.12351639062501,6,0,0,0,0,15.420481429687497,7
liquidity-precision-overlay,trend_analysis,OK,5,3,0.4,-0.28084557031249285,3.580155111740397,-5.286594289062487,2.8801516953124957,-0.09520577589410661,0.7112248592967362,46.666666666666664,0.22999999999999998,0,-5.286594289062487,5,1.5639058828125125,2,2.8801516953124957,2,0,0,-1.1038454921874945,0
liquidity-structure-mapper-joat,trend_analysis,OK,5,4,0.6,-1.658380452148445,17.02268993572645,-30.21899980859374,13.615445468749954,-1.0553959142097327,2.929280526620299,37.5,0.32999999999999996,0,-30.21899980859374,1,13.615445468749954,5,1.682008968750015,2,0,0,8.28802356249999,1
liquidity-trail-signals-boswaves,trend_analysis,OK,5,3,0.4,4.423533223958336,13.443446867418668,-11.827080382812506,21.09445665625001,-0.5137698007783912,2.2034658160447718,16.666666666666668,0.2521176661197917,0,21.09445665625001,1,-11.827080382812506,1,0,0,0,0,4.003223398437505,2
lumina-trend-channels-pineify,trend_analysis,OK,5,4,0.6,15.091135749023447,13.368590601567568,-6.044733937500001,27.193443925781263,0.8814832439474372,1.2323713442404998,62.5,0.40545567874511723,0,27.193443925781263,2,13.248537945312522,2,25.967295062499996,2,0,0,-6.044733937500001,1
lw-volatility-breakout-confirmed,trend_analysis,OK,5,1,0.2,15.828774382812494,0,15.828774382812494,15.828774382812494,1.8212739492369254,0,100.0,0.42914387191406245,0,15.828774382812494,1,4.3830564218749934,0,0,0,0,0,0,0
machine-learning-psar-boswaves,trend_analysis,OK,5,2,0.0,-9.6634660859375,3.3737922343750113,-13.037258320312512,-6.2896738515624895,-1.8501615446821749,0.8728957875434323,0.0,0.06,0,23.082454722656255,0,-6.2896738515624895,1,30.758603124999993,0,0,0,-13.037258320312512,1
market-structure-zone-goldplusinfinity,trend_analysis,OK,5,4,0.2,5.134023577148433,16.44943034824663,-9.236762519531258,33.0877884609375,0.12745847168670085,2.1953656841495146,42.42424242424242,0.21567011788574214,0,33.0877884609375,10,-2.6952313359375113,9,0,0,-0.6197002968750022,1,-9.236762519531258,11
matrix-supply-demand-zones-matrix-trading-lab,trend_analysis,OK,5,1,0.2,10.45871436718751,0,10.45871436718751,10.45871436718751,0.8515228004112527,0,50.0,0.4022935718359375,0,0,0,10.45871436718751,30,0,0,0,0,0,0
mesa-adaptive-cycle-engine-markittick,trend_analysis,OK,5,4,0.4,5.800841712890622,16.272431247622883,-13.410577234374971,28.20552088281249,0.15289172281230354,1.6575724441346371,37.5,0.2890042085644531,0,13.770332882812495,8,-13.410577234374971,8,28.20552088281249,4,0.6770916093749983,0,-5.361909679687524,8
minimalist-institutional-levels-logic-corrected,trend_analysis,OK,5,1,0.0,-11.106991335937506,0,-11.106991335937506,-11.106991335937506,-0.9326350951637058,0,0.0,0.03,0,0,0,0,0,0,0,0,0,-11.106991335937506,1
monotonicity-index-luxalgo,trend_analysis,OK,5,4,0.6,4.50626009765625,12.059464769420421,-16.053895000000004,14.16676121874999,0.4504562754566893,1.4318894845578678,68.75,0.35253130048828124,0,11.727565867187499,4,8.184608304687515,4,14.16676121874999,1,-8.509022828125001,0,-16.053895000000004,2
mtf-fractal-model,trend_analysis,OK,5,5,0.6,-4.770753098437517,15.546542795221486,-33.19527710156253,10.117668804687506,-1.0185436435533721,2.07875618620277,59.96645999671248,0.36,0,-33.19527710156253,57,7.185850335937459,46,-8.143245898437513,14,0.18123836718749953,7,10.117668804687506,59
mtf-swing-point-trend-lines,trend_analysis,OK,5,1,0.0,-27.810933929687543,0,-27.810933929687543,-27.810933929687543,-5.554795132390487,0,40.909090909090914,0.03,0,-27.810933929687543,22,0,0,0,0,0,0,-3.9940218437500006,0
multi-coin-rsi-alert-system,trend_analysis,OK,5,1,0.2,16.320376515625,0,16.320376515625,16.320376515625,1.9249611501549875,0,100.0,0.43160188257812504,0,0,0,0.006259078125003725,0,16.320376515625,1,-3.229514218750002,0,-11.785774562499995,0
multi-timeframe-volume-profile-tool-by-onlywicks,trend_analysis,OK,5,4,0.2,-13.67988728906251,14.385974034624718,-36.27176121874995,1.642527570312479,-2.0486519349360526,2.521441168280568,48.73386394234577,0.19,0,-36.27176121874995,46,-4.742643570312532,6,1.642527570312479,9,0,0,-15.34767193750004,61
natural-visibility-graph-ualgo,trend_analysis,OK,5,4,0.2,-9.583909747070308,21.695690050608054,-32.54809627343752,25.959389539062528,-2.0128119120565007,2.127353041139906,34.404761904761905,0.19,0,-18.42443076953123,10,25.959389539062528,6,-13.32250148437501,3,6.101713937499997,0,-32.54809627343752,7
navi-by-ravi-devraj-saxena-gold-rr-13,trend_analysis,OK,5,5,0.4,-10.452311156250005,11.907983635081413,-29.772531078125002,2.4962017656249955,-1.9966291048433895,2.345501494382893,44.773109243697476,0.29,0,-10.742485445312502,10,-15.659255328125015,7,1.416514304687502,5,2.4962017656249955,4,-29.772531078125002,17
neural-ribbon,trend_analysis,OK,5,4,0.4,-1.9225402636718902,12.70807307677096,-20.672291570312563,12.317173968750037,-0.21591445575546087,1.5167105388185793,51.79779411764706,0.26,0,12.317173968750037,16,-6.05061003125002,17,0,0,6.715566578124984,4,-20.672291570312563,25
nexus-structure-detector-joat,trend_analysis,OK,5,2,0.2,1.1668800078124986,1.4700550078125014,-0.3031750000000029,2.636935015625,0.31303077423009296,0.3517727796480171,75.0,0.2978912051270582,0,0,0,-0.3031750000000029,2,0,0,0,0,2.636935015625,1
nifty-market-pressure-dashboard-pro,trend_analysis,OK,5,4,0.2,-11.612886554687503,17.15053725635368,-38.36585989062498,9.002560585937463,-3.1641386945791314,2.9649450677209184,33.48306544202066,0.19,0,-38.36585989062498,65,-5.6277167890625135,8,-11.460530124999975,3,0,0,9.002560585937463,67
omarnowick,trend_analysis,OK,5,1,0.0,-3.5512307968749957,0,-3.5512307968749957,-3.5512307968749957,-2.5791257278025386,0,0.0,0.03,0,0,0,-1.5311094296874943,0,0,0,0.08251721093749802,0,-3.5512307968749957,1
parkinson-supertrend-charonquant,trend_analysis,OK,5,3,0.4,4.194580714843759,6.144395794260636,-3.1768244531249947,11.86490233984377,0.355131513963149,0.5025334699133499,27.777777777777775,0.3753395360958812,0,11.86490233984377,2,0,0,3.8956642578125025,2,0,0,-3.1768244531249947,3
phase-shift-mtf-ps-mtf-optimized-v2,trend_analysis,OK,5,4,0.4,2.718070403320315,10.640655129232847,-10.07057860937499,18.031553714843742,-0.4075818865226528,1.689141544663356,12.5,0.27359035201660153,0,18.031553714843742,3,-3.6263964062500014,2,6.537702914062509,2,0,0,-10.07057860937499,3
pressure-zone-analyzer-joat,trend_analysis,OK,5,2,0.2,-9.339013507812473,13.914066539062464,-23.253080046874935,4.575053031249991,-1.784318979077626,3.5511168879949144,67.34693877551021,0.13,0,-23.253080046874935,49,-7.361358992187496,0,0,0,0,0,4.575053031249991,1
price-accumulation-profile-ss,trend_analysis,OK,5,5,0.2,-9.379656228125004,12.475773343922507,-25.280043562499984,11.030179289062477,-1.8189476442742443,1.9099739175793606,33.186615186615185,0.21999999999999997,0,-25.280043562499984,37,-15.193597164062492,6,-14.817899960937517,7,-2.6369197421874997,7,11.030179289062477,35
price-displacement-model,trend_analysis,OK,5,5,0.6,-2.2243173484374967,15.24699495378522,-28.695683421875,14.788085265625037,-0.6804272518086075,1.750808744077798,48.57142857142857,0.36,0,-28.695683421875,30,9.391176710937449,28,-7.48314461718747,10,0.8779793203125009,3,14.788085265625037,28
price-memory-heatmap-bullbyte,trend_analysis,OK,5,3,0.4,-2.3290422174479173,4.299771806111752,-8.364664054687498,1.3294778046875,-0.3043197348103128,1.2845445194583078,38.888888888888886,0.22999999999999998,0,0.048059597656247205,3,-8.364664054687498,1,0,0,0,0,1.3294778046875,2
protected-swings-luxalgo,trend_analysis,OK,5,3,0.2,-0.07441429296877071,23.452260076170163,-28.77788337500002,28.66814722265622,-0.38240315179606926,2.342937677024276,83.33333333333333,0.15999999999999998,0,28.66814722265622,3,-0.11350672656251118,2,0,0,0,0,-28.77788337500002,2
pull-back-indicator-by-johandy,trend_analysis,OK,5,4,0.2,-0.8669687382812479,2.8680129839801856,-4.111865249999988,3.750092226562498,-0.7433416602579392,1.8321291686227896,33.33333333333333,0.19,0,3.750092226562498,5,-1.3143346718749962,3,-1.7917672578125057,2,0,0,-4.111865249999988,5
pure-price-action-structures-jjart,trend_analysis,OK,5,3,0.4,7.684184800781246,22.60215416948461,-24.260408156250023,24.627715164062494,0.29520110854181425,2.0660601734097193,77.77777777777777,0.2684209240039062,0,22.685247394531267,3,0,0,24.627715164062494,1,0,0,-24.260408156250023,3
quantbreak-pro,trend_analysis,OK,5,1,0.0,-10.940065320312511,0,-10.940065320312511,-10.940065320312511,-2.908280462439087,0,0.0,0.03,0,11.5377066640625,0,0,0,24.846986476562495,0,0,0,-10.940065320312511,1
quantum-dynamic-mitigation-zones-v1,trend_analysis,OK,5,1,0.0,-10.003890085937499,0,-10.003890085937499,-10.003890085937499,-1.9689249215442879,0,100.0,0.03,0,-10.003890085937499,1,0,0,0,0,0,0,0,0
range-finder-profile-ualgo,trend_analysis,OK,5,1,0.2,11.016956843749998,0,11.016956843749998,11.016956843749998,2.074163761181941,0,100.0,0.40508478421875005,0,-17.103748148437504,0,-4.560334203125007,0,0,0,0,0,11.016956843749998,1
renko-flip-alert-traditional-only,trend_analysis,OK,5,5,0.6,-2.3050801999999937,15.387421866291088,-29.099497679687484,14.788085265625037,-0.71839067123421,1.8208178790662726,48.870279146141215,0.36,0,-29.099497679687484,29,9.391176710937449,28,-7.48314461718747,10,0.8779793203125009,3,14.788085265625037,28
renko-moving-average,trend_analysis,OK,5,2,0.2,-8.712884744140645,23.270117830078107,-31.983002574218755,14.557233085937463,-2.365580800018492,3.326971028577064,49.11080711354309,0.13,0,-31.983002574218755,17,0,0,35.7194574609375,0,0,0,14.557233085937463,43
renko-structure-trend,trend_analysis,OK,5,4,0.2,-5.001645187499988,13.03676466257943,-17.44397560156253,16.64980208593751,-1.0989889317603712,1.560162830293374,27.22222222222222,0.19,0,16.64980208593751,18,-6.976730320312476,4,-17.44397560156253,5,2.9271441015625026,0,-12.235676914062452,12
reversal-entry-zones,trend_analysis,OK,5,2,0.2,-11.44712948828126,23.387809214843795,-34.834938703125054,11.940679726562536,-3.04124333236343,3.8674554119201936,50.0,0.13,0,-34.834938703125054,12,0,0,0,0,0,0,11.940679726562536,18
rolling-trendline-luxalgo,trend_analysis,OK,5,5,0.2,-9.887245828125002,22.935337998768787,-39.176614773437514,29.466373859374954,-2.667985797780466,3.1394712053927036,35.91569541569542,0.21999999999999997,0,-24.490664617187416,72,29.466373859374954,13,-7.5393475078125345,11,-7.695976101562498,2,-39.176614773437514,15
rsi-range-shift,trend_analysis,OK,5,4,0.4,-5.536955090820302,19.0902337194353,-32.549709949218744,20.321912375,-1.4049924392748916,2.6820276845648516,34.375,0.26,0,-32.549709949218744,8,-10.378148257812486,4,0.4581254687500186,4,0,0,20.321912375,4
signal-goat-hh-hl-lh-ll-extension-lines,trend_analysis,OK,5,4,0.2,-15.42519672070313,15.29446661631632,-34.23907485937504,7.9316801484375175,-2.7819657720978297,2.2493248716042658,40.09589947089947,0.19,0,-21.29236778125001,7,-14.101024390624998,12,7.9316801484375175,27,0,0,-34.23907485937504,24
simple-profit-monk-trading,trend_analysis,OK,5,2,0.2,5.996790087890629,10.77976266601563,-4.782972578125002,16.77655275390626,0.11552193905218855,1.4547286006317632,0.0,0.15998395043945313,0,16.77655275390626,1,0,0,0,0,0,0,-4.782972578125002,1
singular-spectrum-decomposition-luxalgo,trend_analysis,OK,5,1,0.0,-23.348661109374984,0,-23.348661109374984,-23.348661109374984,-4.945520295525943,0,37.5,0.03,0,-23.348661109374984,16,0,0,0,0,0,0,0,0
smart-money-auto-order-blocks-identityka,trend_analysis,OK,5,3,0.6,59.398653447916665,42.50914326906999,25.089787640624984,119.30489552343751,2.356356993563071,0.5683573090305741,88.88888888888887,0.6579106727423564,0,119.30489552343751,6,33.80127717968749,6,0,0,0,0,25.089787640624984,3
smart-money-concept-ultimate,trend_analysis,OK,5,4,0.4,3.7913009160156212,12.697493442680925,-8.891064910156274,22.63162161328127,-0.37304471883767787,1.6849858813951213,32.5,0.2789565045800781,0,22.63162161328127,6,-6.708763632812493,1,8.133410593749984,5,0,0,-8.891064910156274,5
smart-money-engine-willyalgotrader,trend_analysis,OK,5,2,0.0,-6.225969550781244,0.01053038671874651,-6.23649993749999,-6.215439164062497,-0.9804684965103376,0.2807508904462286,0.0,0.06,0,20.140926289062495,0,-6.23649993749999,1,24.846986476562495,0,0,0,-6.215439164062497,1
smart-reversal-entry,trend_analysis,OK,5,2,0.4,4.3374515742187505,1.7961387773437452,2.541312796875005,6.133590351562495,1.5274608547321415,0.03883903986109838,100.0,0.46197749790581916,0,6.133590351562495,1,0,0,0,0,0,0,2.541312796875005,1
smash-reversalmastersinmarkets,trend_analysis,OK,5,3,0.4,11.921916450520833,10.998192683430593,-0.7881875000000146,26.041007750000006,0.8678322004893003,0.8869995480405836,83.33333333333333,0.3178596952424583,0,26.041007750000006,2,10.512929101562506,3,0,0,0,0,-0.7881875000000146,2
smc-core-lite-signals,trend_analysis,OK,5,3,0.0,-3.5372315950520377,1.1525845647729434,-4.702925359374975,-1.9677007187499838,-0.7211607841773208,0.4202333241404363,46.208708708708706,0.09,0,-3.941068707031154,37,-1.9677007187499838,8,0,0,0,0,-4.702925359374975,12
smooth-trader-volume-toolkit,trend_analysis,OK,5,1,0.0,-2.5658208593750023,0,-2.5658208593750023,-2.5658208593750023,-0.818560953486412,0,0.0,0.03,0,24.246062480468755,0,0,0,0,0,0,0,-2.5658208593750023,1
smoothed-heiken-ashi-candles-mtf,trend_analysis,OK,5,3,0.2,-14.150230117187485,18.368632642615474,-38.74765499218751,5.382776679687566,-2.7481744692433323,3.2204191025318356,44.48051948051948,0.15999999999999998,0,-38.74765499218751,44,0,0,5.382776679687566,16,0,0,-9.085812039062512,28
structural-flow-decoder-joat,trend_analysis,OK,5,2,0.2,-2.051366820312498,2.834039632812492,-4.88540645312499,0.7826728124999935,-0.8127373019126575,0.9254829020980698,0.0,0.13,0,20.530072859374997,0,0.7826728124999935,1,0,0,8.309633421874999,0,-4.88540645312499,2
structural-svm-ranker-luxalgo,trend_analysis,OK,5,1,0.2,14.009924859375008,0,14.009924859375008,14.009924859375008,0.9317325040033205,0,50.0,0.4200496242968751,0,23.082454722656255,0,0,0,30.758603124999993,0,0,0,14.009924859375008,2
structure-break-liquidity-sweep,trend_analysis,OK,5,2,0.2,7.0895128281249935,29.25123055468748,-22.16171772656249,36.34074338281248,-0.23859391186973,2.0677320469437603,100.0,0.16544756414062495,0,29.220754859375,0,36.34074338281248,2,0,0,-8.509022828125001,0,-22.16171772656249,1
supertrend-recovery-luxalgo,trend_analysis,OK,5,5,0.2,-9.17103558124999,10.211129666409333,-23.265285921874924,5.969900843750001,-1.5209127005766443,1.7269783982881277,47.18197536869569,0.21999999999999997,0,-23.265285921874924,98,-13.49202682812499,25,-13.424914078125017,13,5.969900843750001,13,-1.64285192187503,71
supply-demand-signal-indicator-afx-syndicate,trend_analysis,OK,5,4,0.6,10.430967941406251,10.05068400984115,-2.996990226562499,20.996323101562492,0.7411195357285583,0.8937466290014175,33.33333333333333,0.40871818245667685,0,19.211791812500014,3,-2.996990226562499,1,20.996323101562492,2,3.0406732812499975,0,4.512747078125001,2
support-resistance-fibonacci-retracement,trend_analysis,OK,5,3,0.4,-0.7492415781250017,13.501963984990924,-19.7612734453125,10.293501523437502,-0.16863498483857997,1.5065488497877642,72.22222222222221,0.22999999999999998,0,10.293501523437502,3,7.220047187499993,3,0,0,2.9271441015625026,0,-19.7612734453125,2
support-resistance-zones-strength-classifier-luxalgo,trend_analysis,OK,5,1,0.2,25.190548703124993,0,25.190548703124993,25.190548703124993,1.4674439033917959,0,40.0,0.475952743515625,0,0,0,0,0,0,0,0,0,25.190548703124993,5
swingzag-live,trend_analysis,OK,5,4,0.4,0.08429201660156505,13.9730152774581,-17.16392974218751,20.898787191406285,-0.3829765499692981,1.7622721521544964,38.92045454545455,0.2604214600830078,0,20.898787191406285,10,-6.382705679687511,8,2.985016296874994,6,4.399802789062495,0,-17.16392974218751,11
the-silver-boss-v10,trend_analysis,OK,5,3,0.4,-2.3863045117187567,22.627449220787142,-32.997527605468754,20.995008421874985,-1.5153138815277265,3.3969598119533737,44.444444444444436,0.22999999999999998,0,-32.997527605468754,3,0,0,4.8436056484375,2,0,0,20.995008421874985,2
tikole-rsi,trend_analysis,OK,5,2,0.2,6.93360985546874,23.001884730468745,-16.068274875000004,29.935494585937484,-0.42641113079975856,1.971119552142901,70.0,0.1646680492773437,0,-16.068274875000004,5,29.935494585937484,1,0,0,-3.229514218750002,0,-22.340044851562503,0
timeframe-clock-21-pro-plan-and-under,trend_analysis,OK,5,5,0.2,-12.978568630468752,10.24858415235453,-23.229859332031204,3.225998734374967,-2.384762564902864,1.7979805374917246,43.434013716336864,0.21999999999999997,0,-23.229859332031204,111,-22.937841796875,17,-15.989515687500026,23,-5.961625070312497,11,3.225998734374967,103
timeframe-clock-21,trend_analysis,OK,5,4,0.4,6.520741236328127,22.381449818185878,-17.2396101796875,35.4569654765625,0.1927972181177664,1.5917932472608538,62.5,0.2926037061816406,0,21.085982101562507,2,-13.220372453125004,2,35.4569654765625,2,-8.509022828125001,0,-17.2396101796875,2
timeframe-clock,trend_analysis,OK,5,5,0.6,-4.824897579687514,15.569883398580684,-33.33000185156253,9.981671148437512,-1.02813678386299,2.0928497719394796,59.879417434140066,0.36,0,-33.33000185156253,58,7.185850335937459,46,-8.143245898437513,14,0.18123836718749953,7,9.981671148437512,60
tpo-single-prints-npoc,trend_analysis,OK,5,4,0.6,-0.5734980400390377,18.018831591801447,-31.37070921484374,14.439235937500008,-0.9070895040922375,2.765871533828877,58.333333333333336,0.32999999999999996,0,-31.37070921484374,16,7.698154523437537,18,6.939326593750041,12,0,0,14.439235937500008,36
trading-levels-poc-daily-hl-psychological-levels,trend_analysis,OK,5,5,0.2,-11.027850536718745,15.747915567991631,-30.323207093749982,15.520830164062513,-1.9128692296152638,1.655683439521499,32.289855072463766,0.21999999999999997,0,-19.167574253906235,23,15.520830164062513,20,-17.519816132812544,12,-3.6494853671874736,5,-30.323207093749982,18
trend-break-structure-range-filter,trend_analysis,OK,5,3,0.4,6.775396332031252,8.19331428608043,-4.809933265625004,12.743281195312505,0.5530517681979467,0.9556416693753549,66.66666666666667,0.2749665643163175,0,12.392841066406254,3,12.743281195312505,1,0,0,3.0406732812499975,0,-4.809933265625004,3
trend-filter-value-area-lines-maxmaserati-30,trend_analysis,OK,5,4,0.4,6.884796048828129,13.413877178705015,-9.627305664062499,23.212373976562493,0.14994006818582323,1.416249348676302,12.5,0.2944239802441406,0,16.476323054687512,1,-2.522207171874994,1,23.212373976562493,2,0,0,-9.627305664062499,2
trend-forge,trend_analysis,OK,5,1,0.0,-14.270770085937503,0,-14.270770085937503,-14.270770085937503,-2.299599452439418,0,100.0,0.03,0,-14.270770085937503,1,0,0,0,0,0,0,0,0
trend-line-odnac,trend_analysis,OK,5,3,0.2,-6.704329432291658,19.751232574708993,-23.752467484374982,20.981877367187497,-1.4498512138467428,2.053581366466034,38.888888888888886,0.15999999999999998,0,-23.752467484374982,2,20.981877367187497,3,0,0,0,0,-17.34239817968749,1
trend-o-meter,trend_analysis,OK,5,4,0.4,9.052396791015628,14.970113962682266,-6.8853508906250065,25.9680050703125,0.317526116251122,1.5489734037917995,25.0,0.3052619839550781,0,21.901186273437517,1,-4.774253289062501,1,25.9680050703125,1,0,0,-6.8853508906250065,2
trend-pro-master-suite,trend_analysis,OK,5,2,0.0,-11.634492746093754,11.016583722656264,-22.65107646875002,-0.6179090234374889,-2.452435679215958,2.3017530237265666,12.5,0.06,0,-22.65107646875002,4,0,0,0,0,-3.229514218750002,0,-0.6179090234374889,1
trend-signals-scalper-pro-by-kd,trend_analysis,OK,5,5,0.8,14.907354730468745,26.06440799836059,-21.38840660546873,54.34759794531253,0.41760267161440473,1.5952844014937642,41.49527621225734,0.5045367736523437,0,-21.38840660546873,54,32.42233419531243,53,5.932350703125005,22,3.2228974140624924,7,54.34759794531253,54
turtle-trading-strategy-indicator,trend_analysis,OK,5,2,0.2,-0.8087588554687546,17.008020222656256,-17.81677907812501,16.1992613671875,-1.5960654261943765,3.0399846820622733,25.0,0.13,0,16.1992613671875,2,0,0,0,0,0,0,-17.81677907812501,3
turtle-trading,trend_analysis,OK,5,2,0.2,1.6120634785156227,18.523628806640634,-16.91156532812501,20.135692285156257,-0.019060234445366198,1.7719792102688525,25.0,0.1380603173925781,0,20.135692285156257,2,0,0,0,0,0,0,-16.91156532812501,1
ultra-single-session-alerts-1cg,trend_analysis,OK,5,5,0.4,-7.552116615624986,19.561212055462043,-35.359643242187474,18.786153781249972,-2.169215853348534,3.163339022421608,41.82647527910685,0.29,0,-35.359643242187474,66,-22.507448914062493,11,7.281980367187556,57,-5.961625070312497,11,18.786153781249972,75
volume-profile-projection-box-confirmed,trend_analysis,OK,5,2,0.2,8.771155796874968,23.26534703124997,-14.494191234375,32.03650282812494,-0.09682719219359848,1.8355465752376232,30.76923076923077,0.17385577898437482,0,0,0,-14.494191234375,2,0,0,0.6770916093749983,0,32.03650282812494,13
volume-weighted-trend-quantalgo,trend_analysis,OK,5,2,0.2,-4.331878058593749,11.170162894531256,-15.502040953125004,6.838284835937506,-1.312945192578528,2.1278027190916635,50.0,0.13,0,24.002905503906252,0,0,0,6.838284835937506,1,0,0,-15.502040953125004,1
volume-weighted-trend,trend_analysis,OK,5,2,0.2,-4.331878058593749,11.170162894531256,-15.502040953125004,6.838284835937506,-1.312945192578528,2.1278027190916635,50.0,0.13,0,24.002905503906252,0,0,0,6.838284835937506,1,0,0,-15.502040953125004,1
vts-strategy-quision,trend_analysis,OK,5,3,0.6,9.440022117187496,5.901673798958389,1.0943284218749905,13.694588007812488,0.8105893810051069,0.4556260451963584,66.66666666666667,0.4832935992868479,0,13.531149921875011,1,1.0943284218749905,1,0,0,0,0,13.694588007812488,1
wolfe-wave-pattern-ualgo,trend_analysis,OK,5,1,0.0,-7.039332343750007,0,-7.039332343750007,-7.039332343750007,-2.092917293600898,0,0.0,0.03,0,-7.039332343750007,1,0,0,0,0,0.6770916093749983,0,0,0
yuki-20,trend_analysis,OK,5,4,0.2,-4.65381371679686,15.049186211815424,-26.9862287734375,15.463612218750015,-1.0022522820244497,1.9540962243916475,27.083333333333332,0.19,0,15.463612218750015,2,-3.471001117187479,6,-26.9862287734375,2,0,0,-3.621637195312476,4
yy-fx-pro,trend_analysis,OK,5,5,0.4,-4.520491860937487,11.148758103865179,-22.12112450390625,7.299827093750021,-1.2356489650811742,2.2110971866068705,31.333333333333332,0.29,0,5.045562574218784,10,-12.467142570312499,3,7.299827093750021,6,-0.3595818984374928,1,-22.12112450390625,9
zenalgo-abc,trend_analysis,OK,5,4,0.6,-2.5473834150390537,17.71330206813102,-32.90758516796876,11.70587431249999,-1.1284206162337613,2.908915610122422,47.712552453931764,0.32999999999999996,0,-32.90758516796876,29,5.969905039062505,28,5.0422721562500525,21,0,0,11.70587431249999,54
zero-lag-kalman-structure-boswaves,trend_analysis,OK,5,3,0.4,9.96636256901042,11.641741307174295,-3.559267187499994,24.858643343749996,0.8563075829195173,1.126924460546142,33.333333333333336,0.2798318128450521,0,8.599711550781256,2,-2.7926307656249993,0,24.858643343749996,1,0,0,-3.559267187499994,1
zig-zag-liquidity-pools-sweeps-by-capitan-trading,trend_analysis,OK,5,3,0.4,3.020003010416671,13.043117205458522,-15.416858179687493,12.734388992187496,0.5145230141321048,1.748287283787007,55.55555555555555,0.24510001505208334,0,12.734388992187496,2,11.742478218750009,3,0,0,-8.509022828125001,0,-15.416858179687493,1
1-contract-worth,volatility,OK,5,5,0.2,-8.944404718749988,11.26486789844311,-23.564751835937482,8.251916984375027,-1.3619386627530874,1.351872096259954,43.21767001114827,0.21999999999999997,0,-23.564751835937482,64,-16.135409640625003,16,-12.234139304687487,13,-1.039639796874995,6,8.251916984375027,69
270m-session-cycles-zeussy-inspired,volatility,OK,5,5,0.2,-9.121240254687482,12.902060080092237,-28.51818143749995,9.345923609374966,-1.6436440746529535,1.848700097550611,45.03008973597208,0.21999999999999997,0,-28.51818143749995,78,-17.39748052343748,27,-3.07483785156245,15,-5.961625070312497,11,9.345923609374966,85
2b2t-123-on-closing-basis,volatility,OK,5,4,0.4,4.4476619785156215,11.311007091994462,-10.486607390624995,16.69845167968748,-0.06583568167098866,1.2956620903647649,37.5,0.2822383098925781,0,16.69845167968748,3,-10.486607390624995,3,0,0,-2.4276762656250064,1,14.006479890625007,2
active-move-counter-pointsticks-avg-candle-ticks,volatility,OK,5,5,0.4,-7.737315112499976,18.07121755004909,-30.41068801562498,22.365350757812557,-1.575540221060974,2.053871193662368,36.25661375661375,0.29,0,-30.41068801562498,28,-17.9567088125,7,-13.56250881249996,8,0.8779793203125009,3,22.365350757812557,27
adaptive-trend-sentinel-quantum-algo,volatility,OK,5,4,0.4,-5.3759217851562395,26.60298395133178,-36.36534710156251,24.188523570312523,-2.2835462613433744,3.676090140283685,36.25,0.26,0,-26.973281937499983,5,17.646418328125016,4,-36.36534710156251,2,0.6770916093749983,0,24.188523570312523,6
adaptive-volatility-matrix-joat,volatility,OK,5,2,0.2,-0.6667701562500001,7.1572170078125055,-7.823987164062506,6.490446851562505,-0.7865511258882654,1.94542891079463,50.0,0.13,0,6.490446851562505,1,-7.823987164062506,1,0,0,0,0,0,0
ag-pro-pivot-points-reaction-map-agpro-series,volatility,OK,5,4,0.2,0.5110995576171995,16.581376208627415,-19.10309613281251,26.61849070312502,-0.3448389855468864,1.586516074624871,8.333333333333332,0.192555497788086,0,-0.24804874609371474,12,-19.10309613281251,3,26.61849070312502,6,0,0,-5.222947593749995,6
anchored-vwap-by-time-matteoarroz,volatility,OK,5,3,0.2,-4.295246549479163,16.641276398607072,-24.0242706015625,16.681075757812504,-0.9173865128578415,1.7445865020014815,37.5,0.15999999999999998,0,-24.0242706015625,2,-5.542544804687495,4,33.00325178125,0,0,0,16.681075757812504,8
atr-levels-daily-open,volatility,OK,5,1,0.0,-20.7950197265625,0,-20.7950197265625,-20.7950197265625,-2.2644447766614118,0,0.0,0.03,0,0,0,-20.7950197265625,1,0,0,0,0,-5.866392343750005,0
atr-side-box-pro,volatility,OK,5,4,0.0,-28.859762498046848,14.279245542672266,-48.88833648437496,-13.742957843749945,-6.307478443838486,3.797476882675252,34.32539682539682,0.12,0,-48.88833648437496,14,-13.742957843749945,9,34.43945217187499,0,-17.080168398437497,2,-35.727587265625,2
average-volatility-zones,volatility,OK,5,5,0.4,0.7431816390625094,20.935442778803147,-31.87584181249999,30.483856242187514,-0.8066353101579562,2.6383098422601488,40.0,0.2937159081953125,0,13.549426742187512,4,-0.36888842187498816,2,30.483856242187514,2,-8.072644554687503,1,-31.87584181249999,4
bigbull-x-2-strategy,volatility,OK,5,4,0.6,3.278092811523446,12.204601380069489,-17.525520320312484,13.697965019531258,0.16247289109918883,1.714893021943768,45.83333333333333,0.3463904640576172,0,13.697965019531258,4,-17.525520320312484,5,0,0,8.986725031249996,1,7.953201515625012,9
breakout-acceptance-score-bas,volatility,OK,5,3,0.2,-9.36661681119791,17.874625878490257,-30.51669136328125,13.198380234375016,-2.397249906435581,2.42080584068416,39.285714285714285,0.15999999999999998,0,-30.51669136328125,4,-10.175474984375004,0,-10.781539304687495,2,4.399802789062495,0,13.198380234375016,7
capital-leadership-review-weekly,volatility,OK,5,4,0.4,-6.085974375976562,14.49552240569373,-29.841724957031268,6.956908039062487,-1.7037750618604721,2.609220146657512,38.94489247311827,0.26,0,-29.841724957031268,6,-5.661347250000006,8,4.202266664062539,6,0,0,6.956908039062487,62
confirmed-compression-blocks-breakout-targets-codapro,volatility,OK,5,2,0.0,-6.3244092070312465,0.4206425507812521,-6.745051757812499,-5.903766656249995,-0.5525317515396184,0.025591765437498137,16.666666666666664,0.06,0,0,0,-6.745051757812499,1,0,0,0,0,-5.903766656249995,3
cote-volatility,volatility,OK,5,2,0.0,-9.625043007812499,1.2603789531250005,-10.8854219609375,-8.364664054687498,-1.7963372131023676,0.2279934413034036,0.0,0.06,0,25.46049444921875,0,-8.364664054687498,1,39.0703049609375,0,0,0,-10.8854219609375,1
cpt-pullback-edge-tool-callput-past-present-11,volatility,OK,5,5,0.4,-3.216741241406248,6.624559969570979,-12.845294929687487,5.253173171874994,-0.7598950134957916,1.2046839897931352,44.205128205128204,0.29,0,1.2648819843750099,26,-12.845294929687487,6,5.253173171874994,10,-1.0461698203124978,2,-8.710296613281258,20
cusum-structural-break-detector,volatility,OK,5,4,0.4,0.12279841308592987,18.758602073905678,-28.812871722656258,21.621978453124978,-1.1366699188797842,3.043727968745153,41.94444444444444,0.2606139920654296,0,-28.812871722656258,12,-2.4993889375000142,5,21.621978453124978,9,0.6770916093749983,0,10.181475859375015,12
d1-range-in-pips,volatility,OK,5,5,0.4,-1.1214195109374931,14.373191246269114,-15.58880500390625,23.46757503906252,-0.786514155762716,1.882155126364649,38.488095238095234,0.29,0,6.354720464843775,24,-7.88483553125002,16,23.46757503906252,20,-11.955752523437493,2,-15.58880500390625,21
daily-atr-info-box-with-buffers,volatility,OK,5,4,0.2,-7.623203577148426,13.236960333188437,-26.332328480468686,9.441582249999993,-2.058570814597574,2.3413300449829664,43.33333333333333,0.19,0,-26.332328480468686,24,9.441582249999993,12,-1.4029658671875076,3,0,0,-12.199102210937504,5
daily-candle-right-side,volatility,OK,5,5,0.6,-4.770753098437517,15.546542795221486,-33.19527710156253,10.117668804687506,-1.0185436435533721,2.07875618620277,59.96645999671248,0.36,0,-33.19527710156253,57,7.185850335937459,46,-8.143245898437513,14,0.18123836718749953,7,10.117668804687506,59
daily-pips-movement-forex,volatility,OK,5,5,0.4,-3.8535929437499967,21.057953826572273,-32.69035050781249,19.144392546874993,-1.2417680890041694,2.228140037033161,63.14801864801865,0.29,0,-32.69035050781249,8,19.144392546874993,13,-22.45416607812501,5,-1.9319554765625069,3,18.66411479687503,11
dca-onetwo,volatility,OK,5,5,0.2,-7.433985299999992,8.675424625676088,-14.61402220703126,8.66516640625002,-1.5921913554694291,1.6686598392915806,34.273353677590706,0.21999999999999997,0,-5.340612480468699,61,-12.411222968750007,33,8.66516640625002,53,-13.469235250000011,4,-14.61402220703126,59
distance-from-ath,volatility,OK,5,2,0.0,-19.372394833984384,12.81854170898439,-32.19093654296877,-6.5538531249999945,-3.2854341298469394,2.4338707805269624,0.0,0.06,0,-32.19093654296877,5,-6.5538531249999945,1,0,0,0,0,0,0
donchian-ribbon-ualgo,volatility,OK,5,4,0.6,8.946655958984378,18.82784041963822,-22.42268230468751,27.094356007812486,-0.2600661979765785,2.9698588640716768,41.66666666666666,0.3747332797949219,0,27.094356007812486,3,-22.42268230468751,3,18.487495609375024,3,8.309633421874999,0,12.627454523437512,3
dvol-based-bitcoin-volatility,volatility,OK,5,5,0.8,3.667459876562507,3.400853980726786,-1.3788500625000162,7.830971703125019,0.5388727934045658,0.6341026187678204,61.11111111111111,0.5398116446908574,0,7.098517539062538,9,7.830971703125019,8,2.3226398984374974,1,-1.3788500625000162,2,2.4640203046874958,6
fair-value-gap-signals-ualgo,volatility,OK,5,1,0.2,9.583716343749998,0,9.583716343749998,9.583716343749998,1.7733078376250426,0,100.0,0.39791858171875005,0,0,0,0,0,9.583716343749998,1,0,0,0,0
fixed-range-line-range-shift-signals-with-t1,volatility,OK,5,5,0.6,5.233890603906248,8.552017163922498,-3.783912554687515,19.94868140624999,0.4737457125779079,0.7966036077811193,48.91434493526071,0.43701855107425136,0,-2.7015401874999663,60,-3.783912554687515,29,19.94868140624999,60,5.2661968203125,7,7.440027535156231,61
flux-origin-flow,volatility,OK,5,1,0.2,15.053956226562498,0,15.053956226562498,15.053956226562498,1.7495458402853634,0,100.0,0.42526978113281255,0,15.053956226562498,1,0,0,0,0,0,0,-3.7053741093749997,0
flux-pulse-orb,volatility,OK,5,5,0.4,0.5033623648437462,9.946885218034522,-10.157533078124995,15.237622800781262,-0.38446222059285917,1.258455569826963,33.78274037584382,0.29251681182421874,0,15.237622800781262,29,-9.012849531250017,27,8.63675982812498,25,-2.187188195312497,3,-10.157533078124995,28
fvg-candle-painter-algorich,volatility,OK,5,3,0.4,-3.3969872278645874,20.744791464396222,-30.377331472656255,20.071427609374997,-1.3110791484207887,2.8271326700023134,52.38095238095238,0.22999999999999998,0,-30.377331472656255,2,0,0,0.1149421796874958,1,0,0,20.071427609374997,7
fvg-touch-extension-tag,volatility,OK,5,5,0.0,-23.756059129687497,12.968195992876272,-41.59693530468755,-6.7947253203125,-4.4189522727196,1.9557951150093962,30.1031746031746,0.15,0,-30.212544867187464,81,-10.969603132812496,5,-41.59693530468755,24,-6.7947253203125,2,-29.206487023437482,7
fx-setup-scanner-currency-strength-and-divergence,volatility,OK,5,4,0.4,5.4053063222656315,15.246027767579772,-10.113265664062478,27.019982078125004,0.012639783605362387,1.5541281710699617,20.625,0.28702653161132813,0,12.436042203125005,8,-10.113265664062478,5,27.019982078125004,4,0,0,-7.721533328125006,4
gioc3p-sessions,volatility,OK,5,4,0.4,-3.5553146357421763,18.754998815252915,-29.840373691406246,18.678007929687517,-1.2952734416944445,2.561496862856092,24.999999999999996,0.26,0,-29.840373691406246,3,-11.86304876562499,2,8.804155984375015,3,0,0,18.678007929687517,6
guacs-daily-atr-box-remaining-locked-w-extensions,volatility,OK,5,5,0.4,-5.258832488281256,14.90881208519922,-25.327016886718717,15.36735150781249,-1.450223134570624,1.8930073196268253,32.57142857142857,0.29,0,-25.327016886718717,20,8.099069499999969,7,-14.208289453125019,6,-10.225277109375005,1,15.36735150781249,15
hawkes-vol-expansion-detector-ufvg,volatility,OK,5,1,0.0,-6.403997375000022,0,-6.403997375000022,-6.403997375000022,-0.6376835866392875,0,51.02040816326531,0.03,0,-1.5438383750000066,0,0,0,0,0,0,0,-6.403997375000022,49
hiddenridder-reversal-vix,volatility,OK,5,3,0.2,3.3699274453124963,14.720452454462437,-8.781136609374997,24.084493335937484,-1.12296216189472,2.2426501306826796,22.222222222222218,0.17684963722656247,0,24.084493335937484,3,-5.193574390624999,1,0,0,0,0,-8.781136609374997,3
honeymoonist-panic-buy-sell,volatility,OK,5,4,0.2,-11.35810345703125,18.954263077110603,-30.273659796874995,19.321796406250023,-2.037476082976441,2.305094343986924,29.375,0.19,0,-23.10550917187502,5,-11.375041265625011,8,-30.273659796874995,2,0,0,19.321796406250023,10
hourly-volatility-profile-pro-mataf-style,volatility,OK,5,5,0.2,-3.7675454531250083,10.917814015640575,-13.469235250000011,17.535052894531283,-1.0203100021524754,1.7283794264509738,39.442318206670315,0.21999999999999997,0,17.535052894531283,62,-8.698764179687496,59,-6.233329429687539,16,-13.469235250000011,4,-7.971451300781278,62
ic-locate,volatility,OK,5,4,0.4,-1.6691711552734416,17.711936716038316,-26.435899019531234,23.370535742187478,-1.1051629915372618,2.7514839333296672,38.08760683760684,0.26,0,-26.435899019531234,13,-4.4922774609374905,9,0,0,0.8809561171874811,3,23.370535742187478,12
ict-rth-open-gaps,volatility,OK,5,5,0.2,-9.398800506250003,14.027567082188751,-33.19527710156253,9.882456859375,-1.493921835942545,1.865252652164968,55.055874981571584,0.21999999999999997,0,-33.19527710156253,57,-12.482631992187496,14,-7.528161453124979,17,-3.670388843750014,8,9.882456859375,60
inside-bar-strategy-with-sltp,volatility,OK,5,5,0.2,-1.7076916195312282,5.452822721382695,-7.982059593749975,8.469990511718773,-0.8846575864854136,1.471884247825349,23.797827903091065,0.21999999999999997,0,8.469990511718773,20,-2.5523558124999544,19,-2.835554453124991,9,-3.6384787499999947,3,-7.982059593749975,28
institutional-edge-toolkit-clever,volatility,OK,5,5,0.6,3.8869665296875007,11.978365885787033,-10.4665973046875,21.42789783593749,-0.22543306467266427,1.5886649820226553,40.0,0.37943483264843747,0,13.94064121093751,1,0.001240453125006752,1,21.42789783593749,1,-5.468349546875005,1,-10.4665973046875,1
jensens-convexity-score,volatility,OK,5,1,0.2,2.6262857031250024,0,2.6262857031250024,2.6262857031250024,0.9505236095824453,0,100.0,0.36313142851562497,0,0,0,2.6262857031250024,1,0,0,0,0,0,0
kurtosis-model,volatility,OK,5,1,0.2,3.0962280078124316,0,3.0962280078124316,3.0962280078124316,0.27170430385080435,0,58.06451612903226,0.3654811400390622,0,0,0,1.3656718203125058,0,0,0,0,0,3.0962280078124316,31
liquidation-cascade-detector-basic-20,volatility,OK,5,4,0.0,-21.25021802929687,4.904820008311785,-27.035879476562474,-14.409950773437508,-2.803319351391693,1.3309735163360183,40.476190476190474,0.12,0,-27.035879476562474,6,-14.409950773437508,7,-24.553291640624984,1,0,0,-19.00175022656252,2
liquidation-cascade-detector-basic,volatility,OK,5,1,0.2,21.369560652343743,0,21.369560652343743,21.369560652343743,1.520237203786953,0,100.0,0.4568478032617187,0,21.369560652343743,1,-0.2910457421875035,0,0,0,6.101713937499997,0,-26.902219656250004,0
liquidity-zones,volatility,OK,5,3,0.6,19.05364388932291,8.50404636402905,9.410099398437495,30.09873872656244,1.266665623139888,0.43591819861520453,36.666666666666664,0.5362886697928134,0,17.652093542968796,15,9.410099398437495,1,0,0,0,0,30.09873872656244,14
manual-x-sigma-volatility-trailing-stop,volatility,OK,5,5,0.4,4.599044999999997,17.324644083753764,-13.469235250000011,27.495655390625036,-0.34720901221035405,2.1495630145287707,38.36730009608199,0.312995225,0,23.2164695585937,29,-10.901314359374998,38,27.495655390625036,17,-13.469235250000011,4,-3.346350339843746,40
modern-real-time-adr-session-hub-v2,volatility,OK,5,5,0.4,-0.4055778296874927,8.617513142143226,-10.694657281249995,14.97287000390631,-0.18614024128655043,1.2735349590602147,54.007038712921066,0.29,0,14.97287000390631,26,-10.694657281249995,17,-1.3030583750000224,9,0.609299437499998,2,-5.612342933593754,24
mtf-volatility-treshold,volatility,OK,5,1,0.2,16.428994023437465,0,16.428994023437465,16.428994023437465,0.9885207457443408,0,54.43037974683544,0.43214497011718733,0,0,0,0,0,0,0,0,0,16.428994023437465,79
neighboring-trailing-stop-luxalgo,volatility,OK,5,3,0.0,-16.428073692708328,9.168957504755847,-29.39088099218749,-9.665791468750001,-2.946688381252715,2.033954528877274,8.333333333333334,0.09,0,-29.39088099218749,4,-10.227548617187495,2,30.758603124999993,0,0,0,-9.665791468750001,2
pnl-ruler-nlr,volatility,OK,5,1,0.2,1.7269451874999941,0,1.7269451874999941,1.7269451874999941,1.5723814641161125,0,100.0,0.3586347259375,0,0,0,9.986978140624997,0,0,0,0,0,1.7269451874999941,1
prev-day-high-low-trade-success-academy,volatility,OK,5,5,0.2,-10.437492342968751,13.834952691692678,-32.28019616015622,7.866648101562503,-2.3420038863380297,2.395153338980257,32.92063492063492,0.21999999999999997,0,-32.28019616015622,70,7.866648101562503,22,-18.111656570312494,5,-8.23178184375001,6,-1.4304752421875309,63
prev-day-high-low,volatility,OK,5,5,0.2,-17.749357696875002,13.127356528427441,-34.018995925781276,4.625928781250011,-3.8622972027063627,2.7454561598043017,35.76432329029173,0.21999999999999997,0,-26.623480800781223,51,-18.982426773437503,15,4.625928781250011,25,-13.74781376562502,5,-34.018995925781276,41
pro-minimalist-atr-stats-box,volatility,OK,5,3,0.2,-11.48451528645833,11.74009435809582,-25.75642989843749,2.9984865468750064,-1.6473352607355274,1.8033373575593878,52.77777777777777,0.15999999999999998,0,-25.75642989843749,6,2.9984865468750064,1,0,0,-4.367049054687493,0,-11.69560250781251,4
pseudo-footprint-price-levels,volatility,OK,5,5,0.4,0.38251932265624655,10.070442303547319,-10.487601117187499,15.237622800781262,-0.4111139168275423,1.2808074126257616,32.61871921182266,0.2919125966132812,0,15.237622800781262,29,-9.286996703125013,21,8.63675982812498,25,-2.187188195312497,3,-10.487601117187499,28
quantum-trendmatrix-by-pdoge,volatility,OK,5,3,0.0,-18.092147959635415,13.424495125106516,-37.00038605859375,-7.160022468750002,-3.540700006006403,2.9383984974228428,33.333333333333336,0.09,0,-37.00038605859375,2,0,0,-10.116035351562502,1,0,0,-7.160022468750002,1
radiant-mean-reversion-channels-pineify,volatility,OK,5,2,0.2,-1.195334947265641,24.214444041015625,-25.409778988281268,23.019109093749986,-1.2795165023024286,2.475736429724372,62.5,0.13,0,-25.409778988281268,4,23.019109093749986,1,0,0,0,0,-22.676678023437503,0
return-distribution-thetaloop,volatility,OK,5,2,0.4,1.960483509765618,1.5257144667968825,0.4347690429687355,3.4861979765625004,0.16517326007112001,0.11061820929249669,37.5,0.4321478652257039,0,0.4347690429687355,8,3.4861979765625004,18,0,0,0,0,0,0
rsi-divergence-v6,volatility,OK,5,1,0.0,-24.658569875,0,-24.658569875,-24.658569875,-2.5643167770648416,0,0.0,0.03,0,-20.498194054687495,0,-8.267037203125001,0,32.2109993828125,0,0,0,-24.658569875,1
rsi-superstack,volatility,OK,5,4,0.2,-7.516226873046875,7.509614052420048,-15.729904515625021,4.215835718750022,-1.260720300853157,1.4872217934494047,54.16666666666667,0.19,0,0,0,-6.603163421875012,2,-15.729904515625021,15,4.215835718750022,6,-11.94767527343749,54
sample-entropy-sampen-regime-detector,volatility,OK,5,2,0.2,0.58963191210937,22.530340271484384,-21.940708359375012,23.119972183593752,-0.07722408796057056,2.3791876078459477,66.66666666666666,0.13294815956054684,0,23.119972183593752,1,-0.2910457421875035,0,0,0,-8.509022828125001,0,-21.940708359375012,3
sara-strat-snipers-50-percent-status,volatility,OK,5,4,0.2,-2.377903063476562,5.016034818414755,-10.212497414062497,3.6017891249999954,-0.2982435653976684,0.697087118904026,12.5,0.19,0,-0.5058613632812484,1,-2.395042601562498,2,3.6017891249999954,2,0,0,-10.212497414062497,1
session-sniper-map-forexobroker,volatility,OK,5,4,0.4,-12.303002713867187,23.472349833927105,-37.4328966484375,19.887356015625016,-2.4898211276811786,3.117713625482357,22.916666666666664,0.26,0,-31.819932410156255,4,0.1534621874999866,3,-37.4328966484375,1,0,0,19.887356015625016,3
shalli-rsi-shalli,volatility,OK,5,3,0.4,-2.9585281679687565,6.84539547014456,-12.562284859375024,2.8993102968750026,-0.422289903426718,0.9519951991534548,27.777777777777775,0.22999999999999998,0,0.7873900585937517,4,-12.562284859375024,3,0,0,0.6770916093749983,0,2.8993102968750026,3
simulation-structural-synthesis-dafe,volatility,OK,5,1,0.2,6.526234265624997,0,6.526234265624997,6.526234265624997,2.034682733601707,0,100.0,0.38263117132812496,0,6.526234265624997,1,1.8108109296875046,0,0,0,0,0,0,0
smart-liquidity-framework-clever,volatility,OK,5,4,0.0,-15.56296072851564,9.29717984877245,-25.90996230468752,-5.81362319531251,-3.527267675643636,2.0074845407989703,31.12331081081081,0.12,0,-25.90996230468752,37,-23.733532093750025,16,0,0,-6.7947253203125,2,-5.81362319531251,50
stable-stocks-ema-extension-smh,volatility,OK,5,4,0.4,2.4756326904297095,11.911742312641296,-8.415680796875007,21.463410011718793,-0.7012342098353861,1.9555112499412475,43.64583333333333,0.2723781634521485,0,21.463410011718793,20,-6.846386257812497,1,3.7011878046875504,16,0,0,-8.415680796875007,6
standard-deviation-ob-pressure,volatility,OK,5,4,0.4,-0.8977582333984184,17.440280745018743,-26.502683335937384,21.945012144531194,-0.8113785646336273,2.0092366528701597,40.707013574660635,0.26,0,-26.502683335937384,39,4.692503875000009,10,-3.7258656171874898,12,-8.509022828125001,0,21.945012144531194,17
stop-loss-cascades-breakouts-kioseff-trading,volatility,OK,5,3,0.2,-9.489232046875012,14.960103251046222,-29.986133117187507,5.2995729687499695,-1.9566629171760923,2.718844163745587,41.261574074074076,0.15999999999999998,0,-29.986133117187507,4,-3.7811359921874974,9,0,0,0,0,5.2995729687499695,64
stress-regime-monitor-thetaloop,volatility,OK,5,3,0.2,-6.206041382812496,16.435870661150727,-24.632485429687453,15.277322710937485,-1.171570610139259,2.0371627487082233,58.333333333333336,0.15999999999999998,0,-24.632485429687453,16,15.277322710937485,3,0,0,-4.367049054687493,0,-9.262961429687522,8
supply-demand-cumulative-volume-delta-flow-chartprime,volatility,OK,5,4,0.6,6.951783830078148,12.51049009272468,-9.45132371093746,24.061404281250027,0.4540128329567143,1.0357634742436954,77.08333333333333,0.3647589191503907,0,-9.45132371093746,4,0.9417252656250202,3,24.061404281250027,3,0,0,12.255329484375006,1
tl5-alerts-day-high-low-tracker,volatility,OK,5,4,0.4,5.097321005859376,11.608260207621015,-9.06954823437499,21.20437324999999,0.20226588707094428,1.1675077504547127,0.0,0.28548660502929685,0,10.331556585937506,1,-2.077097578125002,1,21.20437324999999,1,0,0,-9.06954823437499,1
top-down-htf-candles-confirmed,volatility,OK,5,5,0.6,2.481983683593745,4.009578418948288,-3.581852992187531,6.613145546875006,0.41290865891282313,0.9598282049458076,61.55555555555556,0.38245286718151683,0,3.6758052304687587,15,6.613145546875006,18,-0.6734173359374982,6,6.376237968749993,2,-3.581852992187531,18
trailing-stop-loss-alert,volatility,OK,5,5,0.6,2.5315623625000065,22.9746237429082,-30.90081896484374,32.66162651562499,-0.36986456852299143,2.3069242044710476,33.03096903096903,0.3726578118125,0,19.223257339843766,11,-15.239484093749983,14,32.66162651562499,5,6.913231015625003,2,-30.90081896484374,13
velocity-acceleration-momentum-vam,volatility,OK,5,4,0.4,7.937859589843752,13.423653534511734,-9.216476382812486,23.62484400000001,0.6266056336603059,1.3024227574568092,54.16666666666666,0.2996892979492187,0,18.141187265624993,3,-9.216476382812486,6,23.62484400000001,3,0,0,-0.7981165234375075,2
vix-highlow-zones-pro,volatility,OK,5,1,0.0,-14.435569562499994,0,-14.435569562499994,-14.435569562499994,-1.384749973673902,0,0.0,0.03,0,0,0,-12.4287650859375,0,0,0,0,0,-14.435569562499994,1
vix-range-levels-rule-of-16,volatility,OK,5,5,0.6,-1.3966000171875002,16.3814807948237,-27.034053835937478,20.419902664062523,-0.9419432672977284,2.1783607394878493,48.15124933545986,0.36,0,20.419902664062523,24,5.9007621249999795,22,5.503236117187495,9,-11.77284715625002,3,-27.034053835937478,19
volatility-ranges-lab-open,volatility,OK,5,4,0.4,3.329722701171882,10.09094853807534,-5.383632296874988,20.38878100781252,-0.2000502011964562,1.6246845299935537,37.5,0.2766486135058594,0,-2.5088963593749942,1,-5.383632296874988,1,20.38878100781252,3,0,0,0.8226384531249933,2
voledge-regime-clock,volatility,OK,5,4,0.4,-4.576608039062501,15.067468929365809,-26.75359719531253,13.33342092187502,-1.0964294489380686,2.357698692706128,30.0,0.26,0,-26.75359719531253,5,-9.016674156249996,2,4.130418273437506,2,0,0,13.33342092187502,2
volprofex-volatility-time-window-analyzer,volatility,OK,5,1,0.2,16.320376515625,0,16.320376515625,16.320376515625,1.9249611501549875,0,100.0,0.43160188257812504,0,0,0,0.006259078125003725,0,16.320376515625,1,-3.229514218750002,0,-11.785774562499995,0
wave-velocity-directional-pro,volatility,OK,5,5,0.2,-8.772950220312481,13.155920767167276,-31.59156964843739,8.707369804687477,-1.9641788421086983,2.2018459964106754,36.34245119959406,0.21999999999999997,0,-31.59156964843739,55,-8.426927890624981,13,-9.92092534375003,5,-2.6326980234374933,9,8.707369804687477,49
weight-of-the-wicks,volatility,OK,5,3,0.0,-3.86601644661458,1.5147919203884912,-5.956356984374986,-2.4149531250000003,-1.3346801076708672,0.4240095796315259,20.0,0.09,0,-5.956356984374986,5,-2.4149531250000003,1,0,0,0,0,-3.226739230468753,10
wick-rejection-signal-indicator-jamil,volatility,OK,5,4,0.4,-7.976120260742192,19.243212104268117,-32.246196937500024,17.439744148437487,-1.135522324479628,2.0864041127758184,27.5,0.26,0,2.531275761718774,8,-19.629304015625006,4,17.439744148437487,5,-1.7537352265624941,0,-32.246196937500024,5
z-score-normal-distribution-with-alerts,volatility,OK,5,4,0.2,0.21423157617187805,9.767908560351204,-7.287320320312501,16.934591351562513,-0.0807280037655039,1.2951560215377542,37.5,0.19107115788085938,0,16.934591351562513,2,-7.287320320312501,1,0,0,-3.1084654531249982,1,-5.681879273437502,2
z-score-volume-range-anomaly-detector,volatility,OK,5,2,0.0,-9.831464339843741,1.7844856367187392,-11.61594997656248,-8.046978703125001,-2.8711602373855403,0.5524046263710647,26.666666666666664,0.06,0,-11.61594997656248,3,0,0,0,0,-8.046978703125001,5,0,0
aivance-opening-range-vol-factor,volume,OK,5,5,0.2,-5.856090163281252,8.22547774973251,-13.571019589843738,8.63675982812498,-1.23889409213803,1.1083570789939488,26.06580086580086,0.21999999999999997,0,-13.571019589843738,30,-11.671401742187504,11,8.63675982812498,25,-2.187188195312497,3,-10.487601117187499,28
alizet-60-volume,volume,OK,5,2,0.0,-11.951523769531262,9.840376363281257,-21.79190013281252,-2.1111474062500055,-2.28370367070246,2.082494702155234,47.72727272727273,0.06,0,-21.79190013281252,22,0,0,0,0,0,0,-2.1111474062500055,56
auto-cmecomex-volume-fixed,volume,OK,5,5,0.2,-5.399589167187495,17.605719089846957,-33.311015937499995,21.611018335937494,-1.232955892581761,2.280228689374593,44.69565217391305,0.21999999999999997,0,-33.311015937499995,20,-5.649287445312482,23,-9.322211382812501,3,-0.3264494062499871,2,21.611018335937494,18
btc-bar-volume-color,volume,OK,5,1,0.0,-22.505359507812507,0,-22.505359507812507,-22.505359507812507,-4.957350865274978,0,0.0,0.03,0,-22.505359507812507,3,0,0,0,0,0,0,0,0
bullbear-volume-diagram,volume,OK,5,4,0.4,0.6262302500000025,22.614689540203507,-23.282713476562495,27.309169437499992,-0.8492113519186432,1.9739807580283513,37.5,0.26313115125,0,-20.23167363281247,4,27.309169437499992,2,-23.282713476562495,2,0,0,18.710138671874983,1
dollar-normalized-volume-imoex,volume,OK,5,5,0.4,-5.732198333593753,16.91144976920433,-33.37997898828121,11.420221749999968,-1.9330891742789036,2.716234519014826,34.74136321195145,0.29,0,-33.37997898828121,17,11.393494289062465,9,-3.7506494687499945,5,-14.344079249999995,1,11.420221749999968,14
dollar-normalized-volume-v2,volume,OK,5,5,0.2,-6.766267791406236,17.261180563131933,-32.011641785156186,20.683959328125,-1.287140784802855,1.903636125715603,47.04040404040404,0.21999999999999997,0,-32.011641785156186,48,-14.622408171874996,27,-7.19718904687502,14,-0.6840592812499817,4,20.683959328125,55
effort-vs-result-context-overlay,volume,OK,5,3,0.4,1.219146835937499,4.988751748690771,-5.663127624999994,6.00460162500001,0.5693951292887081,1.78139869148969,66.66666666666667,0.2360957341796875,0,0,0,3.315966507812482,2,6.00460162500001,1,0,0,-5.663127624999994,1
firmapp-daily-basis-v12,volume,OK,5,5,0.4,-3.6687621671874835,17.961427852106294,-25.607437953124943,22.763532765625,-1.6862362771801234,2.2369765411415696,34.43386243386243,0.29,0,-25.607437953124943,27,11.681611351562534,21,-14.123089296875014,7,-13.058427703124995,2,22.763532765625,20
mapa-de-calor-de-volume-customizacao-de-opacidade,volume,OK,5,5,0.4,-13.087325529687485,15.54812121452666,-36.409858429687475,7.675671539062518,-2.726950436597725,2.8907680323494183,42.91904761904762,0.29,0,-36.409858429687475,48,-18.06677328906249,16,-18.816905835937476,5,0.18123836718749953,7,7.675671539062518,50
mapa-de-calor-de-volume,volume,OK,5,1,0.2,12.720924851562494,0,12.720924851562494,12.720924851562494,1.785579810056455,0,100.0,0.4136046242578125,0,12.720924851562494,1,0,0,21.236715750000005,0,0,0,-3.7053741093749997,0
periodic-anchored-vwap,volume,OK,5,4,0.2,-12.39581128710936,22.45089012681027,-36.14881422656249,19.887356015625016,-2.410487941870527,2.9160747677905587,43.33333333333333,0.19,0,-30.324347976562482,4,-2.997438960937492,5,-36.14881422656249,2,0,0,19.887356015625016,3
relative-volume-multi-timeframe-d-w-m,volume,OK,5,3,0.4,1.044603216145828,5.473590910930821,-6.686709140625011,5.242529046875003,-0.2653519636610264,1.8790144739156835,53.888888888888886,0.23522301608072912,0,4.577989742187492,4,0,0,5.242529046875003,3,0,0,-6.686709140625011,5
session-volume-averages,volume,OK,5,4,0.2,-2.7179568085937396,13.61876456792082,-17.54268525781251,19.232146476562555,-1.2019165555651405,1.6385842062405087,46.13095238095238,0.19,0,-17.54268525781251,2,-3.549536179687493,7,-9.011752273437509,4,0,0,19.232146476562555,12
time-segmented-rvol,volume,OK,5,5,0.4,-2.3828274757812387,17.30021072941305,-31.02589652734366,19.708914773437513,-0.9540965740524543,2.09352860555947,40.58030303030303,0.29,0,-31.02589652734366,55,19.708914773437513,50,-9.074026398437535,15,-1.0323135781249877,6,9.509184351562478,64
trading-bite-supply-demand-marker-v21,volume,OK,5,5,0.2,-3.0206500570312524,7.877618948448352,-14.954934109374998,9.532636386718774,-1.401854714609549,1.6085120662357377,27.72727272727273,0.21999999999999997,0,9.532636386718774,11,-0.6406713906250371,8,-4.755749328125006,4,-4.2845318437499955,1,-14.954934109374998,11
trading-value-auto-unit-kmb-with-price-labels,volume,OK,5,5,0.4,-5.732198333593753,16.91144976920433,-33.37997898828121,11.420221749999968,-1.9330891742789036,2.716234519014826,34.74136321195145,0.29,0,-33.37997898828121,17,11.393494289062465,9,-3.7506494687499945,5,-14.344079249999995,1,11.420221749999968,14
volume-bubble-big-trades,volume,OK,5,4,0.4,-8.060254401367171,16.974109999963012,-35.76421868359373,9.4799917421875,-1.5833967098061308,2.8888145586025775,48.537903757415954,0.26,0,-35.76421868359373,37,9.4799917421875,25,0.6035863984375028,5,6.101713937499997,0,-6.56037706249996,41
volume-bubbles-quantalgo,volume,OK,5,1,0.0,-22.265050304687495,0,-22.265050304687495,-22.265050304687495,-4.885113613785299,0,25.0,0.03,0,-22.265050304687495,4,0,0,0,0,0,0,0,0
volume-candle-highlighter,volume,OK,5,2,0.2,-4.9371039999999775,10.594315406250011,-15.531419406249988,5.657211406250033,-1.86809047423249,2.362830645383973,18.75,0.13,0,5.657211406250033,32,0,0,-15.531419406249988,1,0,0,0,0
volume-conviction-index-v10,volume,OK,5,4,0.4,0.07589965039065572,16.286105237147726,-25.48527985937495,18.740844187500013,-1.0234229372881942,2.8254546006605623,43.154761904761905,0.2603794982519533,0,-25.48527985937495,24,7.732093554687541,16,0,0,-0.6840592812499817,4,18.740844187500013,21
volume-defense-zones-markittick,volume,OK,5,4,0.8,17.310101713867205,11.450812836227044,2.778433625000034,34.388308871093756,1.0248630561492176,0.644706502510475,84.375,0.5753738829417172,0,34.388308871093756,1,13.003064664062492,3,2.778433625000034,8,0,0,19.07059969531253,4
volume-detection-nzs-alert,volume,OK,5,4,0.6,2.2860312910156138,6.117247220936803,-6.92847298437501,9.424189734374988,0.014363185488035057,1.820757932331074,59.166666666666664,0.34143015645507807,0,9.424189734374988,3,0.9089554374999717,4,5.739452976562505,1,0,0,-6.92847298437501,5
volume-profile-visible-range-vpvr-with-poc-price,volume,OK,5,4,0.2,-2.7179568085937396,13.61876456792082,-17.54268525781251,19.232146476562555,-1.2019165555651405,1.6385842062405087,46.13095238095238,0.19,0,-17.54268525781251,2,-3.549536179687493,7,-9.011752273437509,4,0,0,19.232146476562555,12
volume-ratio,volume,OK,5,5,0.6,6.066436235156251,15.380045613613863,-14.16920242968753,24.779269312500038,-0.034926289679721244,1.7221355681979602,45.161490683229815,0.3903321811757813,0,21.75685196484378,23,5.168424851562464,21,24.779269312500038,21,-7.203162523437495,3,-14.16920242968753,20
volume-spike-dot,volume,OK,5,1,0.0,-29.43596186328119,0,-29.43596186328119,-29.43596186328119,-5.594112086295989,0,45.16129032258064,0.03,0,-29.43596186328119,93,0,0,0,0,0,0,0,0
vwap-trader-nxi,volume,OK,5,5,0.4,-1.694347196093723,18.107007244888425,-33.0723316210937,22.00707515625008,-1.7330293641696541,3.9811462808508438,37.6781905135046,0.29,0,22.00707515625008,35,-1.9483549921875092,39,7.81493176562502,31,-3.273056289062501,2,-33.0723316210937,38
