script,category,status,num_windows,active_windows,profitable_ratio,avg_roi,roi_std,min_roi,max_roi,avg_sharpe,sharpe_std,avg_win_rate,consistency_score,orig_composite,w0_roi,w0_trades,w1_roi,w1_trades,w2_roi,w2_trades
arbitrage-detector-luxalgo,editors_picks,OK,3,3,0.0,-21.932174677224907,10.485373660240331,-36.72661418899769,-13.664316740654423,-4.630160492115691,3.666612383555875,39.054976387775106,0.15,0,-13.664316740654423,75,-36.72661418899769,58,-15.405593102022614,86
arbitrage-matrix-luxalgo,editors_picks,OK,3,2,0.0,-2.5535133121330658,1.9792681821620282,-4.532781494295094,-0.5742451299710374,-0.5592535863881314,0.4612772775196048,33.33333333333333,0.09999999999999999,0,-0.5742451299710374,3,3.3435555935640586,0,-4.532781494295094,3
htf-floating-candles-w-volume-footprint-theultimator5,editors_picks,OK,3,3,0.0,-20.0827833987797,15.81423511800548,-42.44734603975737,-8.831205904686678,-3.315242387205391,3.179611168163633,39.7528854260546,0.15,0,-8.831205904686678,55,-42.44734603975737,53,-8.96979825189506,59
hyperfork-matrix,editors_picks,OK,3,3,0.0,-20.14869529986873,15.348044265516444,-41.82161150085257,-8.284024345329803,-3.2594902161104593,3.0213986007507336,38.106204161841596,0.15,0,-8.284024345329803,56,-41.82161150085257,46,-10.340450053423817,59
mad-gann-o-maticus,editors_picks,OK,3,2,0.0,-2.5535133121330658,1.9792681821620282,-4.532781494295094,-0.5742451299710374,-0.5592535863881314,0.4612772775196048,33.33333333333333,0.09999999999999999,0,-0.5742451299710374,3,3.3435555935640586,0,-4.532781494295094,3
match-finder-theultimator5,editors_picks,OK,3,2,0.6666666666666666,11.40242503460771,2.096452938756477,9.305972095851233,13.498877973364188,1.4163959160019055,0.25826125968209757,53.97727272727273,0.5757801435858475,0,13.498877973364188,11,0,0,9.305972095851233,8
smart-trader-concentric-candles-aristotelian-cycloids,editors_picks,OK,3,3,0.0,-16.492001255264906,16.143994678366838,-39.30863832523005,-4.38107979129297,-2.5793325919174257,2.843997445915261,40.216503267973856,0.15,0,-4.38107979129297,32,-39.30863832523005,24,-5.786285649271696,34
smart-trader-episode-03-candles-and-tradelines,editors_picks,OK,3,2,0.0,-6.06619227796037,1.5782276248035125,-7.644419902763882,-4.487964653156857,-1.7248721937879665,0.5196504513814566,0.0,0.09999999999999999,0,-4.487964653156857,2,0,0,-7.644419902763882,3
tasc-202604-a-synthetic-oscillator,editors_picks,OK,3,3,0.6666666666666666,0.9974933010228902,6.7601205839340155,-8.25166333202373,7.716987283395269,0.22722385902322328,1.191153586467536,56.031746031746025,0.38832079983844775,0,-8.25166333202373,10,7.716987283395269,9,3.5271559516971323,7
trend-line-methods-tlm,editors_picks,OK,3,1,0.3333333333333333,11.941759858906618,0,11.941759858906618,11.941759858906618,1.8056816313173971,0,100.0,0.47637546596119973,0,-8.02396538831976,0,6.146144872382691,0,11.941759858906618,2
directional-movement-index-dmi,momentum,OK,3,3,0.3333333333333333,-0.418575386372225,2.940000389373461,-2.6686133310595905,3.734380238194295,0.1278886572703787,0.7312759286544804,57.142857142857146,0.3338476845030466,0,-2.3214930662513797,5,3.734380238194295,5,-2.6686133310595905,7
ema14chanut,momentum,OK,3,3,0.3333333333333333,-0.7117059723182942,14.53528378318153,-13.996529318541942,19.51550652675904,-0.8540196942846866,2.518494223602888,31.060606060606062,0.26666666666666666,0,-7.654095125171982,12,19.51550652675904,6,-13.996529318541942,11
macd-scalper,momentum,OK,3,1,0.0,-2.049497941513153,0,-2.049497941513153,-2.049497941513153,-0.33076177457217876,0,0.0,0.049999999999999996,0,-7.795583582625768,0,9.731730393235893,0,-2.049497941513153,1
mag7-real-time-impact-on-nq-breadth-alerts-mag-state,momentum,OK,3,2,0.0,-6.780789740115827,0.5970538191480301,-7.377843559263857,-6.183735920967797,-1.0088200136546934,0.1503038690744502,0.0,0.09999999999999999,0,-7.377843559263857,1,16.77167158944212,0,-6.183735920967797,2
market-internals-dashboard-add-tick-vold,momentum,OK,3,3,0.0,-20.14869529986873,15.348044265516444,-41.82161150085257,-8.284024345329803,-3.2594902161104593,3.0213986007507336,38.106204161841596,0.15,0,-8.284024345329803,56,-41.82161150085257,46,-10.340450053423817,59
nexous-cl-quantum-pulse-alpha-lorentzian-probabilistic-engin,momentum,OK,3,1,0.0,-4.258277482732228,0,-4.258277482732228,-4.258277482732228,-0.5882833006886228,0,0.0,0.049999999999999996,0,-4.258277482732228,1,6.7000425749836,0,2.7453420236819075,0
predictive-moving-average-convergence-divergence-ryder,momentum,OK,3,3,0.3333333333333333,-1.7681417957974626,3.4920651624699177,-6.397093902339329,2.036763875036908,-0.2164585043343629,0.8026261523857947,44.84126984126984,0.26666666666666666,0,-6.397093902339329,6,2.036763875036908,4,-0.9440953600899665,7
prev-day-high-low-close-continuing-trend,momentum,OK,3,3,0.0,-26.39678663693462,15.962062766293025,-48.89011837999121,-13.50127512217,-4.979814536065143,4.0909792244692245,35.47311827956989,0.15,0,-13.50127512217,87,-48.89011837999121,100,-16.798966408642663,93
quant-professional,momentum,OK,3,3,0.3333333333333333,-2.0769594337327146,6.786890444177136,-9.075204616714268,7.1108577462424,-0.6198975807001735,1.4669333545327756,37.36596736596737,0.26666666666666666,0,-4.266531430726275,13,7.1108577462424,11,-9.075204616714268,10
range-asianlondonpre-usa-by-frednat,momentum,OK,3,3,0.3333333333333333,-10.043179504505101,14.31517740789821,-30.245938042634705,1.1864138031722542,-1.460052210060556,2.0803353207777247,24.716553287981856,0.26666666666666666,0,-1.0700142740528535,21,-30.245938042634705,49,1.1864138031722542,9
rhokeo-vw-rsi-histogram-for-cumulative-delta-by-zeiirman,momentum,OK,3,1,0.3333333333333333,7.234336733421048,0,7.234336733421048,7.234336733421048,0.810064415606442,0,100.0,0.4528383503337719,0,-2.109807097393539,0,0,0,7.234336733421048,2
squeezeintraday-scalps,momentum,OK,3,3,0.6666666666666666,-2.067268173981239,8.561116881458807,-14.06715845190265,5.3258956755141265,-0.034275595754971744,1.7184211858043166,50.0,0.3833333333333333,0,-14.06715845190265,1,5.3258956755141265,1,2.539458254444806,2
stelarax-momentum,momentum,OK,3,3,0.3333333333333333,1.5462574421182804,20.577603730689347,-13.793216376465322,30.63285850498451,-0.7745470020709774,2.9156953925258913,37.96296296296296,0.27439795387725807,0,-12.20086980216435,9,30.63285850498451,3,-13.793216376465322,12
tuoppi-entries,momentum,OK,3,2,0.3333333333333333,-3.0293705639175528,12.502913928535671,-15.532284492453224,9.473543364618118,-1.4773145667513805,2.485351730319472,50.0,0.21666666666666665,0,9.473543364618118,1,-15.532284492453224,6,1.815870924316405,0
vp-rsi,momentum,OK,3,3,0.3333333333333333,-2.0755770706235057,2.893571864131405,-6.0393979966481135,0.7868048281244554,-0.4194270258353013,0.39214808390993716,11.111111111111109,0.26666666666666666,0,0.7868048281244554,6,-0.9741380433468585,1,-6.0393979966481135,6
xauusd-volume-profile-elite-nexous-cl,momentum,OK,3,3,0.3333333333333333,-2.205058308141456,10.745500189635424,-11.841851874710482,12.789183344473699,-0.43239210521434973,1.6993068737432317,46.07936507936508,0.26666666666666666,0,-11.841851874710482,24,12.789183344473699,25,-7.562506394187585,21
10ema-strategy-indicator,moving_averages,OK,3,3,0.6666666666666666,6.139930852929616,7.899430191178137,-2.1078057557527794,16.789335659604944,0.751201341143095,0.9520342076860185,75.45787545787546,0.42602443567647674,0,-2.1078057557527794,14,16.789335659604944,1,3.7382626549366833,13
15-sma-trend-friend-mtf,moving_averages,OK,3,3,0.3333333333333333,-6.098387576676958,7.063398875330603,-13.831385621820926,3.2442379449253496,-1.2847873571830943,1.5126040755506331,35.707070707070706,0.26666666666666666,0,-13.831385621820926,12,3.2442379449253496,5,-7.708015053135299,11
24k-scalp-trigger-ema-engulfing,moving_averages,OK,3,2,0.3333333333333333,0.27145007298749224,6.5709063388078865,-6.299456265820394,6.842356411795379,-0.1310127646669314,0.8458351280951151,42.2077922077922,0.21802391703160412,0,6.842356411795379,7,5.5422636131678,0,-6.299456265820394,11
5-ema-strategy,moving_averages,OK,3,3,0.3333333333333333,-3.4810197584813003,3.3428471393459764,-6.61148204064116,1.1521251559193915,-0.41670098304445496,0.4478230268436571,72.22222222222221,0.26666666666666666,0,-6.61148204064116,3,1.1521251559193915,6,-4.98370239072213,2
5-zerolag,moving_averages,OK,3,3,0.0,-7.038171261872239,4.744456430771501,-12.442543827731512,-0.892241650488184,-1.775636699513143,1.0322292075355497,26.984126984126977,0.15,0,-12.442543827731512,7,-0.892241650488184,3,-7.779728307397018,6
512-ema-cross-signals,moving_averages,OK,3,3,0.3333333333333333,0.8505027069996913,15.69102833259614,-13.432478866948369,22.69947061345949,-0.6109800546146288,2.494482807321373,19.166666666666668,0.2709191802016651,0,-6.7154836255120465,5,22.69947061345949,4,-13.432478866948369,8
9-ema-intraday-hybrid-trend-flip,moving_averages,OK,3,3,0.3333333333333333,-13.5377962010974,11.28158246001375,-22.52262674229541,2.37240209917078,-2.4727347682545466,1.9972806765792945,28.36206896551724,0.26666666666666666,0,-20.46316396016757,29,2.37240209917078,24,-22.52262674229541,30
920-mid-day-ma-50-filtered,moving_averages,OK,3,2,0.3333333333333333,-2.8516596663282545,7.918377921773136,-10.77003758810139,5.066718255444881,-0.639386826721176,1.3460861987730945,6.25,0.21666666666666665,0,5.066718255444881,1,4.061262931216436,0,-10.77003758810139,8
adaptive-centric-moving-average-luxalgo,moving_averages,OK,3,2,0.0,-5.944670759422639,0.8148128159447587,-6.759483575367398,-5.12985794347788,-1.396320591791211,0.005486015278823753,0.0,0.09999999999999999,0,-5.12985794347788,2,25.913464405142978,0,-6.759483575367398,3
adaptive-momentum-trend-arbitrex-trader,moving_averages,OK,3,1,0.0,-4.754216082901505,0,-4.754216082901505,-4.754216082901505,-0.8033299884858962,0,0.0,0.049999999999999996,0,-4.754216082901505,1,13.542988008677783,0,0,0
alg0-hal0-crypto-rvwap,moving_averages,OK,3,2,0.0,-3.1817250068588327,1.0237608434089198,-4.205485850267753,-2.157964163449913,-1.2073171822038455,0.5000804259783795,0.0,0.09999999999999999,0,-2.157964163449913,1,0.5114431140823872,0,-4.205485850267753,3
algov2,moving_averages,OK,3,3,0.0,-9.969255407644475,3.6026437928931583,-12.872208574208402,-4.891732681211579,-2.0205943952677026,0.26929759995135627,44.17805928940606,0.15,0,-12.872208574208402,46,-4.891732681211579,37,-12.143824967513444,41
ali-binay-40-robot,moving_averages,OK,3,3,0.6666666666666666,-1.0448283195946668,9.627845390006573,-14.19899731724216,8.576757577948316,-0.9052231236714309,2.2051467615803055,46.42857142857142,0.3833333333333333,0,8.576757577948316,7,-14.19899731724216,4,2.487754780509844,7
boabias-multi-timeframe-ema-analysis,moving_averages,OK,3,2,0.0,-5.717036870129283,0.45603931486800864,-6.173076184997291,-5.260997555261274,-1.7365908724750352,0.15786495527064348,0.0,0.09999999999999999,0,-6.173076184997291,3,0,0,-5.260997555261274,4
breakout-signals-donchian-200-ema-volume-atr-easier-stoc,moving_averages,OK,3,2,0.3333333333333333,0.5948804849736335,2.654684974690914,-2.0598044897172803,3.2495654596645474,0.01066047342483209,0.3273154626327497,45.833333333333336,0.3878122034333474,0,3.2495654596645474,2,18.61669393630793,0,-2.0598044897172803,12
buy-sell-signal-msriniv,moving_averages,OK,3,3,0.0,-7.507683558670474,5.244958928999138,-12.123363414839682,-0.17132338608580178,-1.0601860499139666,0.7307123172133524,27.597402597402596,0.15,0,-10.228363875085938,11,-0.17132338608580178,4,-12.123363414839682,14
buying-vs-selling-moving-averages-scalp-meter,moving_averages,OK,3,3,0.3333333333333333,1.1973348459126332,15.458171601525382,-10.487570190132304,23.040720137285142,-0.28664846662380233,2.3225895904680094,29.62962962962963,0.27265334089622983,0,-10.487570190132304,9,23.040720137285142,3,-8.961145409414938,10
candle-body-momentum-ukutalabs,moving_averages,OK,3,3,0.3333333333333333,-0.9544563576143847,7.029095461576976,-6.908062322077356,8.916417013500308,0.03104841030654019,1.9572533241337593,35.18518518518518,0.26666666666666666,0,-4.871723764266106,9,8.916417013500308,4,-6.908062322077356,9
clean-ema-cross-continuation-tabs-only,moving_averages,OK,3,2,0.3333333333333333,3.1421242631625566,6.589532840248524,-3.4474085770859677,9.73165710341108,0.2222951030208833,0.6876052458194326,47.77777777777778,0.31047597652762127,0,9.73165710341108,5,23.585684436795145,0,-3.4474085770859677,9
confluence-buysell-sub-30min,moving_averages,OK,3,1,0.0,-4.143766576455644,0,-4.143766576455644,-4.143766576455644,-1.8212317450570794,0,0.0,0.049999999999999996,0,-4.143766576455644,2,0,0,0,0
crossover-strategy-multi-timeframe-no-repaint,moving_averages,OK,3,2,0.0,-4.019650719032929,3.6247691837309537,-7.644419902763882,-0.3948815353019745,-1.1551506131459908,1.0893720320234324,25.0,0.09999999999999999,0,-0.3948815353019745,2,0,0,-7.644419902763882,3
crypto-918-momentum-pullback-highlight-ema,moving_averages,OK,3,2,0.0,-5.166397037531068,4.771515502229093,-9.93791253976016,-0.3948815353019745,-1.4522094074185428,1.3864308262959844,25.0,0.09999999999999999,0,-0.3948815353019745,2,12.327381267233868,0,-9.93791253976016,4
cumulative-displacement-moving-average,moving_averages,OK,3,3,0.0,-14.388786301593365,13.009197134914416,-32.77888670540213,-4.733333562801258,-3.0674722536006342,3.4733142201061824,37.136752136752136,0.15,0,-4.733333562801258,30,-32.77888670540213,13,-5.65413863657671,40
customized-double-bollinger-bands-wjdtks255,moving_averages,OK,3,3,1.0,4.2084126158681565,1.4647086602665593,2.5284269010118003,6.0978306433769465,1.1946942483108884,0.877783902269772,83.33333333333333,0.5515960875118978,0,2.5284269010118003,3,3.9989803032157214,3,6.0978306433769465,6
daily-bias-visual-pro-fran-pineda,moving_averages,OK,3,1,0.3333333333333333,35.14087459416714,0,35.14087459416714,35.14087459416714,1.8187908026588622,0,0.0,0.5923710396375024,0,-1.3834427811863135,0,35.14087459416714,1,-3.6947108908115625,0
daily-bullish-bearish-status-table,moving_averages,OK,3,3,0.0,-4.478032142542754,3.366684042488507,-8.773398308811316,-0.5515252102945087,-1.3047750602752348,1.3473384661933352,33.9584896224056,0.15,0,-0.5515252102945087,31,-8.773398308811316,3,-4.109172908522436,43
daily-weekly-bullish-bearish-status-table,moving_averages,OK,3,3,0.0,-4.478032142542754,3.366684042488507,-8.773398308811316,-0.5515252102945087,-1.3047750602752348,1.3473384661933352,33.9584896224056,0.15,0,-0.5515252102945087,31,-8.773398308811316,3,-4.109172908522436,43
directional-sma-trend-line,moving_averages,OK,3,3,0.3333333333333333,-2.0755770706235057,2.893571864131405,-6.0393979966481135,0.7868048281244554,-0.4194270258353013,0.39214808390993716,11.111111111111109,0.26666666666666666,0,0.7868048281244554,6,-0.9741380433468585,1,-6.0393979966481135,6
ema-1020,moving_averages,OK,3,2,0.0,-5.044594276210155,3.1865239710175888,-8.231118247227744,-1.8580703051925667,-0.7621480745683611,0.5137745528282411,8.333333333333332,0.09999999999999999,0,-1.8580703051925667,4,0,0,-8.231118247227744,6
ema-20-ema-50-touch-alert,moving_averages,OK,3,2,0.3333333333333333,1.2171556637068277,3.1503527773896787,-1.9331971136828507,4.367508441096506,0.1132029546852687,0.4155342338825116,40.87301587301587,0.36886888651457284,0,4.367508441096506,7,12.327381267233868,0,-1.9331971136828507,18
ema-2050-optimal-distance-m15,moving_averages,OK,3,2,0.0,-3.2456794434448386,2.2536995021225743,-5.499378945567413,-0.9919799413222645,-0.5812796141067579,0.31843017233246795,0.0,0.09999999999999999,0,-5.499378945567413,1,13.842843098949292,0,-0.9919799413222645,1
ema-5-13-20-signal-with-candle-filter-dashboard,moving_averages,OK,3,3,0.3333333333333333,-4.991565394233878,4.515317134047774,-9.837881325677648,1.0325715565716238,-0.6000139510020017,0.7758947995920035,11.111111111111109,0.26666666666666666,0,-6.1693864135956105,6,1.0325715565716238,2,-9.837881325677648,8
ema-9-20-auto-strategy,moving_averages,OK,3,2,0.0,-8.026701368407185,5.075432024802095,-13.10213339320928,-2.9512693436050905,-1.3247948380554675,0.9076484422966741,0.0,0.09999999999999999,0,-2.9512693436050905,4,0,0,-13.10213339320928,6
ema-912-momentum-cross-jrosario,moving_averages,OK,3,3,0.3333333333333333,5.889816592458622,16.9536541895637,-9.977952973723585,29.389690014723037,0.1935033923128704,2.2549000904623533,50.0,0.29611574962895976,0,-1.7422872636235844,2,29.389690014723037,1,-9.977952973723585,4
ema-921-rsi-exit-by-sandeep,moving_averages,OK,3,2,0.0,-7.575016057559594,5.527117335649686,-13.10213339320928,-2.0478987219099074,-1.2544983070743816,0.9779449732777599,0.0,0.09999999999999999,0,-2.0478987219099074,4,0,0,-13.10213339320928,6
ema-921-shading-only,moving_averages,OK,3,2,0.0,-7.575016057559594,5.527117335649686,-13.10213339320928,-2.0478987219099074,-1.2544983070743816,0.9779449732777599,0.0,0.09999999999999999,0,-2.0478987219099074,4,0,0,-13.10213339320928,6
ema-atr-pro-ultimate-engine,moving_averages,OK,3,2,0.0,-3.685931816199452,2.476847001160313,-6.162778817359765,-1.2090848150391393,-0.7748793285905404,0.3698695631359172,25.0,0.09999999999999999,0,-6.162778817359765,2,11.246138591427677,0,-1.2090848150391393,1
ema-cloud-alerts,moving_averages,OK,3,2,0.0,-5.0384814276596375,0.6480674886492128,-5.68654891630885,-4.390413939010425,-1.3593081523428074,0.18531802792475682,0.0,0.09999999999999999,0,-4.390413939010425,2,0,0,-5.68654891630885,3
ema-cloud-orb-dash,moving_averages,OK,3,2,0.0,-5.365861718237676,3.108324325236506,-8.474186043474182,-2.2575373930011704,-1.5961068030282033,0.9712222481305122,0.0,0.09999999999999999,0,-2.2575373930011704,1,3.9206000199153204,0,-8.474186043474182,3
ema-clouds-jb-style,moving_averages,OK,3,3,0.3333333333333333,-2.9049510406456776,3.639083258957704,-6.358956455854524,2.126106053953656,-1.5507482722005097,1.8776984197079138,16.666666666666668,0.26666666666666666,0,-6.358956455854524,2,2.126106053953656,2,-4.482002720036165,2
ema-cluster-absorption,moving_averages,OK,3,1,0.0,-1.6130401393748617,0,-1.6130401393748617,-1.6130401393748617,-0.6368021136929171,0,0.0,0.049999999999999996,0,-1.6130401393748617,2,0,0,0,0
ema-cross-alert-821-by-tjoma,moving_averages,OK,3,2,0.0,-6.304940227979809,1.3394796747840738,-7.644419902763882,-4.965460553195735,-1.7976944844700937,0.4468281606993294,0.0,0.09999999999999999,0,-4.965460553195735,2,0,0,-7.644419902763882,3
ema-cross-bb-20-sma-strategy,moving_averages,OK,3,2,0.0,-6.665251174280347,5.505795972319713,-12.17104714660006,-1.1594552019606343,-1.9125753024183154,1.7128185722333797,25.0,0.09999999999999999,0,-1.1594552019606343,2,4.061262931216436,0,-12.17104714660006,6
ema-crossing-first-order-appearance,moving_averages,OK,3,2,0.0,-2.689330977795573,2.0058886321908793,-4.695219609986452,-0.6834423456046934,-0.3450315438760307,0.24254744934837133,0.0,0.09999999999999999,0,-4.695219609986452,1,13.842843098949292,0,-0.6834423456046934,1
ema-multi-tf-strategy-red-filter,moving_averages,OK,3,3,0.3333333333333333,5.448470934721398,17.25660446227568,-9.844493113828314,29.565518653849416,0.132173657166789,2.2810046616464383,44.444444444444436,0.29390902134027364,0,-3.375612735856907,3,29.565518653849416,1,-9.844493113828314,4
ema-pro-swing-structure-entry,moving_averages,OK,3,2,0.0,-12.019400913619407,1.805726830265864,-13.825127743885272,-10.213674083353544,-2.5190438231732517,0.19430171720719125,0.0,0.09999999999999999,0,-13.825127743885272,1,11.246138591427677,0,-10.213674083353544,1
ema-sniper-pro-quantscript,moving_averages,OK,3,2,0.6666666666666666,4.230558845905783,0.3623797323198592,3.8681791135859243,4.592938578225643,1.0794460457249042,0.1435951832329352,100.0,0.5685873317546285,0,4.592938578225643,1,0,0,3.8681791135859243,1
ema-wave-rider-beginner-edition,moving_averages,OK,3,2,0.0,-4.978756211624051,3.0666473358423607,-8.045403547466412,-1.9121088757816904,-1.7523184308372377,1.3618034298234565,0.0,0.09999999999999999,0,-1.9121088757816904,1,5.5422636131678,0,-8.045403547466412,4
ema-xpair-crlmx,moving_averages,OK,3,2,0.0,-5.3725600249368295,0.2604840108637583,-5.633044035800587,-5.112076014073071,-1.4511682636115593,0.08018567487807948,16.666666666666664,0.09999999999999999,0,-5.633044035800587,2,0,0,-5.112076014073071,3
ema20-strong-touch-markervt,moving_averages,OK,3,3,0.6666666666666666,5.335021351561532,5.354577759523666,-1.084607307318831,12.023129858574917,0.512416919398102,0.5830650003563549,79.04761904761905,0.5142421900020522,0,12.023129858574917,7,-1.084607307318831,1,5.06654150342851,5
ematema-crossover,moving_averages,OK,3,2,0.0,-0.4045051795849795,0.23495331877237918,-0.6394584983573587,-0.16955186081260035,-1.3973251955714847,0.46751681887830354,0.0,0.09999999999999999,0,-0.16955186081260035,1,0,0,-0.6394584983573587,1
fr0x-heikin-ashi-close-levels,moving_averages,OK,3,3,0.3333333333333333,-7.765219076483544,17.341655446327227,-26.88685374222402,15.094915389651856,-1.5162110496749506,2.7980885068434906,43.57142857142858,0.26666666666666666,0,-11.50371887687847,21,15.094915389651856,12,-26.88685374222402,20
future-ema-projection,moving_averages,OK,3,2,0.6666666666666666,5.763475929130415,0.46813876143456534,5.295337167695849,6.23161469056498,0.7814893385070525,0.10950988140189766,50.0,0.5847732426285109,0,5.295337167695849,2,0,0,6.23161469056498,2
fx-correlation-matrix-pro-ema-trend,moving_averages,OK,3,2,0.0,-5.114507995163309,2.5299119076005736,-7.644419902763882,-2.584596087562735,-1.3382432381295044,0.9062794070399186,16.666666666666664,0.09999999999999999,0,-2.584596087562735,3,0,0,-7.644419902763882,3
genius-chart-structure,moving_averages,OK,3,2,0.3333333333333333,-0.2582312978411647,2.429785990122749,-2.688017287963914,2.1715546922815845,-0.09535395093657092,0.4045421072741312,16.666666666666664,0.21666666666666665,0,2.1715546922815845,1,7.279320090053007,0,-2.688017287963914,3
globus-capitas-ema-9-ema-14-ribbon,moving_averages,OK,3,3,0.3333333333333333,5.532490030786911,15.287947667975239,-8.462200817508972,26.80195817349329,0.06371434361036481,2.309024364908828,50.0,0.2943291168206012,0,-1.7422872636235844,2,26.80195817349329,1,-8.462200817508972,3
goat-trap-pinbar,moving_averages,OK,3,3,0.6666666666666666,-4.187312744735963,14.307891469738243,-24.227028390634935,8.257619322096884,-1.2384190975030271,2.619850313234472,60.0,0.3833333333333333,0,3.407470834330161,5,-24.227028390634935,6,8.257619322096884,6
goldencrossover-cp5394,moving_averages,OK,3,1,0.0,-0.7476786809796322,0,-0.7476786809796322,-0.7476786809796322,-0.22274892546260822,0,0.0,0.049999999999999996,0,-6.824202390264632,0,0,0,-0.7476786809796322,1
green-bull-strategy,moving_averages,OK,3,3,0.6666666666666666,1.5202832126773131,12.197490945672744,-15.188322367537985,13.587408746769855,-0.006114033462830608,1.823643757639456,12.222222222222221,0.3909347493967199,0,6.161763258800071,5,13.587408746769855,6,-15.188322367537985,7
improved-mcginley-dynamic,moving_averages,OK,3,3,0.3333333333333333,1.8829381786429245,17.505067047627467,-14.237554153764664,26.213966555099876,-0.44726352995038615,2.3827287586361554,25.0,0.2760813575598813,0,-6.327597865406438,12,26.213966555099876,4,-14.237554153764664,12
interactive-ta,moving_averages,OK,3,3,0.3333333333333333,-3.7236354252208788,4.571851913030977,-7.256069047261699,2.732376626685233,-0.8132466232516166,1.7981996063769592,0.0,0.26666666666666666,0,-7.256069047261699,2,2.732376626685233,1,-6.647213855086171,5
jma-trend-bo,moving_averages,OK,3,1,0.3333333333333333,5.0891840462014954,0,5.0891840462014954,5.0891840462014954,0.5618312545021551,0,40.0,0.44211258689767413,0,5.0891840462014954,5,11.246138591427677,0,0,0
jrr-ultimate-ma-mtf-v6,moving_averages,OK,3,3,0.6666666666666666,5.498499273632916,4.545921471124338,-0.23196888673529611,10.887501177864731,0.9602504764728934,0.7449500630637624,52.38095238095238,0.4745883139355572,0,10.887501177864731,7,5.8399655297693105,4,-0.23196888673529611,4
kripto-fema-ema-9,moving_averages,OK,3,3,0.3333333333333333,-0.46301927892490724,12.821000913460347,-10.72095999699201,17.613849975407923,-0.5172403719597712,2.0104550103584913,31.764069264069267,0.26666666666666666,0,-8.281947815190636,11,17.613849975407923,8,-10.72095999699201,14
low-volatility-ema-extension,moving_averages,OK,3,1,0.0,-1.811276876092219,0,-1.811276876092219,-1.811276876092219,-0.2742601943671971,0,0.0,0.049999999999999996,0,-10.647792514821136,0,0,0,-1.811276876092219,1
m-htf-candle-body-momentum-ukutalabs,moving_averages,OK,3,3,0.3333333333333333,-0.49813591122663164,3.4525044340239055,-4.703063075772283,3.7534253784763716,-0.28545160032200045,0.7606526172213648,53.703703703703695,0.26666666666666666,0,-0.5447700363839831,9,-4.703063075772283,3,3.7534253784763716,6
ma-bb-levels-st,moving_averages,OK,3,2,0.0,-4.082761167088785,3.561658735675097,-7.644419902763882,-0.5211024314136885,-1.1981042800959383,1.0464183650734848,25.0,0.09999999999999999,0,-0.5211024314136885,2,0,0,-7.644419902763882,3
ma-cross-with-labels,moving_averages,OK,3,3,0.3333333333333333,-3.0567579623012135,4.225072425028669,-8.948209795990667,0.752073952433886,-0.5898110645802618,0.6006527854691718,25.0,0.26666666666666666,0,0.752073952433886,4,-0.9741380433468585,1,-8.948209795990667,8
macd-renko-locked-signals,moving_averages,OK,3,3,0.0,-12.824067406279335,5.340828973707306,-17.550931403129624,-5.358748623923413,-2.6931313117415328,1.5676754025642188,20.634920634920633,0.15,0,-5.358748623923413,7,-17.550931403129624,6,-15.56252219178497,9
macd-sell-exit-signals,moving_averages,OK,3,3,0.3333333333333333,-0.16436471761924132,1.40689851012485,-1.5888969064050615,1.750846163130089,0.5182531058058103,1.0964622785858502,44.444444444444436,0.26666666666666666,0,-0.6550434095827513,3,1.750846163130089,3,-1.5888969064050615,3
momentum-confluence-system,moving_averages,OK,3,2,0.3333333333333333,-0.72953078720568,2.4368474669073406,-3.1663782541130203,1.7073166797016603,-0.12630169306323846,0.6593417473030582,50.0,0.21666666666666665,0,1.7073166797016603,1,0,0,-3.1663782541130203,1
mtf-9-sma-of-high-wm3m6myear,moving_averages,OK,3,3,0.0,-2.40719369604652,3.2440056910178274,-6.994904984468842,-0.10715455801064673,-0.39948221129590605,0.5466909925626433,30.555555555555554,0.15,0,-0.10715455801064673,12,-6.994904984468842,9,-0.11952154566007084,9
mtm-sma-momentum-indicator-with-sma,moving_averages,OK,3,1,0.0,-2.1772751993516866,0,-2.1772751993516866,-2.1772751993516866,-1.0023459940921242,0,0.0,0.049999999999999996,0,-2.1772751993516866,1,0.8182593719537399,0,0,0
multi-higher-time-frame-m-htf-ema-ukutalabs,moving_averages,OK,3,3,0.6666666666666666,3.8331290773264293,7.187779213182495,-6.273991325348746,9.825221590605361,0.16506158329718987,1.6341005345975534,77.77777777777777,0.40249897871996543,0,9.825221590605361,2,-6.273991325348746,3,7.948156966722672,3
multi-timeframe-scalper-structure,moving_averages,OK,3,2,0.0,-7.261455660034364,1.357038081192047,-8.61849374122641,-5.904417578842317,-1.530724320254183,0.5598094502079789,0.0,0.09999999999999999,0,-5.904417578842317,2,15.94463099638783,0,-8.61849374122641,2
my-script,moving_averages,OK,3,3,0.3333333333333333,-2.0755770706235057,2.893571864131405,-6.0393979966481135,0.7868048281244554,-0.4194270258353013,0.39214808390993716,11.111111111111109,0.26666666666666666,0,0.7868048281244554,6,-0.9741380433468585,1,-6.0393979966481135,6
nova-statistical-filtering-oscillator-pineify,moving_averages,OK,3,1,0.0,-1.3981452786487933,0,-1.3981452786487933,-1.3981452786487933,-0.19693501589823437,0,100.0,0.049999999999999996,0,-7.523116271104999,0,0,0,-1.3981452786487933,1
orb-core-hitz2kk,moving_averages,OK,3,3,0.3333333333333333,-2.0219306937136525,13.741482139773522,-18.27138934674159,15.333660846549565,-1.0729447494030282,2.011812656905152,46.71367521367521,0.26666666666666666,0,-3.1280635809489326,24,15.333660846549565,25,-18.27138934674159,26
pivot-pro-cpr-pdhpdl-ema-by-sani,moving_averages,OK,3,2,0.0,-5.044594276210155,3.1865239710175888,-8.231118247227744,-1.8580703051925667,-0.7621480745683611,0.5137745528282411,8.333333333333332,0.09999999999999999,0,-1.8580703051925667,4,0,0,-8.231118247227744,6
pocket-entry-l,moving_averages,OK,3,2,0.0,-8.749386656255615,5.548375946098947,-14.297762602354561,-3.2010107101566683,-3.054438462868197,2.5675663198857386,38.498168498168496,0.09999999999999999,0,-3.2010107101566683,39,-14.297762602354561,35,0,0
pocket-entry-s,moving_averages,OK,3,1,0.3333333333333333,0.33901521656538536,0,0.33901521656538536,0.33901521656538536,1.6852201341225221,0,100.0,0.41836174274949356,0,0.33901521656538536,1,0,0,0,0
ponomis-bglbrl-signal,moving_averages,OK,3,3,0.3333333333333333,-7.889578315805157,7.9373754173049855,-17.734960951394356,1.7026122622940458,-1.0666831421949,1.3551074494318474,11.111111111111109,0.26666666666666666,0,-7.636386258315165,18,1.7026122622940458,5,-17.734960951394356,18
price-vs-ma-stats-pro,moving_averages,OK,3,2,0.6666666666666666,6.413225874324148,2.1283821342668894,4.2848437400572585,8.541608008591037,0.8754338678103415,0.24062893907897592,25.0,0.55524222793521,0,8.541608008591037,1,0,0,4.2848437400572585,4
ps-ma-vert-line-1-works,moving_averages,OK,3,2,0.0,-4.7296851275739025,1.163693192671344,-5.8933783202452465,-3.5659919349025584,-1.487777929476886,0.5683596059864225,0.0,0.09999999999999999,0,-3.5659919349025584,2,0,0,-5.8933783202452465,2
psy-levels-pivot-ema-nifty-banknifty-by-lazyhacker,moving_averages,OK,3,2,0.0,-5.102244040566278,3.3599567769426937,-8.462200817508972,-1.7422872636235844,-1.4327540087126738,1.1309896940735737,25.0,0.09999999999999999,0,-1.7422872636235844,2,0,0,-8.462200817508972,3
psy-levels-pivot-ema-v2-nifty-banknifty-by-lazyhacker,moving_averages,OK,3,2,0.0,-5.102244040566278,3.3599567769426937,-8.462200817508972,-1.7422872636235844,-1.4327540087126738,1.1309896940735737,25.0,0.09999999999999999,0,-1.7422872636235844,2,0,0,-8.462200817508972,3
qema-signal-system,moving_averages,OK,3,2,0.3333333333333333,0.32801513350602907,4.852561069437325,-4.524545935931296,5.180576202943354,-0.4214358775581014,0.8962530627793724,75.0,0.21830674233419678,0,5.180576202943354,2,16.862491883940862,0,-4.524545935931296,2
rolling-sharpe-ratio-with-sma,moving_averages,OK,3,3,0.3333333333333333,-2.5363286696972787,5.829948650580134,-9.144194256825008,5.037795710838007,-0.5690320240003959,1.7086247290929926,38.095238095238095,0.26666666666666666,0,-3.502587463104836,4,5.037795710838007,4,-9.144194256825008,7
sams-keltner-band-fade-and-basis-bounce,moving_averages,OK,3,2,0.3333333333333333,-1.3568612062186223,3.698258987361995,-5.055120193580617,2.3413977811433724,-0.596229777989354,1.088784453360756,25.0,0.21666666666666665,0,2.3413977811433724,2,6.7000425749836,0,-5.055120193580617,1
scalping-strategy-3-minutes,moving_averages,OK,3,3,0.3333333333333333,-6.508114838014386,8.264941200466032,-17.787880192735248,1.7848885918883315,-0.741897246951528,0.8865397282261602,52.52425180598555,0.26666666666666666,0,-3.521352913196242,25,-17.787880192735248,17,1.7848885918883315,19
shadow-rejection-rail-pure-state-pointalgo,moving_averages,OK,3,3,0.3333333333333333,-1.4388448508856528,4.599062371479995,-5.454616870652069,4.999869903046536,-0.5245448975406821,2.1561663853393025,4.166666666666667,0.26666666666666666,0,-5.454616870652069,8,4.999869903046536,2,-3.8617875850514247,3
signaux-achats-et-ventes-sma9-plus-2-variable,moving_averages,OK,3,3,1.0,7.73103306389519,3.027561610859273,5.091131984697641,11.970296139068378,1.4353637684318563,0.591627935191587,86.66666666666667,0.6407481815215792,0,11.970296139068378,2,5.091131984697641,1,6.131671067919553,5
sj-stoch-mft-3,moving_averages,OK,3,3,0.3333333333333333,-2.6540606240774984,8.806847610972582,-9.059331285875407,9.798992431236577,-0.5110898906961293,1.5835095635214134,38.38383838383838,0.26666666666666666,0,-8.701843017593665,22,9.798992431236577,22,-9.059331285875407,21
skill-fx-trend-display,moving_averages,OK,3,3,0.3333333333333333,-2.0755770706235057,2.893571864131405,-6.0393979966481135,0.7868048281244554,-0.4194270258353013,0.39214808390993716,11.111111111111109,0.26666666666666666,0,0.7868048281244554,6,-0.9741380433468585,1,-6.0393979966481135,6
smc-strategy-hub-alerts,moving_averages,OK,3,2,0.0,-3.0092875542944024,1.34491907997337,-4.354206634267772,-1.6643684743210325,-0.68235057451515,0.4400279684288143,0.0,0.09999999999999999,0,-1.6643684743210325,1,24.626197607516893,0,-4.354206634267772,1
smittybda-swing-pivots-golden-pocket,moving_averages,OK,3,3,0.0,-15.15240868057518,7.0772273361763105,-25.143736808579252,-9.646115758401342,-3.8757875557529444,3.568950717131565,41.22549019607843,0.15,0,-9.646115758401342,85,-25.143736808579252,90,-10.667373474744949,96
sp-500-30min-chart-system-spookydegenaro-v6,moving_averages,OK,3,2,0.3333333333333333,0.01019860583857371,0.4186546750026974,-0.40845606916412364,0.42885328084127106,-0.046605259198846935,0.1219508862639475,0.0,0.21671765969585952,0,0.42885328084127106,1,0,0,-0.40845606916412364,2
strateji-tablosu-ema9wma30,moving_averages,OK,3,2,0.3333333333333333,-2.0341954871963823,2.5918745951044544,-4.626070082300837,0.5576791079080722,-0.30792577388581804,0.3859875533226493,51.69836956521739,0.21666666666666665,0,0.5576791079080722,23,3.9206000199153204,0,-4.626070082300837,32
supertrend-cloud-indicator,moving_averages,OK,3,2,0.3333333333333333,2.885355246028041,5.171311486098908,-2.2859562400708673,8.05666673212695,0.23378277452748136,0.6174419681222079,25.0,0.32673295086625487,0,8.05666673212695,2,2.5271654101588648,0,-2.2859562400708673,1
supply-and-demand-zone-indicator-5m,moving_averages,OK,3,3,0.6666666666666666,2.873527531560292,4.168489215081421,-1.979819814821094,8.198169140374972,0.2309039971290107,0.49750585163253996,52.1135265700483,0.5233245080829998,0,8.198169140374972,23,-1.979819814821094,4,2.4022332691269987,24
swift-algo-pro-bos-reteste-miller,moving_averages,OK,3,3,0.6666666666666666,-0.050728082678838625,3.9484921991979753,-4.925400574372819,4.74543457575819,-0.40279194638237126,1.211575242023009,28.333333333333332,0.3833333333333333,0,-4.925400574372819,2,0.02778175057811313,4,4.74543457575819,5
timeframe-structure-analysis-with-emasma-rsi-confirmation,moving_averages,OK,3,2,0.3333333333333333,1.7876901527759548,2.4942096064703145,-0.70651945369436,4.2818997592462695,0.27526562387471454,0.3593714710993443,25.0,0.3857622496557103,0,-0.70651945369436,2,13.542988008677783,0,4.2818997592462695,4
tms-intraday-direction-zone-ema-9-ema-21,moving_averages,OK,3,2,0.0,-6.06619227796037,1.5782276248035125,-7.644419902763882,-4.487964653156857,-1.7248721937879665,0.5196504513814566,0.0,0.09999999999999999,0,-4.487964653156857,2,0,0,-7.644419902763882,3
tpc-trend-alignment-meter,moving_averages,OK,3,2,0.3333333333333333,-2.601416176695282,7.27625302824437,-9.877669204939652,4.674836851549088,-0.4546267898059383,0.9283143011888658,56.80224403927069,0.21666666666666665,0,4.674836851549088,23,16.862491883940862,0,-9.877669204939652,31
trend-based-fibs-manual-anchor-logic,moving_averages,OK,3,3,0.3333333333333333,-3.768259448466002,6.135384338049129,-10.797383419055723,4.151750711297442,-0.8406162223471058,1.780463698683279,35.18518518518518,0.26666666666666666,0,-4.659145637639726,9,4.151750711297442,2,-10.797383419055723,9
trend-based-sma-color-fill-30m-daily-weekly,moving_averages,OK,3,3,0.0,-2.1969044699034517,0.38832738830916363,-2.5385756460718696,-1.6537211326676045,-0.43009516514258844,0.19834764410453928,64.274322169059,0.15,0,-1.6537211326676045,11,-2.5385756460718696,1,-2.3984166309708814,19
trend-leadership-eligibility-weekly,moving_averages,OK,3,3,0.6666666666666666,3.1923026264930763,8.350417532273786,-7.951461461745435,12.148944766132015,0.7211302500215598,1.4960973746730328,54.166666666666664,0.3992948464657987,0,-7.951461461745435,10,12.148944766132015,10,5.379424575092649,8
trend-structure,moving_averages,OK,3,3,0.3333333333333333,-5.958253196842289,7.625605132338559,-12.908552981261629,4.6579596506666565,-0.777188291409229,1.1017766628655976,49.629629629629626,0.26666666666666666,0,-9.624166259931895,45,4.6579596506666565,6,-12.908552981261629,60
triple-ema-high-close-low-mtf-dashboard,moving_averages,OK,3,3,0.3333333333333333,-0.4485650076497893,15.348897090553622,-14.721149778947467,20.85116466575513,-0.8648976740466111,2.7647642934039283,27.777777777777775,0.26666666666666666,0,-7.475709909757032,10,20.85116466575513,3,-14.721149778947467,10
triple-ema-rsi-macd-confirm-sbfaisal,moving_averages,OK,3,2,0.0,-6.067661012915632,3.7223454768904776,-9.79000648980611,-2.3453155360251547,-1.8495294036364398,1.1939781938283243,0.0,0.09999999999999999,0,-2.3453155360251547,1,0,0,-9.79000648980611,3
triple-mtf-ma-painter-directional-toggles,moving_averages,OK,3,2,0.0,-7.139777160808429,0.9701517176339403,-8.10992887844237,-6.169625443174489,-1.952339179148594,0.7423869982605388,0.0,0.09999999999999999,0,-6.169625443174489,2,13.542988008677783,0,-8.10992887844237,3
troutcapital-rolling-vwaps,moving_averages,OK,3,2,0.3333333333333333,-3.048676076692762,3.5066857624827827,-6.555361839175545,0.4580096857900207,-1.6820743905723539,1.7789219802301233,0.0,0.21666666666666665,0,0,0,-6.555361839175545,1,0.4580096857900207,1
ultimate-master-vwap-sr,moving_averages,OK,3,2,0.0,-7.596335906420798,1.3550186925450034,-8.951354598965802,-6.241317213875795,-0.9588840248792752,0.28530369585317383,51.0,0.09999999999999999,0,-6.241317213875795,25,24.626197607516893,0,-8.951354598965802,48
ultimate-mtf-trend-dashboard-identityka,moving_averages,OK,3,3,0.0,-8.428231210866405,4.879912070079889,-14.884396917530088,-3.088571696922416,-1.8210705735757926,1.08375986973592,16.666666666666664,0.15,0,-3.088571696922416,3,-7.31172501814671,6,-14.884396917530088,7
volume-candles-3,moving_averages,OK,3,1,0.3333333333333333,12.098332444141576,0,12.098332444141576,12.098332444141576,1.3017952215720048,0,100.0,0.4771583288873745,0,12.098332444141576,2,0,0,-5.953251326090758,0
volume-ema-ma2-pause,moving_averages,OK,3,3,0.6666666666666666,-3.6956939239487787,8.557748655465998,-15.754442138332655,3.223925487507906,-1.1493659180680702,1.991106021598679,32.59259259259259,0.3833333333333333,0,1.4434348789784126,9,-15.754442138332655,10,3.223925487507906,9
vw-macd-garch-filter-pointalgo,moving_averages,OK,3,2,0.3333333333333333,3.1969969846109163,5.408548177875332,-2.211551193264415,8.605545162486248,0.5432783521284215,1.4136352218720867,0.0,0.23265165158972123,0,0,0,8.605545162486248,1,-2.211551193264415,1
vwap-archi,moving_averages,OK,3,3,0.0,-31.619340473679674,14.613817884936635,-52.23901628895808,-20.098207095992766,-6.411720904545596,4.499808177430343,37.12737127371273,0.15,0,-22.52079803608819,123,-52.23901628895808,123,-20.098207095992766,123
white-core-trend-wjdtks255,moving_averages,OK,3,3,0.6666666666666666,1.722269083783724,6.584474313335985,-5.380255517596117,10.488755367158156,-0.19906538079841027,1.5209080447939178,44.444444444444436,0.3919446787522519,0,10.488755367158156,2,-5.380255517596117,2,0.05830740178913402,3
adaptive-bounds-rsi-luxalgo,oscillators,OK,3,2,0.6666666666666666,5.891380306101812,4.100908151441807,1.7904721546600049,9.99228845754362,1.5732683497750246,0.19765894265583528,100.0,0.5633754991998835,0,0,0,9.99228845754362,1,1.7904721546600049,1
adr-ratio-table-adr-1-adr-2,oscillators,OK,3,3,0.6666666666666666,2.525592165649243,6.3403598561939285,-4.894474205338746,10.595350795096456,0.7794567493361758,1.4772162397846795,66.66666666666667,0.39596129416157955,0,-4.894474205338746,7,10.595350795096456,7,1.8758999071900178,7
advanced-supertrend-and-volume-oscillator-indicator,oscillators,OK,3,2,0.3333333333333333,-2.2319073381511334,4.720355146399954,-6.952262484551087,2.4884478082488206,-0.40335467889374443,0.678551455701815,53.273809523809526,0.21666666666666665,0,2.4884478082488206,24,16.256478813472917,0,-6.952262484551087,42
aethix-3-market-cipher-g-ultimate,oscillators,OK,3,3,0.3333333333333333,-3.587443512283586,6.316451832074549,-10.902788556639091,4.509895752105163,-0.806514728835264,2.016507653317994,39.88095238095238,0.26666666666666666,0,-4.369437732316831,7,4.509895752105163,8,-10.902788556639091,8
afg-elite-clean-engine-rev3,oscillators,OK,3,2,0.0,-8.06539137413603,2.961879618210587,-11.027270992346617,-5.103511755925443,-1.1852912093234729,0.3448536154640412,62.5,0.09999999999999999,0,-11.027270992346617,2,11.246138591427677,0,-5.103511755925443,4
afg-elite-clean-engine-rev4,oscillators,OK,3,1,0.0,-2.36542693463355,0,-2.36542693463355,-2.36542693463355,-1.2936125691155598,0,0.0,0.049999999999999996,0,0,0,0,0,-2.36542693463355,1
ag-pro-ichimoku-cloud-equilibrium-map-agpro-series,oscillators,OK,3,3,0.0,-6.321985344675443,0.997639980737482,-7.579635769207801,-5.139386844859197,-2.4398926996962254,0.7771369577913569,27.239057239057235,0.15,0,-5.139386844859197,9,-7.579635769207801,10,-6.246933419959329,11
all-day-futures-trend-pullback-ema-rsi-v5,oscillators,OK,3,1,0.3333333333333333,0.001556493625161238,0,0.001556493625161238,0.001556493625161238,0.6479458488057793,0,100.0,0.41667444913479246,0,0.001556493625161238,1,0,0,0,0
anti-average-oscillator-sma,oscillators,OK,3,2,0.0,-4.336212361796191,1.3222018274942964,-5.658414189290488,-3.014010534301895,-1.4374313042038072,0.6083928555326482,12.5,0.09999999999999999,0,-3.014010534301895,4,0,0,-5.658414189290488,4
ao-31-williams-fraktal-alligator-sinyali,oscillators,OK,3,3,0.0,-4.969192281251361,1.532504341662644,-6.568423591408239,-2.902809580389556,-1.0964946331609415,0.4529837580121089,35.952380952380956,0.15,0,-2.902809580389556,7,-5.436343671956289,10,-6.568423591408239,12
asymmetric-volatility-bands-jv,oscillators,OK,3,2,0.6666666666666666,7.295959871255377,6.4165343954388,0.8794254758165772,13.712494266694177,0.9844708043699204,0.5697423379475428,75.0,0.4773775482027245,0,13.712494266694177,1,0.8794254758165772,2,-4.2418131652560405,0
average-directional-index-adx-trend-thresholds-and-color,oscillators,OK,3,3,0.6666666666666666,4.659741615292053,6.281171715553608,-1.2662677852775814,13.353495535240581,0.8485455462613561,1.1688898347815913,94.44444444444446,0.4066320414097936,0,1.8919970959131605,6,13.353495535240581,4,-1.2662677852775814,1
average-sentiment-oscillator-aso-lead,oscillators,OK,3,2,0.3333333333333333,2.3156777777520836,2.3649860897462274,-0.04930831199414388,4.680663867498311,0.23767680145592854,0.24484824856907464,29.166666666666664,0.41703299341315836,0,4.680663867498311,4,1.8094807859509021,0,-0.04930831199414388,6
axis-roc-momentum-macro-ready,oscillators,OK,3,3,0.3333333333333333,-0.1484641558054959,14.87397975767218,-12.586006330669363,20.761582207579327,-0.6310714817491516,2.2661545223897317,38.333333333333336,0.26666666666666666,0,-12.586006330669363,9,20.761582207579327,5,-8.620968344326451,12
ben-bot-entry-alerts,oscillators,OK,3,1,0.3333333333333333,0.5329663928020746,0,0.5329663928020746,0.5329663928020746,0.1172673316953836,0,100.0,0.419331498630677,0,0.5329663928020746,1,11.246138591427677,0,0,0
blackcat-l3-enhanced-kdj-band-indicator,oscillators,OK,3,1,0.3333333333333333,8.301062940200515,0,8.301062940200515,8.301062940200515,1.0937300244439554,0,36.36363636363637,0.4581719813676692,0,-4.290456930960965,0,0,0,8.301062940200515,11
bullish-bearish-candle-power,oscillators,OK,3,3,0.3333333333333333,-0.5051264229096372,13.922540017219276,-14.12031777143071,18.62016401149072,-0.4950966885874666,1.9351784532774274,41.97722567287785,0.26666666666666666,0,-14.12031777143071,28,18.62016401149072,23,-6.01522550878892,21
chandelier-exit-v6,oscillators,OK,3,3,0.3333333333333333,-1.2220596445140595,8.188246935602098,-7.03321658664773,10.357844337104849,-0.3631785963908279,1.8710059475215193,25.0,0.26666666666666666,0,-6.990806683999297,4,10.357844337104849,2,-7.03321658664773,2
cmf-divergence-indicator,oscillators,OK,3,2,0.6666666666666666,7.067056431936603,0.6906544940193338,6.376401937917269,7.757710925955936,0.8287563759439865,0.0616946674186869,64.28571428571428,0.6032449486383445,0,7.757710925955936,7,0,0,6.376401937917269,1
correlated-sine-oscillator-luxalgo,oscillators,OK,3,3,0.0,-2.304861172320748,0.3600038405683116,-2.719738615731592,-1.841860954987438,-0.5641668669345488,0.13676482733439715,38.888888888888886,0.15,0,-2.3529839462432136,3,-1.841860954987438,6,-2.719738615731592,4
crypto-fear-greed-index,oscillators,OK,3,3,0.0,-4.445591070422457,4.074427631040392,-9.948457506489286,-0.2141961903906631,-1.6925727231964618,1.6077259368501249,13.333333333333334,0.15,0,-3.1741195143874212,1,-0.2141961903906631,5,-9.948457506489286,5
david-3-rule-strategy-with-dashboard,oscillators,OK,3,3,0.0,-11.053971097128345,3.3363077311703178,-15.676153050302426,-7.922514708414412,-1.950457252358656,1.1839437302145777,47.865497076023395,0.15,0,-7.922514708414412,60,-15.676153050302426,9,-9.563245532668194,76
demand-index-to-match-tos,oscillators,OK,3,3,0.3333333333333333,-0.4423945541616267,10.798485256528997,-8.689172242963789,14.812208018616847,-0.45024430050148817,1.7773312814203597,39.714452214452216,0.26666666666666666,0,-8.689172242963789,13,14.812208018616847,8,-7.450219438137938,11
directional-movement-index-dmi-tr,oscillators,OK,3,3,0.6666666666666666,-6.285721400584079,13.010688862147482,-24.684153163632917,3.114289144065522,-1.4675996424187063,2.549951475605891,41.00529100529101,0.3833333333333333,0,2.7126998178151553,9,-24.684153163632917,14,3.114289144065522,12
double-money-flow-index-dmfi-tr,oscillators,OK,3,3,0.3333333333333333,-0.1701110177945718,6.854799088371181,-6.8911522763285324,9.240459951239405,-0.31992872197282446,1.70419809766779,28.888888888888886,0.26666666666666666,0,-2.8596407282945875,5,9.240459951239405,6,-6.8911522763285324,3
dtr-master-copyright-by-hoang-dinh-thang,oscillators,OK,3,1,0.0,-0.7307457192348229,0,-0.7307457192348229,-0.7307457192348229,-0.08237513764932657,0,50.0,0.049999999999999996,0,-0.7307457192348229,16,11.246138591427677,0,-5.895672630803354,0
dual-macd-combo,oscillators,OK,3,2,0.0,-3.9086528411574255,1.5564835955185847,-5.46513643667601,-2.3521692456388408,-0.5600219740335095,0.2908242968857619,49.464285714285715,0.09999999999999999,0,-2.3521692456388408,28,16.262235331589544,0,-5.46513643667601,40
ehlers-super-smoother-trend-score-backquant,oscillators,OK,3,2,0.0,-6.342794099285398,0.02695230274432081,-6.369746402029719,-6.315841796541077,-2.1207807320127885,0.9045199577140668,0.0,0.09999999999999999,0,-6.369746402029719,2,13.910624132052153,0,-6.315841796541077,2
ema-cross-oscillator-amplify,oscillators,OK,3,2,0.3333333333333333,-2.7080358983172554,4.341313975109246,-7.049349873426501,1.6332780767919903,-0.5949459168442987,0.8246242178231998,25.0,0.21666666666666665,0,1.6332780767919903,2,25.267320031985058,0,-7.049349873426501,3
ema-distance-analyzer,oscillators,OK,3,2,0.0,-2.764192505014769,2.61494123832148,-5.379133743336249,-0.14925126669328892,-0.9837793203547677,0.9463631980075301,0.0,0.09999999999999999,0,-0.14925126669328892,1,0,0,-5.379133743336249,4
etu-dema-openclose-crossover,oscillators,OK,3,3,0.0,-11.55898599928036,14.071089774628446,-31.457658931128783,-1.4500787591775879,-2.475570458308367,3.2392338850992393,30.790880945679703,0.15,0,-1.4500787591775879,19,-31.457658931128783,22,-1.7692203075347062,17
extended-sentiment-pressure-oscillator-esp,oscillators,OK,3,3,0.3333333333333333,-1.7926355574684276,11.510409580778735,-13.07827419372469,14.009419140588856,-0.44650987117103574,1.9378553747461529,44.18706293706294,0.26666666666666666,0,-13.07827419372469,16,14.009419140588856,13,-6.309051619269448,11
gcm-smi-cloud-oscillator,oscillators,OK,3,3,0.3333333333333333,-1.1596364528577199,6.769523180984201,-9.827190843627074,6.694764523778635,-0.76966438554907,1.5538609559371237,47.37373737373738,0.26666666666666666,0,6.694764523778635,12,-9.827190843627074,10,-0.34648303872472025,11
goldilocks-pivot-fractals-v30,oscillators,OK,3,3,0.0,-11.748216495791981,15.313700622525712,-33.403178613353184,-0.673547452354891,-2.617899480290563,3.5541604277037853,33.93162393162393,0.15,0,-0.673547452354891,13,-33.403178613353184,12,-1.1679234216678742,15
goldspread-algo,oscillators,OK,3,3,0.0,-1.6589692000217182,1.1459954346120858,-2.9993008751190646,-0.19975865222167338,-3.8262044289430306,1.7712026064921513,0.0,0.15,0,-1.7778480727244168,9,-2.9993008751190646,14,-0.19975865222167338,1
hybrid-volume-spread-analysis,oscillators,OK,3,2,0.0,-5.531086922923255,2.2059437498729455,-7.737030672796201,-3.32514317305031,-0.7231233961019568,0.35132065293457787,33.33333333333333,0.09999999999999999,0,-3.32514317305031,3,5.988182175286245,0,-7.737030672796201,2
ichimoku-equilibrium-distance-kijuntenkan,oscillators,OK,3,3,0.3333333333333333,-1.7377065296923833,5.229977579248943,-8.049714593147977,4.757146686159133,-0.28726889209512585,1.5082946436740392,16.666666666666664,0.26666666666666666,0,-1.9205516820883057,6,4.757146686159133,3,-8.049714593147977,5
iichimoku-smart-signals-pro-clean-buy-sell-indicator,oscillators,OK,3,2,0.0,-6.862534318607053,5.15214541874225,-12.014679737349303,-1.7103888998648036,-1.2169544201028826,0.8700871473135132,0.0,0.09999999999999999,0,-12.014679737349303,2,6.7000425749836,0,-1.7103888998648036,1
inertial-stochastic-luxalgo,oscillators,OK,3,3,0.0,-11.475714389673314,8.288843079326737,-22.879914004084437,-3.4250931845339365,-2.3448385007500567,2.361533250178783,30.952380952380953,0.15,0,-8.122135980401566,12,-22.879914004084437,12,-3.4250931845339365,14
interference-z-score-g2,oscillators,OK,3,3,0.3333333333333333,-0.7378936288199717,6.075447940981957,-6.661491003686548,7.613696068543868,-0.01794881939799986,1.3098848589737466,61.009896536212324,0.26666666666666666,0,-6.661491003686548,13,7.613696068543868,19,-3.1658859513172355,12
isotonic-regression-oscillator-luxalgo,oscillators,OK,3,3,0.6666666666666666,2.426969487248028,3.600334332079347,-1.74098325558794,7.043679244602726,1.208337075691612,1.2760824060198324,100.0,0.39546818076957346,0,-1.74098325558794,2,1.9782124727292978,1,7.043679244602726,5
kagemusha-real-time-momentum-projector,oscillators,OK,3,3,0.3333333333333333,-1.3024615334256568,5.006269619503365,-4.981195142787445,5.775635320442496,-0.19628162256721757,0.8562300992664372,48.89355742296919,0.26666666666666666,0,-4.981195142787445,17,5.775635320442496,20,-4.701824777932022,14
kpt-ahab-heatmap-fusion,oscillators,OK,3,3,0.0,-20.619813431601987,15.041907158574812,-41.870057757903126,-9.152792518508198,-3.3802069048459344,3.0492902900286727,38.46967254320731,0.15,0,-10.836590018394636,67,-41.870057757903126,82,-9.152792518508198,63
luminous-pivot-sr-matrix-pineify,oscillators,OK,3,1,0.0,-4.195744462906237,0,-4.195744462906237,-4.195744462906237,-0.7126413980526662,0,0.0,0.049999999999999996,0,-4.195744462906237,1,0,0,-7.8993695968423125,0
lunar-cycle-oscillator-pyratime,oscillators,OK,3,3,0.3333333333333333,-10.332806541288413,14.62873387190788,-30.836537772816854,2.3060103164561006,-1.4463989011735994,1.997679767819756,24.444444444444443,0.26666666666666666,0,2.3060103164561006,6,-30.836537772816854,6,-2.467892167504484,5
mean-reversion-probability,oscillators,OK,3,1,0.3333333333333333,1.2910381261614967,0,1.2910381261614967,1.2910381261614967,0.28906544732998696,0,100.0,0.4231218572974741,0,-5.437799065383792,0,0,0,1.2910381261614967,1
mizan-psi-enhanced,oscillators,OK,3,3,0.3333333333333333,-2.921391504204376,6.5950498761537,-8.445534649262525,6.348744772068255,-0.3328095117922604,1.3064156662585398,50.833333333333336,0.26666666666666666,0,-8.445534649262525,20,6.348744772068255,16,-6.667384635418857,15
momentum-cycle-sentry-luxalgo,oscillators,OK,3,3,0.0,-5.590233857360931,3.6809075023435422,-10.580367286970214,-1.811599330855097,-1.4201990604490806,1.3146568907224223,40.34151034151034,0.15,0,-1.811599330855097,33,-10.580367286970214,28,-4.378734954257482,45
money-flow-index-mfi-tr,oscillators,OK,3,3,0.6666666666666666,0.551463904194427,3.070003614952368,-3.32493001091716,4.183048281951312,0.01226598971153132,0.40819084657244015,35.55555555555555,0.5340429412111954,0,4.183048281951312,5,-3.32493001091716,3,0.7962734415491286,5
mtf-double-stochastics,oscillators,OK,3,3,1.0,7.331858890420976,5.281193373998957,2.805677457352227,14.740021657623206,1.382694514363427,1.1161361105319534,68.88888888888889,0.5366592944521048,0,2.805677457352227,5,14.740021657623206,3,4.449877556287494,3
mtf-rsi-macd-divergence,oscillators,OK,3,2,0.0,-4.190836074340725,2.5840136634162483,-6.774849737756973,-1.6068224109244764,-0.9929386276601091,0.6293486849746579,0.0,0.09999999999999999,0,-6.774849737756973,1,0,0,-1.6068224109244764,1
mtf-rsi-oscillator,oscillators,OK,3,3,0.3333333333333333,-1.084306212857647,4.040805559616278,-4.122556080512935,4.626350978057875,-0.21308337863130292,1.26920381015027,37.22222222222222,0.26666666666666666,0,-4.122556080512935,5,4.626350978057875,3,-3.756713536117881,4
multi-index-vwap-dashboard,oscillators,OK,3,2,0.6666666666666666,3.4266712761067177,1.8686658915891314,1.558005384517586,5.295337167695849,0.4459027341457961,0.22607672295935874,16.666666666666664,0.5439475089740272,0,5.295337167695849,2,0,0,1.558005384517586,3
multi-timeframe-rsi-regime-oscillator,oscillators,OK,3,3,0.3333333333333333,-5.073659884904026,8.63396501607335,-17.228304552997635,2.011872542553581,-1.3133915102426892,2.027184657903943,34.59595959595959,0.26666666666666666,0,-0.00454764426802285,11,-17.228304552997635,5,2.011872542553581,12
nc-signal-stoch-ema,oscillators,OK,3,1,0.3333333333333333,2.2865352162947383,0,2.2865352162947383,2.2865352162947383,1.711196948723996,0,100.0,0.4280993427481403,0,2.2865352162947383,1,0,0,0,0
nico-mega-cap-dashboard-rsi,oscillators,OK,3,1,0.3333333333333333,15.453903948556924,0,15.453903948556924,15.453903948556924,2.564298487886852,0,100.0,0.49393618640945125,0,-4.323347272789382,0,15.453903948556924,1,0.4990669233398366,0
ovi-v6-screener-final,oscillators,OK,3,3,0.0,-11.834158114482179,7.983601151384892,-22.712267241064897,-3.7765376480274866,-2.392025453454028,2.229051675935416,38.98545898545898,0.15,0,-3.7765376480274866,66,-22.712267241064897,63,-9.013669454354153,65
peak-and-bottom,oscillators,OK,3,1,0.0,-0.05893850854525227,0,-0.05893850854525227,-0.05893850854525227,-0.012936005148321274,0,100.0,0.049999999999999996,0,-0.05893850854525227,1,0,0,-4.188091735265247,0
phase-regression-oscillator-luxalgo,oscillators,OK,3,3,0.3333333333333333,-2.3191442247438148,4.319950014737916,-7.3921760198078115,3.165458085947321,0.5324982565789235,1.982405971654999,58.333333333333336,0.26666666666666666,0,-2.7307147403709533,4,3.165458085947321,1,-7.3921760198078115,4
push-pull-oscillator,oscillators,OK,3,3,0.0,-7.330837410643789,5.6058355005416285,-14.222888709298918,-0.4917586875744019,-2.007986685661154,1.855203836732572,21.127946127946128,0.15,0,-0.4917586875744019,11,-14.222888709298918,9,-7.277864835058049,12
quantum-algo-lite,oscillators,OK,3,3,0.0,-8.596893282340675,8.537647634326163,-20.645628485648718,-1.8956758507414777,-2.287200685059832,2.7737264970702373,38.72471614407099,0.15,0,-1.8956758507414777,13,-20.645628485648718,31,-3.249375510631828,11
rci-ribbon,oscillators,OK,3,1,0.0,-9.809519088738831,0,-9.809519088738831,-9.809519088738831,-1.3406173140825943,0,28.57142857142857,0.049999999999999996,0,-9.809519088738831,7,13.918162151509067,0,0,0
rescaled-rsi-adaptiversi,oscillators,OK,3,3,0.6666666666666666,-5.513018659783349,19.4710717341393,-31.811052134899032,14.706643608436368,-1.7218156778586318,3.5098635754291245,25.0,0.3833333333333333,0,0.5653525471126195,3,-31.811052134899032,3,14.706643608436368,4
rs-line-johnmuchow-modification-with-slope-color-and-pine-screen,oscillators,OK,3,2,0.0,-3.351401309331974,0.5541204980549446,-3.9055218073869185,-2.7972808112770293,-0.834764156375739,0.1303298596470519,0.0,0.09999999999999999,0,-3.9055218073869185,1,14.502521356767101,0,-2.7972808112770293,2
rsi-60-40-bull-bear-zone-fill,oscillators,OK,3,3,0.6666666666666666,1.2431211466505097,5.573560494403607,-6.454712258327068,6.5598203701802555,-0.3810277771031106,1.3438135277026717,36.507936507936506,0.38954893906658583,0,6.5598203701802555,7,-6.454712258327068,3,3.624255328098341,7
rsi-background-color-indicator,oscillators,OK,3,3,1.0,4.210902070919964,2.547497828756202,0.6952805019900843,6.650564392988658,0.5057980990560695,0.3065179180834049,100.0,0.6944250308337486,0,0.6952805019900843,2,5.28686131778115,1,6.650564392988658,2
rsi-bull-bear-control-zones-open-script,oscillators,OK,3,3,0.6666666666666666,-1.73508804391778,12.664081096181718,-19.338848140586602,9.92146323946255,-0.829057114478212,2.1888580084088365,31.216931216931215,0.3833333333333333,0,4.212120769370712,7,-19.338848140586602,9,9.92146323946255,7
rsi-compact-display,oscillators,OK,3,3,0.0,-4.7778676854140505,1.4691664177120665,-6.4927421977307525,-2.904517539459397,-0.8955260548113068,0.4663992333900853,0.0,0.15,0,-2.904517539459397,1,-4.936343319052001,2,-6.4927421977307525,1
rsi-cross-fisher-wr66,oscillators,OK,3,1,0.3333333333333333,16.99021004285544,0,16.99021004285544,16.99021004285544,3.033471109774314,0,100.0,0.5016177168809439,0,-4.901859504810127,0,16.99021004285544,2,-5.241071221228733,0
rsi-display,oscillators,OK,3,1,0.3333333333333333,15.453903948556924,0,15.453903948556924,15.453903948556924,2.564298487886852,0,100.0,0.49393618640945125,0,-4.323347272789382,0,15.453903948556924,1,-1.5807307139264597,0
rsi-dss-bressert-crlmx,oscillators,OK,3,2,0.3333333333333333,-2.6963371056043544,3.451332838251852,-6.147669943856206,0.7549957326474978,-0.4203816278613011,0.5251089501785712,49.99999999999999,0.21666666666666665,0,-6.147669943856206,3,0,0,0.7549957326474978,3
rsi-histogram,oscillators,OK,3,1,0.3333333333333333,1.835118082651956,0,1.835118082651956,1.835118082651956,0.21241958400867295,0,100.0,0.4258422570799264,0,-5.437799065383792,0,0,0,1.835118082651956,1
rsi-mean-reversion,oscillators,OK,3,3,0.3333333333333333,-4.221843994457605,3.3524362981068525,-6.796649179887303,0.5131704372132808,-0.5752289630422229,0.4623079957374711,41.28787878787879,0.26666666666666666,0,-6.796649179887303,11,0.5131704372132808,8,-6.3820532406987915,8
rsi-momentum-structure,oscillators,OK,3,3,0.0,-5.338896103059525,1.28158037865671,-7.092400161966799,-4.065167957216501,-0.8789190463164527,0.21960458565255778,38.397780534877306,0.15,0,-4.859120189995273,31,-4.065167957216501,16,-7.092400161966799,39
rsi-moving-average-crossovers-by-kd,oscillators,OK,3,2,0.3333333333333333,1.3643682569699156,1.8658954749576513,-0.5015272179877356,3.230263731927567,0.20794354515512853,0.27209354847323874,50.0,0.4054651208332065,0,-0.5015272179877356,2,5.741224265439727,0,3.230263731927567,6
rsi-mtf,oscillators,OK,3,3,0.3333333333333333,-0.23874061717381126,4.661382783402437,-4.89013523360288,6.132464109374298,0.039987204731710274,0.6236489324838316,44.444444444444436,0.3607544335457088,0,-4.89013523360288,3,6.132464109374298,4,-1.9585507272928515,2
rsi-multi-stock-table-prepost-mkt-howlytr,oscillators,OK,3,2,0.0,-4.817067796265778,3.4266973784067374,-8.243765174672516,-1.3903704178590415,-0.6687993502823715,0.4915980212971325,50.0,0.09999999999999999,0,-1.3903704178590415,1,-8.243765174672516,1,0,0
rsi-screener,oscillators,OK,3,2,0.6666666666666666,13.994435116271088,0.7445149221824465,13.249920194088642,14.738950038453535,1.1430185528408912,0.27257488896535126,100.0,0.585161786673351,0,14.738950038453535,2,13.249920194088642,1,-3.788053464969242,0
rsi-sma-cross-clr-fill-mtf,oscillators,OK,3,3,0.0,-16.21208880728389,4.067369735803655,-20.327863988841056,-10.674180980536011,-3.02612224855895,1.25769733115725,26.932367149758452,0.15,0,-20.327863988841056,28,-17.63422145247461,18,-10.674180980536011,23
rsi-stochastic-momentum-indicator-crlmx,oscillators,OK,3,3,0.3333333333333333,-7.457281058464126,13.272928730335531,-23.576884498634286,8.931670937584903,-1.930141220901982,2.732600169179215,35.810023310023304,0.26666666666666666,0,-7.726629614342993,8,-23.576884498634286,13,8.931670937584903,11
rsi-suite-foundation,oscillators,OK,3,3,0.3333333333333333,-2.4707697861791917,10.285759895730715,-13.37658833332175,11.318363231482364,-0.9204324979739216,2.4575874230187744,23.14814814814815,0.26666666666666666,0,-5.354084256698188,9,11.318363231482364,4,-13.37658833332175,9
rsi-trending-system,oscillators,OK,3,2,0.0,-7.0571904789039985,4.14466854652435,-11.201859025428348,-2.9125219323796485,-1.3176065742347725,0.9581288167976915,47.972972972972975,0.09999999999999999,0,-2.9125219323796485,37,7.140867098024217,0,-11.201859025428348,40
rsi-value-only,oscillators,OK,3,1,0.3333333333333333,15.453903948556924,0,15.453903948556924,15.453903948556924,2.564298487886852,0,100.0,0.49393618640945125,0,-4.323347272789382,0,15.453903948556924,1,-1.5807307139264597,0
rsi-x-price-action-aohige,oscillators,OK,3,2,0.6666666666666666,4.694951719670971,2.4503921680409473,2.2445595516300236,7.145343887711919,1.1317241655485502,0.006989060610463005,100.0,0.6050608267790725,0,7.145343887711919,1,0,0,2.2445595516300236,1
s21-rsi-14-15m-only,oscillators,OK,3,1,0.3333333333333333,15.453903948556924,0,15.453903948556924,15.453903948556924,2.564298487886852,0,100.0,0.49393618640945125,0,-4.323347272789382,0,15.453903948556924,1,-1.5807307139264597,0
satoshisignals-momentum-divergence-scanner,oscillators,OK,3,1,0.3333333333333333,11.52032171630622,0,11.52032171630622,11.52032171630622,1.1998037324485413,0,100.0,0.47426827524819776,0,-4.323347272789382,0,0,0,11.52032171630622,1
simple-volume-zone-oscillator-svzo-tr,oscillators,OK,3,3,0.3333333333333333,3.991717307991538,12.089077127671484,-6.628714144370708,20.904670018282953,0.07139926307201927,1.848353226545949,44.444444444444436,0.28662525320662435,0,-2.300803949937632,3,20.904670018282953,3,-6.628714144370708,3
sma-9-plus-variable,oscillators,OK,3,3,1.0,7.73103306389519,3.027561610859273,5.091131984697641,11.970296139068378,1.4353637684318563,0.591627935191587,86.66666666666667,0.6407481815215792,0,11.970296139068378,2,5.091131984697641,1,6.131671067919553,5
solana-usd-swing-trending-strategy,oscillators,OK,3,3,0.3333333333333333,-2.6279693825053783,7.89306694258386,-8.974612209249825,8.497763757033011,-1.030988032975955,1.9267852721326908,31.666666666666668,0.26666666666666666,0,-8.974612209249825,10,8.497763757033011,4,-7.4070596952993215,12
squeeze-momentum-by-lincoln,oscillators,OK,3,2,0.3333333333333333,0.917896115685406,2.624730108353193,-1.7068339926677871,3.542626224038599,0.15233168579315925,0.35039628234248477,16.666666666666664,0.38365707665947246,0,-1.7068339926677871,3,16.262235331589544,0,3.542626224038599,1
start-grid-alert-by-deepsage,oscillators,OK,3,2,0.0,-1.546625685708721,0.12556596679983345,-1.6721916525085545,-1.4210597189088876,-0.6761746274989304,0.17484050165144033,8.333333333333332,0.09999999999999999,0,-1.4210597189088876,1,-1.6721916525085545,6,0,0
stochastic-momentum-index-smi-tr,oscillators,OK,3,1,0.0,-9.175480564411307,0,-9.175480564411307,-9.175480564411307,-5.461779451432415,0,26.31578947368421,0.049999999999999996,0,0,0,-9.175480564411307,19,0,0
super-stochasticbeyramazan,oscillators,OK,3,3,0.3333333333333333,-0.3541776998803547,7.630603400273737,-7.68022643606196,10.170764753900672,0.04664701923037836,1.4003631175891118,48.09941520467836,0.26666666666666666,0,-7.68022643606196,21,10.170764753900672,28,-3.5530714174797757,19
super-volumesv,oscillators,OK,3,3,0.0,-17.42609956438938,6.64519639807682,-26.475825011399166,-10.706970504764977,-3.9049179778927123,2.938944533798327,38.89486844966297,0.15,0,-15.095503177003994,84,-26.475825011399166,73,-10.706970504764977,80
swing-level-z-score-oscillator,oscillators,OK,3,2,0.3333333333333333,-0.44887748322525267,4.6149192839850155,-5.063796767210268,4.166041800759762,-0.4996100064086573,1.0598171606908138,35.0,0.21666666666666665,0,4.166041800759762,2,0,0,-5.063796767210268,5
trend-indicatorbeyramazan,oscillators,OK,3,3,0.3333333333333333,-7.491023097912097,7.74847275365133,-14.391878053002467,3.331099957159269,-1.5538927597599754,1.9344628097596723,30.555555555555554,0.26666666666666666,0,-14.391878053002467,8,3.331099957159269,3,-11.412291197893094,8
typical-price-bias,oscillators,OK,3,3,0.3333333333333333,-2.787951752875408,9.216068973202743,-12.516322405861443,9.58775767374772,-0.5104399909509546,2.2684556384798005,32.870370370370374,0.26666666666666666,0,-5.435290526512501,8,9.58775767374772,2,-12.516322405861443,9
viprasol-sniper-confluence-entryexit,oscillators,OK,3,2,0.0,-5.436060177298023,0.06954175894799874,-5.505601936246022,-5.366518418350024,-1.1443071068642454,0.22053016284343602,20.0,0.09999999999999999,0,-5.366518418350024,5,0,0,-5.505601936246022,5
volume-conviction-index-v10,oscillators,OK,3,3,0.3333333333333333,-1.1537634573255393,1.921167810992921,-3.4753577278303416,1.229317879478389,-0.12207632451111967,0.6129327394377255,48.888888888888886,0.26666666666666666,0,-3.4753577278303416,3,1.229317879478389,5,-1.2152505236246651,6
volume-regime-shift-tpsl,oscillators,OK,3,1,0.0,-6.176462265840572,0,-6.176462265840572,-6.176462265840572,-2.649439507460688,0,0.0,0.049999999999999996,0,-6.176462265840572,1,0,0,0,0
volume-shift-money-flow-vsmf,oscillators,OK,3,3,0.3333333333333333,-4.441397724862177,5.970407464236878,-8.828323764573607,3.999849532233129,-1.2359847953414347,1.7046193314364428,46.031746031746025,0.26666666666666666,0,-8.49571894224605,7,3.999849532233129,3,-8.828323764573607,7
vvei-regression-residuals,oscillators,OK,3,3,0.0,-3.7387805802225,4.673603992075654,-10.341495211995586,-0.1786163273241691,-1.066133780432936,1.2720468890893368,16.666666666666668,0.15,0,-10.341495211995586,1,-0.6962302013477456,1,-0.1786163273241691,2
xagusdt-smackdown-detector,oscillators,OK,3,1,0.0,-0.24074867964323493,0,-0.24074867964323493,-0.24074867964323493,-0.19261389560452066,0,50.0,0.049999999999999996,0,0,0,-0.24074867964323493,4,0,0
zion-trend-strike-wjdtks255,oscillators,OK,3,3,0.3333333333333333,1.1187340759768551,10.460915741562532,-7.2726892490138555,15.86594554483659,-0.19382671004518168,2.069168740514705,8.333333333333334,0.27226033704655095,0,-5.237054067892168,4,15.86594554483659,1,-7.2726892490138555,5
assistant,popular,OK,3,3,0.6666666666666666,4.32622316713072,10.432558875049105,-9.613752809564307,15.481331147655627,0.4601692384225738,1.5717785609427093,55.45125164690382,0.4049644491689869,0,15.481331147655627,22,7.111091163300837,23,-9.613752809564307,24
dynamic-extreme-channels-reversals-luxalgo,popular,OK,3,3,0.3333333333333333,1.096810293570157,11.871293525872627,-10.273865545608684,17.47898013604095,-0.22087863015456746,1.6275203009245023,13.888888888888888,0.2721507181345174,0,-3.914683709721794,4,17.47898013604095,1,-10.273865545608684,6
internal-vs-external-liquidity-zones-alpha-extract,popular,OK,3,3,0.3333333333333333,-2.9407652947350145,3.59494790675974,-7.990601703562512,0.093897808166701,-0.8946542084052772,1.1443452290708196,36.613756613756614,0.26666666666666666,0,-0.9255919888092321,5,0.093897808166701,9,-7.990601703562512,7
lfwd-watermark-checklist,popular,OK,3,2,0.0,-2.5535133121330658,1.9792681821620282,-4.532781494295094,-0.5742451299710374,-0.5592535863881314,0.4612772775196048,33.33333333333333,0.09999999999999999,0,-0.5742451299710374,3,3.3435555935640586,0,-4.532781494295094,3
swing-highlow-wick-zones-support-resistance-indicator,popular,OK,3,3,1.0,19.60709453371928,6.538135142744301,14.3237601047934,28.82033687909847,3.5767184091994473,0.11424611969011392,95.23809523809524,0.8194739427460679,0,28.82033687909847,6,14.3237601047934,3,15.677186617265978,7
3-level-zig-zag,trend_analysis,OK,3,3,0.3333333333333333,-6.092248943268166,9.219767848941904,-18.59794823024563,3.3561902843728753,-1.2911388193622675,1.8939736417376363,35.10019392372333,0.26666666666666666,0,-3.0349888839317427,17,-18.59794823024563,13,3.3561902843728753,14
a-l-p-h-a-x-fair-value-gap-fvg-tracker,trend_analysis,OK,3,2,0.6666666666666666,10.616877791036442,6.677352472310419,3.939525318726024,17.29423026334686,1.3298220532755682,0.9449002592514699,70.83333333333333,0.40019265747564803,0,3.939525318726024,3,17.29423026334686,4,5.303589962451311,0
adaptive-supertrend-excavo,trend_analysis,OK,3,3,0.3333333333333333,-2.463208466625811,4.998990822933607,-7.722099516817907,4.258047484591996,-0.6377408780525738,0.828685685253111,0.0,0.26666666666666666,0,4.258047484591996,2,-3.9255733676515225,3,-7.722099516817907,4
adaptive-supertrend-mab,trend_analysis,OK,3,2,0.3333333333333333,-1.8615083144078017,2.8348910930714117,-4.6963994074792135,0.9733827786636102,-0.3232499101974601,0.6807270282222727,25.0,0.21666666666666665,0,-4.6963994074792135,2,5.741224265439727,0,0.9733827786636102,1
adaptive-trend-sabre-boswaves,trend_analysis,OK,3,1,0.0,-6.565679263030906,0,-6.565679263030906,-6.565679263030906,-1.8064685806147607,0,0.0,0.049999999999999996,0,-6.565679263030906,1,7.140867098024217,0,0,0
ag-pro-auto-trendlines-mtf-breakretest-community-os,trend_analysis,OK,3,3,0.6666666666666666,2.1877802675829443,7.004778661254323,-7.718386936381721,7.176565901258465,-0.3834860626899492,1.694998172742246,26.746031746031747,0.39427223467124806,0,7.105161837872089,15,-7.718386936381721,12,7.176565901258465,7
ag-pro-swap-engine-pair-rotation-z-score,trend_analysis,OK,3,1,0.0,-9.001232805589272,0,-9.001232805589272,-9.001232805589272,-2.7878363892373055,0,16.666666666666664,0.049999999999999996,0,0,0,-9.001232805589272,6,0,0
ag-pro-trend-quality,trend_analysis,OK,3,3,0.6666666666666666,1.0343735400730028,1.98555090202439,-1.6507919951781806,3.088316352274633,0.16796879051620964,0.6648226789641964,61.11111111111111,0.47229953129264923,0,3.088316352274633,2,-1.6507919951781806,6,1.6655962631225558,1
algov2,trend_analysis,OK,3,3,0.3333333333333333,-4.985207825409345,6.157451900957193,-11.618355776814612,3.217298206715903,-0.7390091529080675,1.1473832083478874,53.835978835978835,0.26666666666666666,0,-6.554565906129326,35,3.217298206715903,49,-11.618355776814612,36
amt-institutional-model-v2,trend_analysis,OK,3,1,0.0,-3.7149943666322653,0,-3.7149943666322653,-3.7149943666322653,-1.3170445313123769,0,0.0,0.049999999999999996,0,-3.7149943666322653,1,0,0,0,0
aura-mean-reversion-envelopes-pineify,trend_analysis,OK,3,1,0.0,-7.7164014512242725,0,-7.7164014512242725,-7.7164014512242725,-1.5151173786196375,0,0.0,0.049999999999999996,0,-7.7164014512242725,1,0,0,0,0
aura-trend-candlestick-matrix-pineify,trend_analysis,OK,3,2,0.0,-5.806714309006551,2.250744996481721,-8.057459305488273,-3.55596931252483,-0.8460160159129596,0.2937707879995045,25.0,0.09999999999999999,0,-8.057459305488273,3,9.402074343059997,0,-3.55596931252483,2
averaged-heikin-ashi,trend_analysis,OK,3,2,0.0,-6.432487230388295,3.4556656631030283,-9.888152893491323,-2.9768215672852674,-1.2021277804547688,0.44175385307349946,0.0,0.09999999999999999,0,-9.888152893491323,1,9.402074343059997,0,-2.9768215672852674,1
bfm-multi-algorithm-pivot-points,trend_analysis,OK,3,3,0.0,-22.26054393185143,15.128818268133752,-43.57267353302831,-9.971517961391974,-3.7510862006681003,3.223508651818006,38.95547333047333,0.15,0,-9.971517961391974,64,-43.57267353302831,63,-13.237440301134004,74
biais-daily-crt,trend_analysis,OK,3,3,0.0,-19.665318762328297,6.505511615059586,-28.353562667512016,-12.700445878506756,-2.6653370605624893,0.9397383025308857,40.673264357474885,0.15,0,-17.941947740966118,72,-28.353562667512016,78,-12.700445878506756,76
bk-ak-ha-window,trend_analysis,OK,3,2,0.6666666666666666,10.992264026027245,5.7874949191167975,5.204769106910448,16.779758945144042,1.7671358789946838,0.9432223862263801,100.0,0.4024890569068745,0,5.204769106910448,1,16.779758945144042,1,-4.188091735265247,0
blackcat-l2-ttm-squeeze-security-risk,trend_analysis,OK,3,3,1.0,8.305205860369078,5.615554883490503,4.11031416609342,16.24250168239615,1.2661862097227614,1.0025872139375933,75.55555555555556,0.5415260293018453,0,4.562801732617664,5,16.24250168239615,4,4.11031416609342,6
bos-choch-mtf-1m-5m,trend_analysis,OK,3,2,0.0,-7.002126977356849,4.249440798584837,-11.251567775941687,-2.7526861787720116,-1.5754663040991315,1.083543366645922,29.166666666666664,0.09999999999999999,0,-2.7526861787720116,3,0,0,-11.251567775941687,4
btc-intraday-advanced-spot-pro-v6,trend_analysis,OK,3,1,0.3333333333333333,0.30512667757636514,0,0.30512667757636514,0.30512667757636514,0.20956584327484729,0,100.0,0.41819230005454844,0,0.30512667757636514,1,0,0,0,0
carry-monitor,trend_analysis,OK,3,1,0.3333333333333333,1.0055780799156637,0,1.0055780799156637,1.0055780799156637,0.24990014522213289,0,100.0,0.4216945570662449,0,0,0,0,0,1.0055780799156637,1
cbc-flip-with-targets-and-filters-luxalgo,trend_analysis,OK,3,3,0.3333333333333333,-2.3235071020616744,9.618725851581242,-13.43640451378093,10.02687005862205,-1.0232140548806334,2.3705030174892685,37.75252525252525,0.26666666666666666,0,10.02687005862205,22,-13.43640451378093,24,-3.560986851026144,18
ce-1m-3m-buy-sell-hold,trend_analysis,OK,3,3,0.3333333333333333,-4.643323668646893,20.63590252386669,-29.406543147126214,21.111689910202493,-1.2798797394359298,3.045896579864867,19.23076923076923,0.26666666666666666,0,-29.406543147126214,13,21.111689910202493,4,-5.635117769016957,8
ceo-indicator,trend_analysis,OK,3,3,0.0,-5.49825762550605,4.636531732127476,-11.921893686007301,-1.1467841314381804,-1.6728545752904747,1.9392087273482002,35.85084506137138,0.15,0,-1.1467841314381804,57,-11.921893686007301,35,-3.4260950590726718,52
clean-institutional-levels,trend_analysis,OK,3,2,0.0,-3.2092180387538027,1.171671879188354,-4.380889917942157,-2.0375461595654487,-0.6183419126695373,0.3604421260037379,25.0,0.09999999999999999,0,-2.0375461595654487,2,-3.6275560257534525,0,-4.380889917942157,2
codapro-manta-cross-relative-strength-confirmed,trend_analysis,OK,3,3,0.0,-9.658352023868288,2.8319729901160113,-12.752544073648341,-5.909077942047268,-2.9491685301618844,1.1640020137464462,11.428571428571429,0.15,0,-12.752544073648341,6,-10.313434055909253,7,-5.909077942047268,10
colidation-breakout-structureha-cbs,trend_analysis,OK,3,3,0.6666666666666666,0.9038466631121022,5.78607197346482,-6.187539281979756,7.985374382431109,0.4123470478550537,1.3392360776755325,66.66666666666667,0.3878525666488938,0,-6.187539281979756,1,7.985374382431109,1,0.913704888884953,1
crt-marker-candle-range-theory-detection,trend_analysis,OK,3,3,0.3333333333333333,-8.87332365735257,17.123365196653875,-22.653804267145883,15.261864287629825,-1.3371570238252286,1.8860055359251513,34.36652182296782,0.26666666666666666,0,-22.653804267145883,37,-19.22803099254165,41,15.261864287629825,49
daily-bias-notification-system-fish-x-ttrades-ict-concepts,trend_analysis,OK,3,3,0.0,-17.328120998212697,8.36495941469777,-29.06766560475049,-10.194965009105129,-2.9419210070362922,2.1189512004944984,39.92937505132627,0.15,0,-10.194965009105129,55,-29.06766560475049,41,-12.721732380782472,72
daily-mgi-onlyflow,trend_analysis,OK,3,3,0.0,-16.621176257274062,11.045871959225023,-32.23696550693427,-8.456524583406296,-3.6987208324571266,3.7277682629681093,39.566946056307756,0.15,0,-8.456524583406296,55,-32.23696550693427,47,-9.17003868148163,60
daily-volume-profile-pro-willyalgotrader,trend_analysis,OK,3,1,0.3333333333333333,1.0055780799156637,0,1.0055780799156637,1.0055780799156637,0.24990014522213289,0,100.0,0.4216945570662449,0,0,0,0,0,1.0055780799156637,1
decycler-momentum-regime-filter-charonquant,trend_analysis,OK,3,2,0.3333333333333333,2.91641159465316,4.282816677293704,-1.3664050826405438,7.199228271946864,0.2745732781720821,0.45670967480235264,0.0,0.36707130593934423,0,7.199228271946864,1,23.129233094797645,0,-1.3664050826405438,1
delta-ladder-order-flow-ualgo,trend_analysis,OK,3,3,0.0,-9.305148524773726,5.005985972539834,-16.008502144025318,-3.9815105016986636,-1.663885212363942,0.9635970392906251,30.97826086956522,0.15,0,-7.925432928597191,23,-16.008502144025318,27,-3.9815105016986636,24
demand-and-supply-indicator-with-fvg-trend-by-zeeshan,trend_analysis,OK,3,3,0.3333333333333333,-3.4157490191227797,12.324875639175687,-12.215314493686805,14.013982869090905,-1.1769604539285656,2.396230412566403,48.47374847374848,0.26666666666666666,0,-12.04591543277244,21,14.013982869090905,13,-12.215314493686805,14
dkj-hl-levels,trend_analysis,OK,3,3,0.3333333333333333,-4.274206704061149,4.622774052826681,-8.118333051261652,2.2273847624204355,-0.6531834650836773,0.6868839090040895,47.82186948853615,0.26666666666666666,0,-6.93167182334223,27,2.2273847624204355,30,-8.118333051261652,28
donchian-channels-trend,trend_analysis,OK,3,2,0.0,-3.955052443522232,3.708389489955749,-7.663441933477981,-0.24666295356648332,-0.6994949092544706,0.6712002940697328,53.835227272727266,0.09999999999999999,0,-0.24666295356648332,22,11.246138591427677,0,-7.663441933477981,32
dual-supertrend-ab-tracked-ref-cross,trend_analysis,OK,3,1,0.0,-11.883712209554549,0,-11.883712209554549,-11.883712209554549,-1.6976830171638493,0,0.0,0.049999999999999996,0,-11.883712209554549,2,10.235987871081845,0,0,0
dynamic-delta-fvg-luxalgo,trend_analysis,OK,3,3,0.3333333333333333,1.8126010630341811,14.854576047687011,-11.199580106073089,22.60154851347857,-0.4024057774923145,2.2891464498698313,38.888888888888886,0.27572967198183757,0,-11.199580106073089,6,22.60154851347857,1,-5.964165218302937,3
dynamic-extreme-channels-reversals-luxalgo,trend_analysis,OK,3,1,0.3333333333333333,1.8896469245715561,0,1.8896469245715561,1.8896469245715561,0.19847367011063913,0,33.33333333333333,0.4261149012895244,0,-1.3834427811863135,0,37.83758840564176,0,1.8896469245715561,3
dynamic-trendlines-breakouts-identityka,trend_analysis,OK,3,2,0.3333333333333333,2.408469762643501,4.395128711580932,-1.986658948937431,6.803598474224433,0.3496794957360653,0.6804625284321613,50.0,0.30859338337184383,0,-1.986658948937431,1,0,0,6.803598474224433,1
ebp-fib,trend_analysis,OK,3,3,0.3333333333333333,-4.4362349573867155,10.396239187307893,-13.298672841668246,10.15449085861427,-0.8238831815870368,2.0377519236502617,33.33333333333333,0.26666666666666666,0,-10.16452288910617,3,10.15449085861427,3,-13.298672841668246,3
failed-2-evaluator-v22-failed-2-evaluator-continuation-engine,trend_analysis,OK,3,2,0.3333333333333333,-0.5935191878848491,8.53447860735871,-9.127997795243559,7.94095941947386,-0.7514077690475993,1.7202205912542419,41.0,0.21666666666666665,0,1.05051809227356,0,-9.127997795243559,25,7.94095941947386,4
fatih-pivot-box-v2-stable,trend_analysis,OK,3,2,0.0,-3.4203141914127118,1.1627767984115414,-4.583090989824253,-2.2575373930011704,-0.9187710429885966,0.29388648809090545,16.666666666666664,0.09999999999999999,0,-2.2575373930011704,1,0,0,-4.583090989824253,3
fibonacci-order-blocks-yigdeli,trend_analysis,OK,3,2,0.3333333333333333,0.16784515137465483,5.580103852869462,-5.412258701494808,5.747949004244117,-0.0052529838330738765,0.7959926465038136,100.0,0.2175058924235399,0,-5.412258701494808,1,-17.752902010871622,0,5.747949004244117,2
fractal-support-and-resistance-zones-engine,trend_analysis,OK,3,3,0.6666666666666666,6.669606704964342,7.990643234325896,-2.1419772905180725,17.20259704822497,0.9025794618969724,1.1886652036947474,57.77777777777777,0.41668136685815504,0,4.948200357186128,5,17.20259704822497,3,-2.1419772905180725,6
fvg-imbalance-map-flowforge,trend_analysis,OK,3,3,0.0,-11.310936595170867,5.087834830380447,-18.431339727607728,-6.854080516034461,-2.214253198462349,1.7798981014445636,39.036245547873456,0.15,0,-8.64738954187042,37,-18.431339727607728,15,-6.854080516034461,43
fvg-lux-sr-entry-filter,trend_analysis,OK,3,2,0.3333333333333333,-3.811326111580085,7.146353113590289,-10.957679225170374,3.3350270020102033,-0.7126353911363541,1.2735415565593935,50.0,0.21666666666666665,0,-10.957679225170374,1,0,0,3.3350270020102033,1
fvg-mapper-filter,trend_analysis,OK,3,1,0.0,-5.247166157997039,0,-5.247166157997039,-5.247166157997039,-0.6315922850093146,0,0.0,0.049999999999999996,0,-5.247166157997039,1,9.731730393235893,0,-7.568812483032657,0
gann-n-bar-swing-chart,trend_analysis,OK,3,3,0.3333333333333333,-4.756586629512317,10.965655474893154,-16.890517382995952,9.673643261958743,-1.1605709990931243,2.3107345097773195,37.43378052975576,0.26666666666666666,0,-7.052885767499742,19,9.673643261958743,15,-16.890517382995952,17
global-session-tracker,trend_analysis,OK,3,1,0.0,-1.0921663895546225,0,-1.0921663895546225,-1.0921663895546225,-0.41858589637412524,0,0.0,0.049999999999999996,0,-3.856409582586726,0,29.21737182746769,0,-1.0921663895546225,1
gold-priceaction-v1,trend_analysis,OK,3,3,0.3333333333333333,-0.8669329565566052,8.086444933828071,-8.159334742423074,10.408261621448677,-0.523677143072849,2.098521036601572,20.634920634920633,0.26666666666666666,0,-4.849725748695419,7,10.408261621448677,3,-8.159334742423074,6
grid-system-gann-diamond,trend_analysis,OK,3,3,0.0,-5.559189514886007,3.8882881725750535,-9.77034891378964,-0.39129373814076823,-1.2327933102330624,0.9097394290842377,8.928571428571429,0.15,0,-6.51592589272761,7,-0.39129373814076823,3,-9.77034891378964,8
gs-fibonacci-retracement-dynamic-anchor-buysell,trend_analysis,OK,3,1,0.3333333333333333,0.7528479877495702,0,0.7528479877495702,0.7528479877495702,0.14327521115127642,0,50.0,0.4204309066054145,0,0,0,0,0,0.7528479877495702,2
harmonic-resonance-detector-joat,trend_analysis,OK,3,1,0.0,-3.3966194889706385,0,-3.3966194889706385,-3.3966194889706385,-1.4922271415952066,0,0.0,0.049999999999999996,0,-1.346720583761955,0,0,0,-3.3966194889706385,1
hosoda-wave-targets-ualgo,trend_analysis,OK,3,1,0.0,-2.5462824478978727,0,-2.5462824478978727,-2.5462824478978727,-0.6406551755103432,0,47.05882352941176,0.049999999999999996,0,-2.5462824478978727,17,0,0,0,0
hour-pivots,trend_analysis,OK,3,3,0.0,-10.945467187925397,7.26299427106504,-21.20511096773301,-5.389721823819229,-2.4917610942500077,2.5451708798285635,25.910852713178297,0.15,0,-6.241568772223953,40,-21.20511096773301,50,-5.389721823819229,43
htf-candle-profile-ualgo,trend_analysis,OK,3,3,0.3333333333333333,-3.775541424783602,14.058107259431988,-18.54499790939376,15.134937809905736,-1.5608802988632873,3.0313272518263648,15.74074074074074,0.26666666666666666,0,-7.916564174862782,9,15.134937809905736,4,-18.54499790939376,10
htf-volume-spike-imbalance-projection-luxalgo,trend_analysis,OK,3,3,0.0,-3.533411362569764,1.4876489930387597,-5.187513665753955,-1.5804790148986065,-0.9657463188136471,0.4164281231850634,34.61538461538461,0.15,0,-1.5804790148986065,13,-3.832241407056732,13,-5.187513665753955,16
ict-mtf-poi-cisd-liquidity-trade-manager,trend_analysis,OK,3,3,0.0,-8.316117630780845,1.5212663884280813,-10.378772746967996,-6.7551982104086346,-1.491432773438925,0.5209104923193641,12.037037037037038,0.15,0,-6.7551982104086346,2,-7.814381934965903,9,-10.378772746967996,4
impulse-trend-tracker,trend_analysis,OK,3,3,0.3333333333333333,-2.589659269856842,5.29357486199851,-8.838507068511753,4.10503466425903,-0.3809665965587424,0.7194775954646435,48.27688651218063,0.26666666666666666,0,-3.0355054053178026,22,-8.838507068511753,9,4.10503466425903,17
inside-candle-positional-strategy,trend_analysis,OK,3,3,0.0,-5.699861150757535,4.685044639972825,-11.660128942247304,-0.2135606986751809,-1.294339928196336,0.9961907414562386,37.5,0.15,0,-11.660128942247304,8,-5.2258938113501205,6,-0.2135606986751809,6
internal-vs-external-liquidity-zones-alpha-extract,trend_analysis,OK,3,2,0.0,-5.0969637860463335,0.4197214135617031,-5.516685199608037,-4.67724237248463,-1.0168555048266215,0.21966739245235578,0.0,0.09999999999999999,0,-4.67724237248463,2,6.8836270824037635,0,-5.516685199608037,6
inverse-golden-pocket-mtf-zones,trend_analysis,OK,3,2,0.3333333333333333,-3.0601567794769795,4.19662526562887,-7.25678204510585,1.1364684861518908,-0.37898567838854935,0.5478814968573741,0.0,0.21666666666666665,0,-7.25678204510585,3,4.038953457623153,0,1.1364684861518908,1
inversion-fair-value-gaps-ifvg-chartprime,trend_analysis,OK,3,2,0.6666666666666666,8.776689280772882,2.662464629593095,6.114224651179786,11.439153910365976,0.9521376618900134,0.3344155833436947,66.66666666666666,0.543612883901274,0,6.114224651179786,3,11.439153910365976,3,-5.060785313545275,0
kama-sd-bands-rakoquant,trend_analysis,OK,3,2,0.0,-6.304997564244964,3.7381392101056767,-10.043136774350641,-2.5668583541392875,-0.9052010279781348,0.43754569490833334,0.0,0.09999999999999999,0,-10.043136774350641,1,14.387383237557922,0,-2.5668583541392875,1
key-pivot-collector-dataset-oriented,trend_analysis,OK,3,3,0.3333333333333333,0.06320918040898256,7.2518000717678675,-8.683152959264989,9.07414492385657,0.1793787311532611,1.7017557948858169,50.0,0.26698271256871153,0,-8.683152959264989,1,9.07414492385657,2,-0.20136442336463367,2
kty-auto-support-resistance,trend_analysis,OK,3,3,0.3333333333333333,-5.050280614457908,7.327145697047824,-15.404260704271206,0.4829654106961097,-1.6255847492885476,2.31453159487993,27.02020202020202,0.26666666666666666,0,0.4829654106961097,22,-15.404260704271206,33,-0.2295465497986297,16
linear-regression-projection-channel-congtrader,trend_analysis,OK,3,2,0.6666666666666666,6.429491943691021,4.846968925844841,1.5825230178461789,11.276460869535862,0.6964590039591996,0.4088252770494989,63.60294117647059,0.5132744737894137,0,11.276460869535862,8,7.907544839735929,0,1.5825230178461789,17
liquidities-pivot-levels,trend_analysis,OK,3,3,1.0,8.020293958612271,2.6735864173636252,4.790746780696922,11.3378932185889,1.8966404118437357,0.38759202650448404,77.5,0.6932034631669404,0,7.932241876550994,8,4.790746780696922,2,11.3378932185889,10
liquidity-precision-overlay,trend_analysis,OK,3,3,0.3333333333333333,-0.5337414986410146,6.03249537246024,-7.02206385579612,7.50758085821294,0.19943616362189406,2.1159244189148896,33.333333333333336,0.26666666666666666,0,-7.02206385579612,2,7.50758085821294,3,-2.086741498339863,1
liquidity-structure-mapper-joat,trend_analysis,OK,3,2,0.3333333333333333,4.303257660187082,6.016709598195259,-1.7134519380081765,10.319967258382341,0.3294518841936937,0.6056214548381806,73.07692307692308,0.3367775912580569,0,10.319967258382341,5,4.891106089466601,0,-1.7134519380081765,13
liquidity-trail-signals-boswaves,trend_analysis,OK,3,2,0.0,-6.504239260951719,5.5375722778327106,-12.04181153878443,-0.9666669831190083,-1.196483146287867,1.059397492855188,0.0,0.09999999999999999,0,-0.9666669831190083,2,0,0,-12.04181153878443,4
lumina-trend-channels-pineify,trend_analysis,OK,3,3,0.3333333333333333,-2.1072479052000612,7.259942182320434,-11.285995284256394,6.466230219399208,-0.03409013655127011,1.5244543614512196,55.55555555555555,0.26666666666666666,0,-11.285995284256394,3,6.466230219399208,1,-1.5019786507429962,3
machine-learning-psar-boswaves,trend_analysis,OK,3,2,0.0,-8.471070523376767,0.26722959714439654,-8.738300120521163,-8.20384092623237,-1.7247287042845731,0.14032978260086415,0.0,0.09999999999999999,0,-8.20384092623237,2,27.66449438188967,0,-8.738300120521163,2
market-regime-detector,trend_analysis,OK,3,3,0.6666666666666666,0.27911697893787607,3.9588034486926604,-5.269567596011155,3.6994172633931304,0.013243172688975088,1.6762584127735516,52.020202020202014,0.3847289182280227,0,3.6994172633931304,11,2.4075012694316538,6,-5.269567596011155,6
market-structure-zone-goldplusinfinity,trend_analysis,OK,3,3,1.0,8.792047262634833,2.834484106535229,5.044612519344955,11.898241757349068,2.0345911136585824,0.9112551005064603,67.17948717948718,0.5661464611865591,0,5.044612519344955,10,9.43328751121048,10,11.898241757349068,13
matrix-supply-demand-zones-matrix-trading-lab,trend_analysis,OK,3,2,0.6666666666666666,3.539690016851142,1.741841495037261,1.797848521813881,5.281531511888403,0.6323631365002274,0.1802769968678355,70.23809523809524,0.5559625342006301,0,5.281531511888403,21,0,0,1.797848521813881,6
mesa-adaptive-cycle-engine-markittick,trend_analysis,OK,3,3,0.3333333333333333,-0.20697271598634023,14.027371278071424,-12.384315701860483,19.443960970721395,-0.5571615435067621,2.270453407123953,42.22222222222222,0.26666666666666666,0,-12.384315701860483,9,19.443960970721395,5,-7.680563416819933,9
monotonicity-index-luxalgo,trend_analysis,OK,3,3,0.6666666666666666,2.645873014713846,5.035847136921386,-3.6352916324855613,8.693320072995615,0.6028094098949005,0.9909615088805624,52.77777777777777,0.3988223211867619,0,-3.6352916324855613,6,8.693320072995615,4,2.8795906036314847,6
mtf-fractal-model,trend_analysis,OK,3,3,0.0,-20.0827833987797,15.81423511800548,-42.44734603975737,-8.831205904686678,-3.315242387205391,3.179611168163633,39.7528854260546,0.15,0,-8.831205904686678,55,-42.44734603975737,53,-8.96979825189506,59
mtf-swing-point-trend-lines,trend_analysis,OK,3,1,0.3333333333333333,6.934936930036158,0,6.934936930036158,6.934936930036158,1.0092064099237916,0,58.06451612903226,0.45134135131684744,0,6.934936930036158,31,0,0,-2.9077896873348945,0
multi-coin-rsi-alert-system,trend_analysis,OK,3,1,0.3333333333333333,15.85575794021362,0,15.85575794021362,15.85575794021362,2.627697120147929,0,100.0,0.49594545636773474,0,-4.323347272789382,0,15.85575794021362,1,3.5622511060180697,0
multi-timeframe-volume-profile-tool-by-onlywicks,trend_analysis,OK,3,2,0.0,-4.828124472253388,2.047232340545059,-6.875356812798447,-2.7808921317083293,-0.6193651149459375,0.3194768445961857,50.0,0.09999999999999999,0,-2.7808921317083293,18,25.913464405142978,0,-6.875356812798447,48
natural-visibility-graph-ualgo,trend_analysis,OK,3,3,0.6666666666666666,-6.6586007855421725,13.426489603620153,-25.62627242486249,3.5845169655327336,-1.6257280251055704,2.7597572221234694,27.36892736892737,0.3833333333333333,0,2.065953102703235,7,-25.62627242486249,11,3.5845169655327336,9
navi-by-ravi-devraj-saxena-gold-rr-13,trend_analysis,OK,3,3,0.3333333333333333,-4.000149198964461,3.4930890354711166,-7.817574584071902,0.6238819070438913,-0.9979329445891622,1.0388627621515043,33.7037037037037,0.26666666666666666,0,-7.817574584071902,6,0.6238819070438913,5,-4.806754919865373,9
neural-ribbon,trend_analysis,OK,3,3,0.6666666666666666,0.8024416453832769,4.688607341022199,-5.039247498543962,6.440004671055867,0.2006568722260582,0.827166391901625,49.780701754385966,0.43055394358484345,0,1.006567763637926,14,6.440004671055867,8,-5.039247498543962,19
nexus-structure-detector-joat,trend_analysis,OK,3,2,0.3333333333333333,-2.429723798470099,4.778020052630055,-7.207743851100153,2.3482962541599552,-0.25464990509845187,1.0483071122155165,100.0,0.21666666666666665,0,-7.207743851100153,1,0,0,2.3482962541599552,1
nifty-market-pressure-dashboard-pro,trend_analysis,OK,3,3,0.0,-16.057464770537205,7.459515434718734,-26.509513749610548,-9.593474253397407,-3.221565956480949,2.4930583903725254,35.45846253471314,0.15,0,-9.593474253397407,58,-26.509513749610548,26,-12.069406308603662,71
parkinson-supertrend-charonquant,trend_analysis,OK,3,2,0.0,-5.644841780191172,5.03143703277639,-10.676278812967562,-0.613404747414781,-0.7679735761121592,0.6915028148135797,0.0,0.09999999999999999,0,-10.676278812967562,7,27.66449438188967,0,-0.613404747414781,3
phase-shift-mtf-ps-mtf-optimized-v2,trend_analysis,OK,3,3,0.3333333333333333,1.5621886612798555,10.010324890578614,-9.053691981558835,14.981060819125808,-0.18088881973789883,2.1303045675879786,33.333333333333336,0.2744776099730659,0,-1.2408028537274076,3,14.981060819125808,2,-9.053691981558835,6
premium-discount-zones-tradewsamet,trend_analysis,OK,3,1,0.3333333333333333,0.25495164908494916,0,0.25495164908494916,0.25495164908494916,0.036484853930549364,0,100.0,0.41794142491209135,0,0.25495164908494916,2,-13.741947922843917,0,7.7000864269513265,0
pressure-zone-analyzer-joat,trend_analysis,OK,3,3,0.6666666666666666,-1.1083306944625362,6.468862392457931,-9.830915024778689,5.641823737388026,-1.211242949740442,2.342187229369374,34.096520763187435,0.3833333333333333,0,5.641823737388026,22,-9.830915024778689,27,0.8640992040030542,20
price-accumulation-profile-ss,trend_analysis,OK,3,3,0.0,-11.299860798224856,12.976636183533968,-29.489782447409862,-0.09902895263237588,-2.5170266476500767,3.1643619002644314,40.22727272727273,0.15,0,-0.09902895263237588,40,-29.489782447409862,60,-4.310770994632331,44
price-displacement-model,trend_analysis,OK,3,3,0.0,-15.674827308917138,17.309228715338207,-40.13461786885081,-2.6064319377350915,-2.5715189885343643,3.0979119951042597,32.91005291005291,0.15,0,-4.283432120165511,30,-40.13461786885081,35,-2.6064319377350915,27
price-memory-heatmap-bullbyte,trend_analysis,OK,3,2,0.3333333333333333,0.0008500479731883281,0.640308546330547,-0.6394584983573587,0.6411585943037353,-0.7277738505563643,1.137068163893424,50.0,0.2166709169065326,0,0.6411585943037353,2,0,0,-0.6394584983573587,1
protected-swings-luxalgo,trend_analysis,OK,3,2,0.0,-6.179595256970482,0.08320632143194917,-6.262801578402431,-6.096388935538533,-0.904587377361071,0.17159533710291075,37.5,0.09999999999999999,0,-6.096388935538533,4,5.741224265439727,0,-6.262801578402431,1
pure-price-action-structures-jjart,trend_analysis,OK,3,3,0.3333333333333333,4.887883676512196,15.732378891112564,-6.762113970758757,27.12841735205616,0.45904441641347354,1.878113618502194,100.0,0.29110608504922764,0,-5.702652351760815,3,27.12841735205616,2,-6.762113970758757,1
range-finder-profile-ualgo,trend_analysis,OK,3,1,0.3333333333333333,4.658184798208371,0,4.658184798208371,4.658184798208371,0.6293309486498577,0,100.0,0.4399575906577085,0,4.658184798208371,1,-3.3211995502481586,0,2.3798552597045926,0
renko-flip-alert-traditional-only,trend_analysis,OK,3,3,0.0,-15.674827308917138,17.309228715338207,-40.13461786885081,-2.6064319377350915,-2.5715189885343643,3.0979119951042597,32.91005291005291,0.15,0,-4.283432120165511,30,-40.13461786885081,35,-2.6064319377350915,27
renko-moving-average,trend_analysis,OK,3,3,0.0,-6.642467118168672,2.9652742356440105,-10.649262856844697,-3.5674033166218435,-1.3165997091424646,0.6763592675376506,65.18518518518519,0.15,0,-3.5674033166218435,27,-5.7107351810394755,1,-10.649262856844697,45
renko-structure-trend,trend_analysis,OK,3,3,0.0,-10.791693002799713,2.102363071860479,-13.678531510886401,-8.732223182605491,-1.1668976811539564,0.09359188049229895,37.851662404092075,0.15,0,-8.732223182605491,23,-13.678531510886401,17,-9.964324314907252,23
reversal-entry-zones,trend_analysis,OK,3,2,0.3333333333333333,0.3132244622444049,1.9449069947442696,-1.6316825324998647,2.2581314569886746,0.04098315311220718,0.30109258431533314,20.588235294117645,0.3929596428990554,0,2.2581314569886746,2,0,0,-1.6316825324998647,17
rolling-trendline-luxalgo,trend_analysis,OK,3,3,0.3333333333333333,-13.795456355404477,14.781867097795677,-34.114644620741466,0.6189390092471585,-2.1262807729059108,2.3531031736653056,38.651231462527996,0.26666666666666666,0,0.6189390092471585,41,-34.114644620741466,111,-7.890663454719121,57
rsi-range-shift,trend_analysis,OK,3,3,0.3333333333333333,-5.180245152964296,8.565036947758088,-17.222313242436766,1.9727049536216945,-1.3255246023972194,2.019780463395188,31.11111111111111,0.26666666666666666,0,-0.29112717007781613,9,-17.222313242436766,4,1.9727049536216945,10
session-fvg-untapped,trend_analysis,OK,3,3,1.0,5.482989290067131,4.706660525066307,0.7217131737187447,11.891861111970037,0.6791460134733636,0.6277193271904697,39.50617283950617,0.6204851146527182,0,0.7217131737187447,27,11.891861111970037,6,3.8353935845126106,22
siege-structure-engine-multi-tf-dafe,trend_analysis,OK,3,1,0.3333333333333333,1.0055780799156637,0,1.0055780799156637,1.0055780799156637,0.24990014522213289,0,100.0,0.4216945570662449,0,0,0,0,0,1.0055780799156637,1
signal-goat-hh-hl-lh-ll-extension-lines,trend_analysis,OK,3,2,0.3333333333333333,-0.018967525142623565,5.865824109981506,-5.884791635124129,5.846856584838882,-0.19637566643250876,0.7971100847836776,48.958333333333336,0.21666666666666665,0,5.846856584838882,48,8.091415205932192,0,-5.884791635124129,58
simple-profit-monk-trading,trend_analysis,OK,3,2,0.0,-3.552663541320646,0.8047249536849341,-4.35738849500558,-2.7479385876357116,-0.9371762548859621,0.16626608214703786,0.0,0.09999999999999999,0,-2.7479385876357116,1,0,0,-4.35738849500558,1
smart-money-auto-order-blocks-identityka,trend_analysis,OK,3,3,1.0,12.837071497203135,5.842104840740316,5.173122674949263,19.34172243060269,2.3577051217863407,0.5215250136719081,86.66666666666667,0.6838041040680386,0,19.34172243060269,3,5.173122674949263,1,13.996369386057456,5
smart-money-concept-ultimate,trend_analysis,OK,3,3,0.3333333333333333,3.0049771851275637,18.39359583819351,-13.238975338457967,28.72203959609388,-0.16826119852173838,2.5046014900048106,37.96296296296296,0.2816915525923045,0,-13.238975338457967,9,28.72203959609388,4,-6.468132702253221,6
smart-money-engine-willyalgotrader,trend_analysis,OK,3,2,0.0,-4.545917257551141,0.6787230174093639,-5.224640274960504,-3.8671942401417763,-0.7530955119503434,0.031761685901120496,0.0,0.09999999999999999,0,-5.224640274960504,1,15.94463099638783,0,-3.8671942401417763,1
smart-reversal-entry,trend_analysis,OK,3,2,0.3333333333333333,0.7853452983880924,3.2605722051545234,-2.475226906766431,4.045917503542616,0.15415316440601,1.6800818005001905,50.0,0.2205933931586071,0,4.045917503542616,1,0,0,-2.475226906766431,1
smash-reversalmastersinmarkets,trend_analysis,OK,3,3,0.3333333333333333,3.1334044128172547,13.727215087990006,-6.706724431914422,22.546003097596287,-0.20031296701843512,1.1378536556359682,57.93650793650793,0.28233368873075293,0,-6.439065427230103,6,22.546003097596287,7,-6.706724431914422,4
smc-core-lite-signals,trend_analysis,OK,3,3,0.0,-8.729343558156266,3.2210517033551054,-12.474108084538065,-4.610783409090204,-2.1882268771924562,1.2827900217111488,30.29100529100529,0.15,0,-4.610783409090204,36,-9.103139180840532,20,-12.474108084538065,14
smc-market-structure-mtf-levels-by-capitan-trading,trend_analysis,OK,3,2,0.0,-6.842705877465239,1.1216723046255503,-7.9643781820907895,-5.721033572839689,-2.828975370022715,0.1601786059525252,0.0,0.09999999999999999,0,-7.9643781820907895,1,0,0,-5.721033572839689,1
smoothed-heiken-ashi-candles-mtf,trend_analysis,OK,3,3,0.3333333333333333,-1.3048662601453351,10.792541773843416,-9.894968575208187,13.916119345880492,-0.1508090416717435,1.3986359095159846,41.46023468057366,0.26666666666666666,0,-7.9357495511083105,39,13.916119345880492,3,-9.894968575208187,59
structural-flow-decoder-joat,trend_analysis,OK,3,3,0.0,-1.091912718310467,1.1094548706897975,-2.6418202677632214,-0.10559407834392913,-0.4209616646508214,0.4802049367285034,0.0,0.15,0,-2.6418202677632214,2,-0.10559407834392913,1,-0.5283238088242506,2
structural-svm-ranker-luxalgo,trend_analysis,OK,3,2,0.6666666666666666,2.523152058956679,1.196065465230975,1.3270865937257041,3.719217524187654,0.2928482186250152,0.0845418463785595,50.0,0.5748136320334768,0,3.719217524187654,2,11.246138591427677,0,1.3270865937257041,2
structure-break-liquidity-sweep,trend_analysis,OK,3,2,0.0,-4.248605589299172,3.8340652207377284,-8.0826708100369,-0.4145403685614437,-0.5543680860907781,0.4875164683394731,50.0,0.09999999999999999,0,-8.0826708100369,1,-5.171916532856049,0,-0.4145403685614437,1
supertrend-recovery-luxalgo,trend_analysis,OK,3,3,0.0,-12.536284162003923,6.717160799795845,-21.758199532592,-5.951097136244469,-2.5691178307018743,1.1979682397935396,45.35223421287922,0.15,0,-9.899555817175306,68,-5.951097136244469,41,-21.758199532592,92
supply-demand-signal-indicator-afx-syndicate,trend_analysis,OK,3,2,0.6666666666666666,5.881360428386644,0.20085179428772193,5.680508634098922,6.082212222674366,0.9720378521583545,0.22006572047120943,50.0,0.5577237053574642,0,6.082212222674366,1,0,0,5.680508634098922,1
support-resistance-fibonacci-retracement,trend_analysis,OK,3,3,0.3333333333333333,-4.160180162710458,3.2547946230783236,-7.319528506548449,0.3185318822528789,-0.6686932821041541,0.5891843173012637,61.11111111111111,0.26666666666666666,0,-7.319528506548449,2,0.3185318822528789,1,-5.4795438638358025,3
support-resistance-zones-strength-classifier-luxalgo,trend_analysis,OK,3,2,0.6666666666666666,4.862719208429946,3.503397826156143,1.3593213822738035,8.36611703458609,0.6245455638432139,0.46792112480892695,43.30357142857143,0.4906666481732513,0,1.3593213822738035,16,0,0,8.36611703458609,14
swingzag-live,trend_analysis,OK,3,3,0.3333333333333333,-1.8448582280338648,9.312582093624567,-8.935669054795435,11.31182073467721,-0.5721765317712849,1.4860884332872604,39.523809523809526,0.26666666666666666,0,-7.91072636398337,15,11.31182073467721,14,-8.935669054795435,14
the-silver-boss-v10,trend_analysis,OK,3,2,0.6666666666666666,3.726080950403142,2.1403260623950695,1.5857548880080723,5.866407012798212,0.4665471025895087,0.24454676389916838,16.666666666666664,0.540827047110557,0,5.866407012798212,2,0,0,1.5857548880080723,3
tikole-rsi,trend_analysis,OK,3,1,0.3333333333333333,9.54622775991897,0,9.54622775991897,9.54622775991897,1.5177378438597355,0,100.0,0.46439780546626147,0,9.54622775991897,1,0,0,2.9977368222656224,0
timeframe-clock-21-pro-plan-and-under,trend_analysis,OK,3,3,0.0,-25.89015219039563,10.85742896137652,-40.783867123301334,-15.209320837218796,-4.282703199803097,2.3069228233331414,37.39130434782609,0.15,0,-15.209320837218796,115,-40.783867123301334,115,-21.677268610666754,115
timeframe-clock-21,trend_analysis,OK,3,3,0.3333333333333333,4.230648282676742,12.958637481252039,-5.470455143069295,22.546186898551156,0.5270711475508021,1.615461423746379,50.0,0.28781990808005037,0,-4.3837869074516345,2,22.546186898551156,2,-5.470455143069295,2
timeframe-clock,trend_analysis,OK,3,3,0.0,-20.14869529986873,15.348044265516444,-41.82161150085257,-8.284024345329803,-3.2594902161104593,3.0213986007507336,38.106204161841596,0.15,0,-8.284024345329803,56,-41.82161150085257,46,-10.340450053423817,59
tpo-single-prints-npoc,trend_analysis,OK,3,3,0.3333333333333333,-3.5006854800404787,5.6198506632241045,-7.516324516302281,4.446836434949073,-0.37815092050481364,0.7502327716624546,44.020562770562776,0.26666666666666666,0,-7.516324516302281,32,4.446836434949073,7,-7.432568358768228,33
trading-levels-poc-daily-hl-psychological-levels,trend_analysis,OK,3,3,0.0,-12.956509227779213,12.149449250521046,-29.9964165051117,-2.527407710761705,-1.7928651215159024,1.8146272249611342,33.35278720996038,0.15,0,-2.527407710761705,31,-29.9964165051117,32,-6.345703467464235,38
trend-break-structure-range-filter,trend_analysis,OK,3,3,0.6666666666666666,1.2677575492755468,1.9796581301130602,-0.39240675653913054,4.050135869893682,0.3650444708936436,0.5484374199152907,38.888888888888886,0.5025627661008883,0,0.14554353447208995,3,4.050135869893682,2,-0.39240675653913054,3
trend-filter-value-area-lines-maxmaserati-30,trend_analysis,OK,3,2,0.0,-5.701758567031458,2.9147724867914078,-8.616531053822866,-2.786986080240051,-1.0327860337743398,0.6363397562505393,25.0,0.09999999999999999,0,-2.786986080240051,2,24.109112626518517,0,-8.616531053822866,2
trend-forge,trend_analysis,OK,3,2,0.0,-5.8347110024681825,0.7206508367073621,-6.555361839175545,-5.1140601657608205,-2.2949574501074728,1.1660389206950046,0.0,0.09999999999999999,0,0,0,-6.555361839175545,1,-5.1140601657608205,3
trend-line-odnac,trend_analysis,OK,3,2,0.3333333333333333,8.383274702427967,8.852268230470363,-0.46899352804239614,17.23554293289833,0.7881830512940828,0.86113741948736,50.0,0.29329868530696646,0,17.23554293289833,2,12.327381267233868,0,-0.46899352804239614,1
trend-o-meter,trend_analysis,OK,3,2,0.0,-6.2218895096089915,4.57694355806207,-10.798833067671062,-1.644945951546921,-1.552665433589024,1.3120970685724638,25.0,0.09999999999999999,0,-1.644945951546921,2,29.21737182746769,0,-10.798833067671062,5
trend-pro-master-suite,trend_analysis,OK,3,2,0.3333333333333333,-2.0212750551035135,6.580041539615383,-8.601316594718897,4.55876648451187,-0.4741545192183343,2.596800251720415,50.0,0.21666666666666665,0,-8.601316594718897,1,4.55876648451187,1,1.815870924316405,0
trend-signals-scalper-pro-by-kd,trend_analysis,OK,3,3,0.0,-20.146179551245126,5.440540746909425,-25.382164369173744,-12.64581347079802,-3.5432200525505926,0.6547051724176488,34.8711605854463,0.15,0,-25.382164369173744,49,-12.64581347079802,45,-22.410560813763617,55
turtle-trading-strategy-indicator,trend_analysis,OK,3,2,0.0,-2.698385869421465,0.5431953466087798,-3.241581216030245,-2.1551905228126853,-0.46151706330375997,0.12252130334322223,0.0,0.09999999999999999,0,-2.1551905228126853,3,11.246138591427677,0,-3.241581216030245,3
turtle-trading,trend_analysis,OK,3,2,0.0,-5.4039209880765995,0.39293475454942417,-5.796855742626024,-5.010986233527175,-1.6932835853028556,0.4240262370766432,25.0,0.09999999999999999,0,-5.796855742626024,2,11.246138591427677,0,-5.010986233527175,2
ultra-single-session-alerts-1cg,trend_analysis,OK,3,3,0.0,-10.39568202079445,7.239925403532703,-18.105722893642653,-0.7061751393321174,-1.9318130896316614,1.5621657450594075,38.666666666666664,0.15,0,-0.7061751393321174,75,-18.105722893642653,75,-12.375148029408578,75
volume-profile-projection-box-confirmed,trend_analysis,OK,3,2,0.0,-7.9013941747222844,5.7381001737390465,-13.639494348461332,-2.163294000983238,-1.0951458517371173,0.7867656983337764,41.42857142857143,0.09999999999999999,0,-13.639494348461332,10,0,0,-2.163294000983238,7
volume-weighted-trend-quantalgo,trend_analysis,OK,3,2,0.0,-4.654748062245708,0.9246474820842703,-5.579395544329978,-3.7301005801614378,-1.108565045838469,0.1444210159999898,25.0,0.09999999999999999,0,-5.579395544329978,2,17.55353959200086,0,-3.7301005801614378,1
volume-weighted-trend,trend_analysis,OK,3,2,0.0,-4.654748062245708,0.9246474820842703,-5.579395544329978,-3.7301005801614378,-1.108565045838469,0.1444210159999898,25.0,0.09999999999999999,0,-5.579395544329978,2,17.55353959200086,0,-3.7301005801614378,1
yaduvansi-precision-entry-system,trend_analysis,OK,3,1,0.0,-6.859835425106386,0,-6.859835425106386,-6.859835425106386,-2.7710263683650616,0,0.0,0.049999999999999996,0,-6.859835425106386,1,0,0,0,0
yuki-20,trend_analysis,OK,3,2,0.3333333333333333,-5.664950244150481,6.153456971177911,-11.818407215328392,0.48850672702743025,-1.001422694308097,1.067188325241891,0.0,0.21666666666666665,0,0.48850672702743025,4,19.298990007335217,0,-11.818407215328392,3
yy-fx-pro,trend_analysis,OK,3,3,0.3333333333333333,-3.819638328934103,6.297480225965028,-9.474653060607132,4.966307765550344,-0.8446715148690235,1.2194188460845305,36.02693602693602,0.26666666666666666,0,-9.474653060607132,11,4.966307765550344,9,-6.95056969174552,11
zenalgo-abc,trend_analysis,OK,3,3,0.3333333333333333,-5.718415449236228,7.55193908274453,-11.604908187886627,4.942316151211125,-0.7269069338518442,1.0499197981489026,45.17569310122502,0.26666666666666666,0,-10.492654311033183,47,4.942316151211125,8,-11.604908187886627,55
zero-lag-kalman-structure-boswaves,trend_analysis,OK,3,3,0.3333333333333333,-4.922402069317216,5.175328487197854,-11.773482160642962,0.7331746604121873,-1.067149288084669,1.0644143434440319,0.0,0.26666666666666666,0,-11.773482160642962,2,0.7331746604121873,1,-3.726898707720873,1
zig-zag-liquidity-pools-sweeps-by-capitan-trading,trend_analysis,OK,3,2,0.3333333333333333,2.0243075435516,2.1276144577302545,-0.10330691417865456,4.1519220012818545,0.27216038986773705,0.2854053245338991,100.0,0.40543687325094985,0,-0.10330691417865456,2,0,0,4.1519220012818545,2
1-contract-worth,volatility,OK,3,3,0.0,-13.98164039849587,7.18890124209316,-24.120632794041477,-8.263240120635631,-3.1115531957922666,2.7568171568553304,36.87676553672316,0.15,0,-8.263240120635631,59,-24.120632794041477,64,-9.561048280810502,65
270m-session-cycles-zeussy-inspired,volatility,OK,3,3,0.0,-15.995680319516849,6.087814503740932,-23.716670922934107,-8.836403996825698,-3.0227809926206315,1.9044386470189734,36.86274509803922,0.15,0,-8.836403996825698,85,-23.716670922934107,85,-15.433966038790736,85
2b2t-123-on-closing-basis,volatility,OK,3,2,0.3333333333333333,-0.4003834565830765,1.4091838507306091,-1.8095673073136858,1.0088003941475328,-0.06567831809256833,0.18300889692832434,36.666666666666664,0.21666666666666665,0,1.0088003941475328,5,4.061262931216436,0,-1.8095673073136858,9
active-move-counter-pointsticks-avg-candle-ticks,volatility,OK,3,3,0.0,-14.296582533669934,12.025328532749487,-31.27826408262258,-5.012231640600701,-3.0025045004855357,3.256103215908324,35.09386286546094,0.15,0,-5.012231640600701,29,-31.27826408262258,27,-6.599251877786519,31
adaptive-trend-sentinel-quantum-algo,volatility,OK,3,3,0.3333333333333333,-3.1806031431225894,4.0850283226096735,-7.599753700469809,2.251473626382038,-0.5076120725504422,0.6469082329012137,31.666666666666668,0.26666666666666666,0,-4.193529355279999,8,-7.599753700469809,5,2.251473626382038,8
ag-pro-pivot-points-reaction-map-agpro-series,volatility,OK,3,2,0.3333333333333333,-6.583571289129468,6.728683131410289,-13.312254420539757,0.14511184228082127,-0.8801893746740956,0.8982650701184776,5.555555555555555,0.21666666666666665,0,-13.312254420539757,7,23.585684436795145,0,0.14511184228082127,9
anchored-vwap-by-time-matteoarroz,volatility,OK,3,3,0.6666666666666666,-12.03784332028039,20.753102782981763,-41.2765124000034,4.786504942065702,-2.8572245156998073,4.443704396046867,29.166666666666668,0.3833333333333333,0,0.37647749709652273,4,-41.2765124000034,1,4.786504942065702,8
ancientneros-gap-suite-mitigated,volatility,OK,3,2,0.0,-13.38749232750047,3.8882740719250872,-17.275766399425557,-9.499218255575382,-2.1498205370115757,0.47224440150699487,10.0,0.09999999999999999,0,-17.275766399425557,5,32.188544320052834,0,-9.499218255575382,5
atr-value-box,volatility,OK,3,2,0.0,-12.646212674777953,3.9364595078413407,-16.582672182619294,-8.709753166936613,-2.26987312940386,0.9233631587933441,36.05042016806723,0.09999999999999999,0,-4.675197056987323,0,-16.582672182619294,84,-8.709753166936613,85
average-volatility-zones,volatility,OK,3,3,0.6666666666666666,0.5930851534937392,4.683316148007139,-5.346096344885969,6.101330577950546,0.3712307992552459,1.2221532613068926,58.333333333333336,0.386298759100802,0,1.0240212274166407,6,6.101330577950546,1,-5.346096344885969,4
bigbull-x-2-strategy,volatility,OK,3,3,0.3333333333333333,-2.1766806883207175,6.77976971523318,-9.894350305397777,6.609232143612987,-0.13487920748691465,1.4680282312993445,33.96825396825397,0.26666666666666666,0,-3.244923903177362,7,6.609232143612987,3,-9.894350305397777,10
breakout-acceptance-score-bas,volatility,OK,3,3,0.3333333333333333,-6.30731461410711,14.11956631181799,-23.925532768805585,10.640714602967549,-1.8334281714636724,2.8390459821285456,48.888888888888886,0.26666666666666666,0,10.640714602967549,5,-23.925532768805585,7,-5.637125676483294,6
capital-leadership-review-weekly,volatility,OK,3,3,0.0,-4.217139661035453,2.488305801001246,-7.697915966352826,-2.0288163867346594,-0.6661768688807386,0.3917566825992945,40.333333333333336,0.15,0,-2.9246866300188703,50,-2.0288163867346594,4,-7.697915966352826,58
confirmed-compression-blocks-breakout-targets-codapro,volatility,OK,3,3,0.6666666666666666,0.9373198902306026,9.968961159407108,-11.509490338912089,12.89465613766646,-0.6234293277105447,2.0027344227326873,77.77777777777777,0.3880199327844863,0,12.89465613766646,1,-11.509490338912089,3,1.4267938719374362,3
cpt-pullback-edge-tool-callput-past-present-11,volatility,OK,3,3,0.0,-8.446322481073231,1.5707574448221713,-10.368563779012636,-6.521013199071284,-1.8965081278526472,0.37427657203447245,34.79114971050455,0.15,0,-8.449390465135775,31,-10.368563779012636,32,-6.521013199071284,26
cusum-structural-break-detector,volatility,OK,3,3,0.3333333333333333,1.1960223877795204,17.554511051145806,-14.201209844589698,25.75984579750393,-0.3500336664800517,2.140137078596913,37.54208754208754,0.27264677860556424,0,-7.970568789575672,9,25.75984579750393,4,-14.201209844589698,11
d1-range-in-pips,volatility,OK,3,3,0.6666666666666666,2.121345217779473,2.288692125626881,-0.9756183201395761,4.484553997743103,0.48116994694650367,0.5567738279615412,54.159035409035404,0.5047466024318453,0,-0.9756183201395761,26,4.484553997743103,16,2.855099975734891,21
daily-atr-info-box-with-buffers,volatility,OK,3,2,0.6666666666666666,4.029262422292195,1.602407322316074,2.426855099976121,5.631669744608269,0.606045332182013,0.24109883197367094,43.75,0.5432049374513765,0,0,0,5.631669744608269,8,2.426855099976121,10
daily-candle-right-side,volatility,OK,3,3,0.0,-20.0827833987797,15.81423511800548,-42.44734603975737,-8.831205904686678,-3.315242387205391,3.179611168163633,39.7528854260546,0.15,0,-8.831205904686678,55,-42.44734603975737,53,-8.96979825189506,59
daily-pips-movement-forex,volatility,OK,3,3,0.3333333333333333,-13.693981113604579,20.9886906788776,-43.256172686687904,3.3991109245875997,-2.28710027435674,3.4194449701450025,37.03703703703704,0.26666666666666666,0,3.3991109245875997,18,-43.256172686687904,4,-1.224881578713437,18
dca-onetwo,volatility,OK,3,3,0.3333333333333333,-2.224125585646916,12.84018022661599,-12.732458619212746,15.855271729048459,-0.9625225960403059,1.5259411130617575,45.3551912568306,0.26666666666666666,0,-12.732458619212746,61,15.855271729048459,61,-9.795189866776461,61
donchian-ribbon-ualgo,volatility,OK,3,3,0.6666666666666666,6.026121429556618,7.302371897671107,-0.4686036590456497,16.226962421041957,1.0032952407504665,1.2824437971410736,50.0,0.41346394048111634,0,2.3200055266735435,6,16.226962421041957,1,-0.4686036590456497,3
dvol-based-bitcoin-volatility,volatility,OK,3,3,0.3333333333333333,-1.5876583993196738,5.903181904416782,-6.355000721066419,6.731134519817163,-0.21821621189491391,1.3322663976080866,48.8095238095238,0.26666666666666666,0,-5.139108996709766,7,6.731134519817163,8,-6.355000721066419,7
fair-value-gap-signals-ualgo,volatility,OK,3,2,0.6666666666666666,5.794746671891611,0.6302350475688723,5.1645116243227385,6.424981719460483,2.0062767215056194,0.09914085484377533,100.0,0.5875218529818476,0,6.424981719460483,1,5.1645116243227385,1,0,0
fair-value-range-breakout-by-oberlunar,volatility,OK,3,3,0.6666666666666666,-2.837932839871355,5.880269006887397,-11.121096638826334,1.9425884149459307,-0.5922591956418063,1.056333700103518,38.888888888888886,0.3833333333333333,0,0.6647097042663372,2,-11.121096638826334,2,1.9425884149459307,3
fixed-range-line-range-shift-signals-with-t1,volatility,OK,3,3,0.6666666666666666,3.447120192486569,8.68711284624281,-7.442056833672265,13.817991500408999,0.012428840255350146,0.9448080825876298,46.11111111111111,0.4143669136488587,0,3.9654259107229737,8,13.817991500408999,3,-7.442056833672265,10
flux-origin-flow,volatility,OK,3,2,0.3333333333333333,-2.0997599833874556,6.398592513621697,-8.498352497009153,4.298832530234241,0.7701908464408904,2.578154666254723,50.0,0.21666666666666665,0,-8.498352497009153,1,4.298832530234241,1,-3.1387267750007886,0
flux-pulse-orb,volatility,OK,3,3,0.0,-11.63587902498294,6.841415528687645,-16.801453885306415,-1.9682431895235786,-2.196937193214018,1.3687149370872933,42.37871872887086,0.15,0,-16.13794000011882,32,-1.9682431895235786,29,-16.801453885306415,34
fvg-candle-painter-algorich,volatility,OK,3,3,1.0,4.721803370255851,5.3471845783965755,0.02683082452000235,12.20314774101207,0.606333620224527,0.6982295352258383,50.0,0.5990516330448197,0,0.02683082452000235,9,12.20314774101207,3,1.9354315452354787,6
fvg-touch-extension-tag,volatility,OK,3,3,0.0,-19.863197613369568,17.402498033663743,-44.23314472645125,-4.703385406295376,-3.230124944736426,3.1429793037849305,51.240390131956396,0.15,0,-4.703385406295376,50,-44.23314472645125,7,-10.653062707362086,83
fx-setup-scanner-currency-strength-and-divergence,volatility,OK,3,3,0.3333333333333333,-2.8050747836396663,10.644816371299704,-14.379503325703174,11.318363231482364,-0.9104394120806981,2.445494103427237,22.777777777777775,0.26666666666666666,0,-5.354084256698188,9,11.318363231482364,4,-14.379503325703174,10
gap-analyzer-thetaloop,volatility,OK,3,1,0.3333333333333333,4.808419682936612,0,4.808419682936612,4.808419682936612,0.6685330917537532,0,54.285714285714285,0.4407087650813497,0,4.808419682936612,35,0,0,0,0
gioc3p-sessions,volatility,OK,3,3,0.3333333333333333,-4.0566568323411,3.763017405463267,-8.983263382236691,0.14930559391071438,-1.2433161972632283,1.4710856959680618,34.25925925925926,0.26666666666666666,0,0.14930559391071438,8,-8.983263382236691,3,-3.3360127086973224,9
guacs-daily-atr-box-remaining-locked-w-extensions,volatility,OK,3,3,0.3333333333333333,0.2638148547057743,5.154765871775176,-5.88495796416892,6.729640693887952,-0.389958588336961,1.0453871892043007,51.76767676767677,0.2679857409401955,0,6.729640693887952,22,-5.88495796416892,12,-0.05323816560170963,12
hawkes-vol-expansion-detector-ufvg,volatility,OK,3,2,0.0,-3.9792983932214123,2.9996969138068965,-6.978995307028309,-0.9796014794145158,-2.2954713821628943,2.1688343071613847,37.55482456140351,0.09999999999999999,0,-0.9796014794145158,57,-6.978995307028309,16,0,0
hiddenridder-reversal-vix,volatility,OK,3,3,0.3333333333333333,-1.946812899603062,2.0549990785732213,-4.69810492132476,0.23958953449048567,-1.0972608758554498,1.4102803600246645,6.666666666666667,0.26666666666666666,0,0.23958953449048567,5,-4.69810492132476,3,-1.3819233119749115,3
honeymoonist-panic-buy-sell,volatility,OK,3,3,0.6666666666666666,5.899563954548818,8.060992410714494,-3.466354312899057,16.210940203591207,0.6929356970741466,0.9328932361998182,52.31481481481482,0.42960784405612285,0,-3.466354312899057,9,16.210940203591207,4,4.954105972954305,8
hourly-volatility-profile-pro-mataf-style,volatility,OK,3,3,0.0,-11.683333366135612,3.857610054042145,-16.432392312961007,-6.983602324416671,-1.9886779754670005,0.8889248698401722,45.69892473118279,0.15,0,-11.634005461029155,62,-6.983602324416671,62,-16.432392312961007,62
ic-locate,volatility,OK,3,3,0.6666666666666666,2.794828889619957,8.209867983462987,-8.562035972817684,10.563503850088164,-0.19147478883381971,1.7085750200201058,50.47619047619048,0.39730747778143305,0,10.563503850088164,7,-8.562035972817684,5,6.383018791589391,5
ict-rth-open-gaps,volatility,OK,3,3,0.0,-16.58297118414303,9.530277901124947,-30.058650828565952,-9.63575395228545,-2.2216616395220847,1.4433175261621585,40.2534522753102,0.15,0,-10.05450877157769,54,-30.058650828565952,52,-9.63575395228545,61
inside-bar-strategy-with-sltp,volatility,OK,3,3,0.0,-4.90702345449574,2.8578096118916667,-8.537634871295552,-1.5539891543467093,-1.346929298106927,0.6174316933256749,22.84313725490196,0.15,0,-1.5539891543467093,17,-8.537634871295552,15,-4.629446337844959,12
institutional-edge-toolkit-clever,volatility,OK,3,2,0.0,-5.965369816976621,2.238471109255749,-8.20384092623237,-3.726898707720873,-1.4386560471690237,0.14574287451468515,0.0,0.09999999999999999,0,-8.20384092623237,2,3.5312076538485706,0,-3.726898707720873,1
kurtosis-model,volatility,OK,3,1,0.3333333333333333,1.3860331884641202,0,1.3860331884641202,1.3860331884641202,0.16983794240722141,0,44.44444444444444,0.42359683260898723,0,1.3860331884641202,27,0,0,0,0
linda-bradford-raschke-v-spike-reversal-location-filtered,volatility,OK,3,1,0.3333333333333333,0.9287171531700006,0,0.9287171531700006,0.9287171531700006,0.32104083896673247,0,100.0,0.42131025243251663,0,0,0,0.9287171531700006,1,-6.450150707428183,0
liquidation-cascade-detector-basic-20,volatility,OK,3,3,0.0,-12.122238758237936,7.146136944106592,-22.10327507744648,-5.758732859479511,-2.198501888502071,1.82047818291737,37.142857142857146,0.15,0,-5.758732859479511,7,-22.10327507744648,2,-8.504708337787816,5
liquidation-cascade-detector-basic,volatility,OK,3,1,0.0,-5.192750642916624,0,-5.192750642916624,-5.192750642916624,-1.3909469617564048,0,0.0,0.049999999999999996,0,-9.793424484645993,0,16.77167158944212,0,-5.192750642916624,1
liquidity-zones,volatility,OK,3,3,0.6666666666666666,1.7921181047215067,1.9132565970434963,-0.44971298543585,4.225082136556142,0.32316314491870285,0.26332431175273374,50.0,0.5764628459187574,0,-0.44971298543585,30,1.600985163044228,7,4.225082136556142,14
manual-x-sigma-volatility-trailing-stop,volatility,OK,3,3,0.3333333333333333,-0.8032510158977187,17.643951266008884,-14.348652236593479,24.117592853299676,-0.47667986396553624,2.569096331507274,58.7962962962963,0.26666666666666666,0,-12.178693664399354,32,24.117592853299676,4,-14.348652236593479,36
modern-real-time-adr-session-hub-v2,volatility,OK,3,3,0.0,-7.974920556872472,5.408124852311235,-15.59955217344919,-3.6425411362215088,-1.9306717637076696,1.433695500210509,39.76367718303202,0.15,0,-4.682668360946715,35,-3.6425411362215088,26,-15.59955217344919,31
mtf-volatility-treshold,volatility,OK,3,3,0.6666666666666666,-0.049242625242846096,4.600731612068594,-6.04077942476602,5.143389933815037,-0.24902954653931508,0.9511172252349953,56.85185185185185,0.3833333333333333,0,0.7496616152224451,18,-6.04077942476602,5,5.143389933815037,4
neighboring-trailing-stop-luxalgo,volatility,OK,3,2,0.0,-3.654595691213872,1.3104163992461326,-4.965012090460005,-2.3441792919677393,-0.5824727047413307,0.014662422059858904,46.666666666666664,0.09999999999999999,0,-4.965012090460005,9,29.21737182746769,0,-2.3441792919677393,5
pnl-ruler-nlr,volatility,OK,3,2,0.3333333333333333,-0.6973705310355365,4.417871250024291,-5.115241781059828,3.7205007189887547,-0.6690669295291437,1.627775356633098,0.0,0.21666666666666665,0,3.7205007189887547,1,6.172483217190224,0,-5.115241781059828,1
prev-day-high-low-trade-success-academy,volatility,OK,3,3,0.0,-16.129694821812624,8.382091451296487,-27.81713034456974,-8.570729608055029,-3.2681578654547856,2.744901390229843,40.544973544973544,0.15,0,-12.001224512813105,75,-27.81713034456974,63,-8.570729608055029,84
prev-day-high-low,volatility,OK,3,3,0.3333333333333333,-8.686683055593583,13.078270315174008,-26.96620342948855,2.893585855044832,-1.2732195000390238,1.8896975696268086,43.59047951815248,0.26666666666666666,0,-1.9874315923370305,53,-26.96620342948855,54,2.893585855044832,56
pro-minimalist-atr-stats-box,volatility,OK,3,2,0.6666666666666666,2.792247195534328,1.1561055408764587,1.6361416546578693,3.9483527364107864,0.44762352429660696,0.0797655639031069,31.25,0.5773531783352281,0,1.6361416546578693,1,0,0,3.9483527364107864,8
pseudo-footprint-price-levels,volatility,OK,3,3,0.3333333333333333,-4.031130650352361,5.942133685903827,-9.52191083822542,4.223517906215508,-0.7961934925148263,0.9791039482529328,43.47826086956522,0.26666666666666666,0,-6.7949990190471725,24,4.223517906215508,24,-9.52191083822542,23
quantum-trendmatrix-by-pdoge,volatility,OK,3,2,0.3333333333333333,1.6636459006301154,4.798917315943065,-3.1352714153129493,6.46256321657318,0.16303244236631398,0.7356130884694749,0.0,0.2910816240524485,0,6.46256321657318,1,3.5312076538485706,0,-3.1352714153129493,1
radiant-mean-reversion-channels-pineify,volatility,OK,3,2,0.6666666666666666,10.172160704324707,3.5964128172817,6.575747887043006,13.768573521606406,1.073382362644819,0.2560481071764524,100.0,0.5701821100608437,0,13.768573521606406,3,15.653928631375516,0,6.575747887043006,1
ragis-atr-value-box,volatility,OK,3,1,0.3333333333333333,7.144954641140969,0,7.144954641140969,7.144954641140969,2.526395444644035,0,100.0,0.45239143987237146,0,0,0,7.144954641140969,1,0,0
return-distribution-thetaloop,volatility,OK,3,2,0.0,-4.218036098833938,2.698036844473754,-6.916072943307692,-1.5199992543601837,-1.4108298007875888,1.155372043380066,0.0,0.09999999999999999,0,-6.916072943307692,2,5.741224265439727,0,-1.5199992543601837,3
rsi-divergence-v6,volatility,OK,3,1,0.0,-4.358886678399693,0,-4.358886678399693,-4.358886678399693,-0.5139762355359152,0,0.0,0.049999999999999996,0,-4.841665443803169,0,32.188544320052834,0,-4.358886678399693,1
rsi-superstack,volatility,OK,3,3,0.3333333333333333,-15.146629362941637,13.478597942158313,-31.089880602847085,1.8731153242797882,-3.1464826183554724,3.9602945911046192,56.760671906302974,0.26666666666666666,0,-16.22312281025761,103,-31.089880602847085,105,1.8731153242797882,2
s50-atr-sniper-pro-v2,volatility,OK,3,1,0.0,-0.43889634024920815,0,-0.43889634024920815,-0.43889634024920815,-1.9809105387610673,0,0.0,0.049999999999999996,0,-0.43889634024920815,1,0.3167007778952975,0,-0.21254292419433476,0
sample-entropy-sampen-regime-detector,volatility,OK,3,1,0.0,-3.055420632588648,0,-3.055420632588648,-3.055420632588648,-1.3846777229362515,0,33.33333333333333,0.049999999999999996,0,0,0,0,0,-3.055420632588648,3
sara-strat-snipers-50-percent-status,volatility,OK,3,3,0.3333333333333333,-3.7512879279698055,7.907807339472553,-11.55714143474649,7.087171512269677,-0.4630436556271778,2.304522036950641,55.55555555555554,0.26666666666666666,0,-11.55714143474649,3,7.087171512269677,2,-6.783893861432603,3
session-sniper-map-forexobroker,volatility,OK,3,3,0.3333333333333333,-12.095976137121008,17.616468497339852,-37.00443673901551,0.7899789714910002,-2.4116456923125544,3.4561465475428452,22.222222222222218,0.26666666666666666,0,0.7899789714910002,3,-37.00443673901551,2,-0.0734706438385183,12
shalli-rsi-shalli,volatility,OK,3,2,0.0,-10.857756312864694,1.65456403821626,-12.512320351080955,-9.203192274648435,-3.0423428110531305,0.7923005982628788,20.0,0.09999999999999999,0,-9.203192274648435,5,0,0,-12.512320351080955,7
simulation-structural-synthesis-dafe,volatility,OK,3,1,0.3333333333333333,3.7272172667563863,0,3.7272172667563863,3.7272172667563863,0.7274513193363388,0,100.0,0.4353027530004486,0,3.7272172667563863,1,0,0,0,0
smart-liquidity-framework-clever,volatility,OK,3,3,0.6666666666666666,1.3858366001485554,2.137378286418381,-1.3620884596109537,3.8503310224268934,0.19629145087721242,0.28581789300877153,59.46236559139785,0.5688080430818832,0,3.8503310224268934,44,1.669267237629727,5,-1.3620884596109537,31
stable-stocks-ema-extension-smh,volatility,OK,3,3,0.3333333333333333,-2.33130960232799,6.678688441978693,-7.78573610557204,7.073795726743424,-0.5213353379125133,1.3560503295479505,52.58659469185784,0.26666666666666666,0,-7.78573610557204,19,7.073795726743424,33,-6.281988428155354,13
standard-deviation-ob-pressure,volatility,OK,3,2,0.6666666666666666,4.399483470127365,3.165105101957291,1.2343783681700735,7.564588572084656,0.554153662360065,0.41312422186516007,37.07317073170732,0.5020496952176802,0,1.2343783681700735,41,0,0,7.564588572084656,15
stop-loss-cascades-breakouts-kioseff-trading,volatility,OK,3,2,0.0,-6.839275566912918,0.9695813264771491,-7.808856893390067,-5.869694240435769,-0.997787585846835,0.26758767060518523,47.90558510638298,0.09999999999999999,0,-5.869694240435769,32,13.842843098949292,0,-7.808856893390067,47
stress-regime-monitor-thetaloop,volatility,OK,3,2,0.3333333333333333,1.6920819816691657,2.115707939842687,-0.4236259581735212,3.8077899215118527,0.19844616443586555,0.2725984215378951,25.0,0.4069774711905387,0,-0.4236259581735212,1,0,0,3.8077899215118527,8
supply-demand-cumulative-volume-delta-flow-chartprime,volatility,OK,3,3,0.3333333333333333,-0.4178583570369813,3.4082512418087494,-2.9776312291297655,4.398966998952717,-0.40733094889181576,0.7891533448886913,58.333333333333336,0.26666666666666666,0,4.398966998952717,1,-2.9776312291297655,4,-2.674910840933895,1
tl5-alerts-day-high-low-tracker,volatility,OK,3,2,0.0,-8.657540934595962,5.230476342781927,-13.88801727737789,-3.4270645918140366,-1.4800380374003521,1.0746039727327181,0.0,0.09999999999999999,0,-3.4270645918140366,1,24.109112626518517,0,-13.88801727737789,3
top-down-htf-candles-confirmed,volatility,OK,3,3,0.3333333333333333,-4.7502578466198715,5.646422582186728,-11.617112540493924,2.2127391518267108,-1.673119967663461,1.8913197204430978,30.0,0.26666666666666666,0,2.2127391518267108,15,-4.8464001511924,18,-11.617112540493924,18
trailing-stop-loss-alert,volatility,OK,3,3,0.3333333333333333,-0.44168182282347157,8.882197649700203,-7.130386689409031,12.110605940297363,-0.1480688560608161,0.8967426265548054,11.111111111111109,0.26666666666666666,0,-6.305264719358747,3,12.110605940297363,3,-7.130386689409031,3
velocity-acceleration-momentum-vam,volatility,OK,3,3,0.3333333333333333,-1.9300642033200812,8.897169876492447,-10.521215193218712,10.326889389566785,-0.6211990118229568,2.0482832516384537,19.444444444444443,0.26666666666666666,0,-5.595866806308317,4,10.326889389566785,3,-10.521215193218712,7
vix-highlow-zones-pro,volatility,OK,3,2,0.0,-3.516953581592454,1.6117222985381308,-5.128675880130585,-1.9052312830543232,-0.6936641576516198,0.3484514585670871,50.0,0.09999999999999999,0,-1.9052312830543232,1,0,0,-5.128675880130585,1
vix-range-levels-rule-of-16,volatility,OK,3,3,0.3333333333333333,5.374512338909494,18.968497678879093,-10.444913903230452,32.04629281188882,-0.08730830479933922,1.3578242619541978,58.730158730158735,0.29353922836121416,0,-10.444913903230452,7,32.04629281188882,6,-5.477841891929885,2
vixvolatility-clear-and-aesthetic,volatility,OK,3,2,0.3333333333333333,0.6526945655678503,2.450276660091877,-1.7975820945240264,3.102971225659727,-0.07546361597866674,0.895293590081427,62.5,0.2199301394945059,0,0,0,-1.7975820945240264,4,3.102971225659727,1
volatility-ranges-lab-open,volatility,OK,3,1,0.0,-2.7907593258649577,0,-2.7907593258649577,-2.7907593258649577,-0.3459407048361404,0,100.0,0.049999999999999996,0,-2.7907593258649577,1,23.585684436795145,0,-4.869244737520669,0
voledge-regime-clock,volatility,OK,3,2,0.6666666666666666,4.018528514568039,3.381897769018309,0.63663074554973,7.400426283586348,0.43044833063301585,0.33191680141507446,41.666666666666664,0.5204467755524049,0,7.400426283586348,4,23.129233094797645,0,0.63663074554973,3
volprofex-volatility-time-window-analyzer,volatility,OK,3,1,0.3333333333333333,23.41434686228208,0,23.41434686228208,23.41434686228208,3.253176424865503,0,100.0,0.5337384009780771,0,-3.9617375914987205,0,23.41434686228208,1,3.5622511060180697,0
wave-velocity-directional-pro,volatility,OK,3,3,0.0,-15.668360584024347,6.671339843819405,-24.93238690971199,-9.489245244424515,-3.5519968372039536,2.8715116909887195,40.23076923076923,0.15,0,-12.58344959793653,60,-24.93238690971199,52,-9.489245244424515,50
weight-of-the-wicks,volatility,OK,3,3,0.3333333333333333,-2.662110187294112,4.25653309114268,-7.254444932999133,3.00451073390049,-0.7039785971135996,1.7216271660519122,43.17460317460317,0.26666666666666666,0,-7.254444932999133,5,3.00451073390049,9,-3.736396362783693,7
z-score-normal-distribution-with-alerts,volatility,OK,3,2,0.0,-10.204392801094372,0.6327210489368076,-10.837113850031178,-9.571671752157563,-1.9059031191081421,0.047969213135840016,8.333333333333332,0.09999999999999999,0,-9.571671752157563,2,0,0,-10.837113850031178,6
z-score-volume-range-anomaly-detector,volatility,OK,3,1,0.0,-0.17779914940855815,0,-0.17779914940855815,-0.17779914940855815,-0.03567711603766168,0,52.94117647058824,0.049999999999999996,0,-0.17779914940855815,17,0,0,0,0
aivance-opening-range-vol-factor,volume,OK,3,3,0.0,-15.131987477291633,10.891692312761005,-30.49024793514579,-6.434859735931007,-2.350983948486745,1.5221219919704732,25.726802070888095,0.15,0,-6.434859735931007,31,-30.49024793514579,36,-8.470854760798103,27
alizet-60-volume,volume,OK,3,3,0.3333333333333333,0.4927197784171682,1.2138937176322349,-0.5971843204969481,2.186318304357817,-0.20661386742816965,0.5147854603961354,59.535016402795605,0.2691302655587525,0,2.186318304357817,41,-0.5971843204969481,3,-0.11097464860936451,19
auto-cmecomex-volume-fixed,volume,OK,3,3,0.6666666666666666,-0.04531267714234103,8.86051371791332,-12.333531903267401,8.22313358673922,-0.5369699487339944,1.7038270617757962,38.80952380952381,0.3833333333333333,0,8.22313358673922,21,-12.333531903267401,12,3.9744602851011583,15
btc-bar-volume-color,volume,OK,3,3,0.6666666666666666,0.23699127241531093,0.9574139731401478,-0.907820145572201,1.4355099000428162,-0.06701939430544955,0.38648576560158554,52.22222222222222,0.38451828969540985,0,0.18328406277531756,5,-0.907820145572201,4,1.4355099000428162,3
bullbear-volume-diagram,volume,OK,3,3,0.3333333333333333,-3.996568884341604,8.703688564710356,-15.959326332270384,4.494912950796323,-0.32204994075442844,0.9397343825791922,16.666666666666668,0.26666666666666666,0,4.494912950796323,2,-15.959326332270384,2,-0.5252932715507486,2
dollar-normalized-volume-imoex,volume,OK,3,3,0.3333333333333333,-5.692212532909523,7.117998477130502,-14.899845485640048,2.4348801228790107,-1.2868839265348713,1.695920739241022,36.01190476190476,0.26666666666666666,0,-4.611672235967533,16,-14.899845485640048,21,2.4348801228790107,16
dollar-normalized-volume-v2,volume,OK,3,3,0.0,-20.559204171721735,15.67143474164032,-42.628462400850985,-7.763416005780717,-3.4698224168423937,3.2642622138922337,35.25327456145066,0.15,0,-11.285734108533505,54,-42.628462400850985,53,-7.763416005780717,52
firmapp-daily-basis-v12,volume,OK,3,3,0.0,-10.473115219937904,10.91839500135442,-25.858660794686816,-1.6486337094836343,-1.3183521347586813,1.4389900756345042,35.72390572390572,0.15,0,-3.9120511556432613,27,-25.858660794686816,22,-1.6486337094836343,25
mapa-de-calor-de-volume-customizacao-de-opacidade,volume,OK,3,3,0.0,-12.54065020236957,9.934247042895695,-26.43569416373622,-3.7959884253184284,-2.7108253456798406,2.8982707932010934,40.33179309459633,0.15,0,-7.390268018054062,49,-26.43569416373622,44,-3.7959884253184284,53
periodic-anchored-vwap,volume,OK,3,3,0.6666666666666666,-13.154750588847977,18.866583625377643,-39.83612719754145,0.1944956854783086,-2.773495511942467,3.949136367897185,26.666666666666668,0.3833333333333333,0,0.1944956854783086,5,-39.83612719754145,1,0.1773797455192107,10
relative-volume-multi-timeframe-d-w-m,volume,OK,3,2,0.3333333333333333,-2.4047816310055348,2.9581571492916847,-5.3629387802972195,0.5533755182861496,-0.5608105784329026,1.0249308916818425,45.0,0.21666666666666665,0,-5.3629387802972195,5,0,0,0.5533755182861496,2
replay-footprint,volume,OK,3,1,0.3333333333333333,1.0055780799156637,0,1.0055780799156637,1.0055780799156637,0.24990014522213289,0,100.0,0.4216945570662449,0,0,0,0,0,1.0055780799156637,1
session-volume-averages,volume,OK,3,2,0.6666666666666666,8.723491468672385,2.709324388872141,6.014167079800245,11.432815857544528,0.9863526583536999,0.21448617324757807,66.66666666666667,0.5733292473648007,0,11.432815857544528,6,0,0,6.014167079800245,6
time-segmented-rvol,volume,OK,3,3,0.0,-17.08020729762259,16.346198598146653,-40.14881667675735,-4.251005353540706,-2.8179671427799096,2.982815610831653,36.68935534055462,0.15,0,-4.251005353540706,59,-40.14881667675735,69,-6.840799862569708,62
trading-bite-supply-demand-marker-v21,volume,OK,3,3,0.3333333333333333,0.8951786582416981,11.588075115070023,-7.405897916135523,17.282723241436777,-0.08752431082421157,1.7046288534908698,40.0,0.2711425599578752,0,-7.405897916135523,10,17.282723241436777,10,-7.19128935057616,10
trading-value-auto-unit-kmb-with-price-labels,volume,OK,3,3,0.3333333333333333,-5.692212532909523,7.117998477130502,-14.899845485640048,2.4348801228790107,-1.2868839265348713,1.695920739241022,36.01190476190476,0.26666666666666666,0,-4.611672235967533,16,-14.899845485640048,21,2.4348801228790107,16
volume-bubble-big-trades,volume,OK,3,3,0.6666666666666666,-1.7666244334408454,4.98630493763073,-8.7374296064581,2.641145664658368,-1.281439397439813,2.1306379779740356,37.489177489177486,0.3833333333333333,0,0.7964106414771959,30,-8.7374296064581,11,2.641145664658368,42
volume-bubbles-quantalgo,volume,OK,3,3,0.0,-2.5829902044313493,1.3885667687544634,-4.375299384594429,-0.9919274485025671,-1.109198707955274,1.088490172530009,45.833333333333336,0.15,0,-0.9919274485025671,8,-4.375299384594429,8,-2.381743780197052,10
volume-conviction-index-v10,volume,OK,3,3,0.6666666666666666,-1.666569678405567,8.482156557261044,-13.395755349074957,6.3752053771515635,-1.0911873151189186,2.2959335193464114,39.52465834818776,0.3833333333333333,0,6.3752053771515635,17,-13.395755349074957,22,2.0208409367066924,15
volume-defense-zones-markittick,volume,OK,3,3,0.3333333333333333,-8.386560269674137,11.035212432983533,-23.656619911242828,2.038241776366733,-1.9438649332404283,2.6969192437249867,50.47619047619048,0.26666666666666666,0,-3.5413026741463107,14,-23.656619911242828,14,2.038241776366733,5
volume-detection-nzs-alert,volume,OK,3,2,0.3333333333333333,-0.5319377526971367,4.555906879423623,-5.08784463212076,4.023969126726486,0.408386031207457,1.945657146799286,37.5,0.21666666666666665,0,-5.08784463212076,4,0,0,4.023969126726486,2
volume-profile-visible-range-vpvr-with-poc-price,volume,OK,3,2,0.6666666666666666,8.723491468672385,2.709324388872141,6.014167079800245,11.432815857544528,0.9863526583536999,0.21448617324757807,66.66666666666667,0.5733292473648007,0,11.432815857544528,6,0,0,6.014167079800245,6
volume-ratio,volume,OK,3,3,0.6666666666666666,2.833775381071328,4.971754051460906,-3.059234891246204,9.101700389829304,0.44673305771964006,0.7815524424000236,54.32777099443766,0.452114099638684,0,-3.059234891246204,27,9.101700389829304,26,2.458860644630884,21
vwap-trader-nxi,volume,OK,3,3,0.0,-11.419983616095337,2.0531852431309017,-13.570506382165535,-8.655108863565285,-2.297056428977768,0.44740310674047334,45.10510510510511,0.15,0,-8.655108863565285,37,-13.570506382165535,45,-12.03433560255519,36
