script,category,status,num_windows,active_windows,profitable_ratio,avg_roi,roi_std,min_roi,max_roi,avg_sharpe,sharpe_std,avg_win_rate,consistency_score,orig_composite,w0_roi,w0_trades,w1_roi,w1_trades,w2_roi,w2_trades
arbitrage-detector-luxalgo,editors_picks,OK,3,3,0.0,-20.037244425442342,8.431110206056873,-31.811217796782948,-12.520658939994536,-4.867365561562255,3.0954042865564584,34.60904755022403,0.15,0,-12.520658939994536,74,-31.811217796782948,55,-15.779856539549538,85
arbitrage-matrix-luxalgo,editors_picks,OK,3,2,0.0,-2.6389080988960854,2.1346010729438496,-4.773509171839935,-0.5043070259522356,-0.735744897076849,0.584672876121642,33.33333333333333,0.09999999999999999,0,-4.773509171839935,2,0,0,-0.5043070259522356,3
htf-floating-candles-w-volume-footprint-theultimator5,editors_picks,OK,3,3,0.0,-19.834715170782687,13.225498594752015,-38.53491899523556,-10.17235965550263,-3.490557878801003,2.4308387823696833,39.299552906110286,0.15,0,-10.17235965550263,56,-38.53491899523556,55,-10.796866861609873,61
hyperfork-matrix,editors_picks,OK,3,3,0.0,-17.119431808218383,10.09088092364213,-31.35723685165678,-9.16237811787438,-3.9176533644599956,3.184763985334732,39.68926553672316,0.15,0,-9.16237811787438,54,-31.35723685165678,48,-10.838680455123992,59
mad-gann-o-maticus,editors_picks,OK,3,2,0.0,-2.6389080988960854,2.1346010729438496,-4.773509171839935,-0.5043070259522356,-0.735744897076849,0.584672876121642,33.33333333333333,0.09999999999999999,0,-4.773509171839935,2,0,0,-0.5043070259522356,3
match-finder-theultimator5,editors_picks,OK,3,2,0.6666666666666666,4.066740681182512,2.9295396470333723,1.1372010341491405,6.996280328215885,0.682079558141225,0.47462715803489075,30.384615384615387,0.48501024723052316,0,6.996280328215885,13,0,0,1.1372010341491405,20
smart-trader-concentric-candles-aristotelian-cycloids,editors_picks,OK,3,3,0.0,-15.491825447656423,13.879851832769138,-35.120784271686624,-5.618934026325034,-2.5026017823821465,2.3068504817677233,46.80521091811414,0.15,0,-5.735758044957605,32,-35.120784271686624,26,-5.618934026325034,31
smart-trader-episode-03-candles-and-tradelines,editors_picks,OK,3,2,0.0,-3.714847949647723,1.272745598899113,-4.987593548546836,-2.44210235074861,-1.1026859457853386,0.3298088425982447,16.666666666666664,0.09999999999999999,0,-4.987593548546836,3,0,0,-2.44210235074861,3
tasc-202604-a-synthetic-oscillator,editors_picks,OK,3,3,0.3333333333333333,0.45859581399079374,2.791229422407922,-2.4666025675414276,4.216593304460999,0.10744738838348367,0.6838237232875661,52.38095238095238,0.34800371491472903,0,-0.37420329494719046,7,4.216593304460999,10,-2.4666025675414276,10
trend-line-methods-tlm,editors_picks,OK,3,2,0.6666666666666666,5.268261214720944,1.763924219950335,3.5043369947706084,7.032185434671279,1.5741157529879894,0.49851368718012723,83.33333333333333,0.48504621761190625,0,7.032185434671279,3,3.5043369947706084,1,-3.329065890050828,0
directional-movement-index-dmi,momentum,OK,3,3,0.3333333333333333,-1.1237075033898534,1.6434174200800429,-3.129716703010403,0.8957500187006954,-0.17740281549171963,0.4372792407997083,51.32275132275132,0.26666666666666666,0,-1.1371558258598524,6,0.8957500187006954,7,-3.129716703010403,9
ema14chanut,momentum,OK,3,3,0.3333333333333333,1.2980661733196126,11.566875355011879,-7.356664045903933,17.646689197222877,-0.3552509859275243,2.229970973370451,31.851851851851848,0.2731569975332647,0,-7.356664045903933,9,17.646689197222877,5,-6.395826631360105,9
macd-scalper,momentum,OK,3,1,0.3333333333333333,1.9997376444323163,0,1.9997376444323163,1.9997376444323163,0.3557945283291249,0,0.0,0.42666535488882823,0,-7.8364598091318625,0,8.454154175152565,0,1.9997376444323163,1
mag7-real-time-impact-on-nq-breadth-alerts-mag-state,momentum,OK,3,2,0.0,-5.310335963590391,1.2864154135840797,-6.596751377174471,-4.023920550006311,-1.176736546689139,0.21071282307007894,0.0,0.09999999999999999,0,-6.596751377174471,2,14.190559024406452,0,-4.023920550006311,2
market-internals-dashboard-add-tick-vold,momentum,OK,3,3,0.0,-17.119431808218383,10.09088092364213,-31.35723685165678,-9.16237811787438,-3.9176533644599956,3.184763985334732,39.68926553672316,0.15,0,-9.16237811787438,54,-31.35723685165678,48,-10.838680455123992,59
nexous-cl-quantum-pulse-alpha-lorentzian-probabilistic-engin,momentum,OK,3,1,0.0,-3.2725658209835236,0,-3.2725658209835236,-3.2725658209835236,-0.6773421252383725,0,50.0,0.049999999999999996,0,-4.858313605057891,0,5.972497891560895,0,-3.2725658209835236,2
predictive-moving-average-convergence-divergence-ryder,momentum,OK,3,3,0.3333333333333333,-2.715229645950084,3.8719004379206945,-7.586163378723461,1.8865527399197453,-0.7024969521668596,1.2266537216240543,52.063492063492056,0.26666666666666666,0,-7.586163378723461,9,1.8865527399197453,5,-2.4460782990465377,7
prev-day-high-low-close-continuing-trend,momentum,OK,3,3,0.0,-25.477476840503428,14.230870793744112,-45.58006710659199,-14.594963464348634,-5.292752841954692,3.4131556079288012,34.054615796188834,0.15,0,-16.257399950569656,89,-45.58006710659199,104,-14.594963464348634,91
quant-professional,momentum,OK,3,3,0.3333333333333333,-2.0095202723906307,6.85142262736511,-7.906174241875677,7.5972668948019715,-0.9468419866806054,1.8294352301835943,33.8034188034188,0.26666666666666666,0,-5.719653470098186,13,7.5972668948019715,12,-7.906174241875677,10
range-asianlondonpre-usa-by-frednat,momentum,OK,3,3,0.0,-10.791194520663339,12.202071941842467,-28.041265169587724,-1.7634974694542032,-1.729442042680108,1.963623818720712,19.89676373694132,0.15,0,-1.7634974694542032,21,-28.041265169587724,53,-2.5688209229480856,17
rhokeo-vw-rsi-histogram-for-cumulative-delta-by-zeiirman,momentum,OK,3,1,0.3333333333333333,0.42899677521233387,0,0.42899677521233387,0.42899677521233387,0.072413962521625,0,0.0,0.4188116505427283,0,-1.1926759863688494,0,0,0,0.42899677521233387,2
squeezeintraday-scalps,momentum,OK,3,1,0.3333333333333333,10.339222324674543,0,10.339222324674543,10.339222324674543,2.7713948335873706,0,100.0,0.46836277829003936,0,-2.1149894775678986,0,10.339222324674543,2,0,0
stelarax-momentum,momentum,OK,3,3,0.3333333333333333,1.3151487262349164,13.27558742143811,-8.747372106664683,20.07306525194763,-0.6174365075571546,2.4934923485343634,29.924242424242422,0.27324241029784124,0,-8.747372106664683,8,20.07306525194763,6,-7.380246966578197,11
tuoppi-entries,momentum,OK,3,3,0.3333333333333333,-3.4390544102546947,8.02732742542353,-13.877631470377805,5.644695286947608,-1.3226865554401583,2.104650647410885,50.0,0.26666666666666666,0,5.644695286947608,1,-13.877631470377805,6,-2.084227047333887,2
vp-rsi,momentum,OK,3,2,0.3333333333333333,-4.318732920264622,4.536695828749958,-8.85542874901458,0.2179629084853368,-0.7336657692669928,0.7722706745190342,35.0,0.21666666666666665,0,-8.85542874901458,5,0,0,0.2179629084853368,6
xauusd-volume-profile-elite-nexous-cl,momentum,OK,3,3,0.3333333333333333,-2.686468835903289,6.358139496086869,-9.15697204010148,5.95603234346662,-0.5960079127714931,1.4264525878772136,36.93639291465379,0.26666666666666666,0,-9.15697204010148,23,5.95603234346662,24,-4.858466811075006,18
10ema-strategy-indicator,moving_averages,OK,3,3,0.6666666666666666,-1.3407433965338715,3.5921924949603095,-6.368883139867933,1.8011229568070557,-0.31147240641772483,0.6777666042339192,64.45221445221445,0.3833333333333333,0,1.8011229568070557,11,-6.368883139867933,2,0.5455299934592621,13
15-sma-trend-friend-mtf,moving_averages,OK,3,3,0.3333333333333333,-3.09376244956108,7.120580337150854,-8.146690113097096,6.976237557438901,-1.0620346273266696,2.0838973599854294,43.333333333333336,0.26666666666666666,0,-8.146690113097096,10,6.976237557438901,5,-8.110834793025045,10
24k-scalp-trigger-ema-engulfing,moving_averages,OK,3,2,0.0,-13.17862090942986,2.749509501787041,-15.928130411216902,-10.42911140764282,-2.849473925136488,0.9228160664269386,5.555555555555555,0.09999999999999999,0,-10.42911140764282,3,0,0,-15.928130411216902,9
5-ema-strategy,moving_averages,OK,3,3,0.6666666666666666,1.5095710847105075,6.200010706531728,-5.350205481708501,9.668920038627462,0.15734703836038186,0.9566915336510361,36.507936507936506,0.4017083053441268,0,9.668920038627462,3,0.20999869721256256,7,-5.350205481708501,2
5-zerolag,moving_averages,OK,3,3,0.0,-5.437577184975623,2.6949887058460806,-8.286053004671208,-1.8203765952324176,-1.8434381994575835,0.8712317105635871,29.166666666666668,0.15,0,-6.206301955023242,4,-1.8203765952324176,6,-8.286053004671208,8
512-ema-cross-signals,moving_averages,OK,3,3,0.3333333333333333,1.266670347817339,14.710339931539988,-10.691952297558718,21.9882562464083,-0.7030934094016948,2.7951672606491176,16.666666666666668,0.27300001840575333,0,-7.496292905397568,4,21.9882562464083,2,-10.691952297558718,7
9-ema-intraday-hybrid-trend-flip,moving_averages,OK,3,3,0.0,-10.072879681417835,5.0202956682422295,-15.645780216732351,-3.4769494476135003,-2.1740780426341657,1.2215650601161734,30.0,0.15,0,-11.095909379907651,28,-3.4769494476135003,25,-15.645780216732351,28
920-mid-day-ma-50-filtered,moving_averages,OK,3,2,0.6666666666666666,1.6783034078044294,0.5343032530281199,1.1440001547763095,2.212606660832549,0.3181199839660976,0.060917466651082997,25.0,0.5764954837095847,0,2.212606660832549,2,0,0,1.1440001547763095,2
adaptive-centric-moving-average-luxalgo,moving_averages,OK,3,2,0.0,-3.251720651074611,0.23394803525564933,-3.48566868633026,-3.0177726158189615,-0.8635813908750398,0.12952292002463522,25.0,0.09999999999999999,0,-3.48566868633026,2,19.855830610297502,0,-3.0177726158189615,4
adaptive-momentum-trend-arbitrex-trader,moving_averages,OK,3,2,0.0,-4.031907863854562,0.6164798767343891,-4.648387740588951,-3.4154279871201725,-0.9818153821291259,0.044269171498753423,0.0,0.09999999999999999,0,-4.648387740588951,1,10.108844603447055,0,-3.4154279871201725,1
alg0-hal0-crypto-rvwap,moving_averages,OK,3,1,0.3333333333333333,0.9558005621975171,0,0.9558005621975171,0.9558005621975171,1.023383045997326,0,100.0,0.4214456694776542,0,-0.2180540597141662,0,0.9558005621975171,1,1.3495965863037127,0
algov2,moving_averages,OK,3,3,0.0,-8.185075278916818,3.2060549320058427,-11.327563291212893,-3.783326165903563,-2.147238762061885,0.3157827669713036,45.23360569872198,0.15,0,-11.327563291212893,43,-3.783326165903563,37,-9.444336379633999,37
ali-binay-40-robot,moving_averages,OK,3,3,0.3333333333333333,-4.695492807849364,6.063582002075701,-11.792737051411066,3.02114840629026,-1.4486890559167502,1.9365973737975735,30.0,0.26666666666666666,0,-5.314889778427285,10,-11.792737051411066,4,3.02114840629026,6
boabias-multi-timeframe-ema-analysis,moving_averages,OK,3,2,0.0,-3.5470847437543416,2.819750196803274,-6.366834940557616,-0.7273345469510677,-1.4060934960394713,1.1668895420152519,16.666666666666664,0.09999999999999999,0,-0.7273345469510677,3,0,0,-6.366834940557616,5
breakout-signals-donchian-200-ema-volume-atr-easier-stoc,moving_averages,OK,3,2,0.0,-3.516785468985036,3.3003980118633343,-6.81718348084837,-0.21638745712170204,-0.6898252648496807,0.656461088686085,28.333333333333332,0.09999999999999999,0,-0.21638745712170204,5,19.31682222998611,0,-6.81718348084837,12
buy-sell-signal-msriniv,moving_averages,OK,3,3,0.0,-5.264529485662584,6.006366375019545,-13.714740932107816,-0.29102518599647736,-1.0719362653395617,1.2512312258032459,34.249084249084255,0.15,0,-1.7878223388834595,13,-0.29102518599647736,2,-13.714740932107816,14
buying-vs-selling-moving-averages-scalp-meter,moving_averages,OK,3,3,0.3333333333333333,0.32870447045184853,10.784424554883094,-7.6877843724275445,15.5733918096454,-0.35561553010802993,2.097469329807472,30.0,0.2683101890189259,0,-6.89949402586231,10,15.5733918096454,4,-7.6877843724275445,10
candle-body-momentum-ukutalabs,moving_averages,OK,3,3,0.3333333333333333,-2.5446171337969132,7.45300219833868,-11.047920258035708,7.100663970258495,-0.8414164538067137,2.7946016487177334,29.22077922077922,0.26666666666666666,0,-3.686595113613526,7,7.100663970258495,4,-11.047920258035708,11
clean-ema-cross-continuation-tabs-only,moving_averages,OK,3,2,0.0,-3.0900514479442647,0.6360095526726364,-3.726061000616901,-2.454041895271628,-0.5038016365647847,0.1471512595601094,35.71428571428571,0.09999999999999999,0,-2.454041895271628,7,13.468276218106068,0,-3.726061000616901,7
confluence-buysell-sub-30min,moving_averages,OK,3,1,0.3333333333333333,0.4339478225366765,0,0.4339478225366765,0.4339478225366765,0.11967752465547524,0,66.66666666666666,0.41883640577935,0,0.4339478225366765,3,0,0,0,0
crossover-strategy-multi-timeframe-no-repaint,moving_averages,OK,3,2,0.0,-3.8799453409753695,1.4378429902267595,-5.317788331202129,-2.44210235074861,-1.1488029259390555,0.3759258227519616,16.666666666666664,0.09999999999999999,0,-5.317788331202129,3,0,0,-2.44210235074861,3
crypto-918-momentum-pullback-highlight-ema,moving_averages,OK,3,2,0.0,-5.250114001190959,0.06767433001116974,-5.317788331202129,-5.1824396711797895,-1.5511044205787345,0.0263756718877175,12.5,0.09999999999999999,0,-5.317788331202129,3,10.759982548930784,0,-5.1824396711797895,4
cumulative-displacement-moving-average,moving_averages,OK,3,3,0.0,-9.935493378808887,8.788866911380069,-22.29720821368744,-2.6333522618605203,-2.1046098267261804,2.1361837884979766,42.42424242424242,0.15,0,-2.6333522618605203,32,-22.29720821368744,11,-4.8759196608787025,38
customized-double-bollinger-bands-wjdtks255,moving_averages,OK,3,3,0.6666666666666666,1.547324254256848,2.6103839733530823,-1.6186255811420123,4.774600835980062,0.7430335928329197,0.7785839776215492,100.0,0.44642396019923025,0,-1.6186255811420123,2,1.485997507932494,1,4.774600835980062,5
daily-bias-visual-pro-fran-pineda,moving_averages,OK,3,2,0.0,-1.4694412826624612,0.712607073118328,-2.1820483557807893,-0.756834209544133,-0.21987461505480854,0.11355457887279281,100.0,0.09999999999999999,0,-0.756834209544133,1,28.11126292461339,0,-2.1820483557807893,1
daily-bullish-bearish-status-table,moving_averages,OK,3,3,0.0,-5.236453895272008,1.4561937922675627,-7.234083491382524,-3.804213742033898,-1.6399106527696328,1.1459662665943415,32.196620583717355,0.15,0,-4.671064452399602,35,-7.234083491382524,1,-3.804213742033898,31
daily-weekly-bullish-bearish-status-table,moving_averages,OK,3,3,0.0,-5.236453895272008,1.4561937922675627,-7.234083491382524,-3.804213742033898,-1.6399106527696328,1.1459662665943415,32.196620583717355,0.15,0,-4.671064452399602,35,-7.234083491382524,1,-3.804213742033898,31
directional-sma-trend-line,moving_averages,OK,3,2,0.3333333333333333,-4.318732920264622,4.536695828749958,-8.85542874901458,0.2179629084853368,-0.7336657692669928,0.7722706745190342,35.0,0.21666666666666665,0,-8.85542874901458,5,0,0,0.2179629084853368,6
ema-1020,moving_averages,OK,3,2,0.0,-6.397954095044202,3.015334411537871,-9.413288506582074,-3.382619683506331,-1.145012246372579,0.4854816196841514,12.5,0.09999999999999999,0,-9.413288506582074,6,0,0,-3.382619683506331,4
ema-20-ema-50-touch-alert,moving_averages,OK,3,2,0.0,-1.5701230473858379,0.6647309806432677,-2.2348540280291056,-0.90539206674257,-0.30341351282260776,0.1483501955192372,40.19607843137254,0.09999999999999999,0,-0.90539206674257,12,10.759982548930784,0,-2.2348540280291056,17
ema-203050-first-order-appearance,moving_averages,OK,3,1,0.0,-4.7031218299836475,0,-4.7031218299836475,-4.7031218299836475,-0.9797306572165456,0,0.0,0.049999999999999996,0,-4.7031218299836475,1,0,0,0,0
ema-2050-optimal-distance-m15,moving_averages,OK,3,2,0.0,-3.6841000086354105,0.9642877319535399,-4.648387740588951,-2.719812276681871,-0.8774290461324143,0.14865550749546502,0.0,0.09999999999999999,0,-4.648387740588951,1,11.84005397674226,0,-2.719812276681871,1
ema-5-13-20-signal-with-candle-filter-dashboard,moving_averages,OK,3,2,0.0,-6.061646781935385,5.777263343622413,-11.838910125557799,-0.28438343831297247,-1.1998318160149306,1.157985536438768,22.916666666666664,0.09999999999999999,0,-0.28438343831297247,3,5.237051497884386,0,-11.838910125557799,8
ema-9-20-auto-strategy,moving_averages,OK,3,2,0.0,-7.19110611148351,2.2221823950985637,-9.413288506582074,-4.968923716384946,-1.2835976311517727,0.34689623490495763,8.333333333333332,0.09999999999999999,0,-9.413288506582074,6,0,0,-4.968923716384946,6
ema-912-momentum-cross-jrosario,moving_averages,OK,3,2,0.0,-4.989244875847493,2.8695123032099072,-7.858757179057401,-2.1197325726375857,-1.4158770910852776,0.8193732773425967,7.142857142857142,0.09999999999999999,0,-2.1197325726375857,2,25.097583738929472,0,-7.858757179057401,7
ema-921-rsi-exit-by-sandeep,moving_averages,OK,3,2,0.0,-7.19110611148351,2.2221823950985637,-9.413288506582074,-4.968923716384946,-1.2835976311517727,0.34689623490495763,8.333333333333332,0.09999999999999999,0,-9.413288506582074,6,0,0,-4.968923716384946,6
ema-921-shading-only,moving_averages,OK,3,2,0.0,-7.19110611148351,2.2221823950985637,-9.413288506582074,-4.968923716384946,-1.2835976311517727,0.34689623490495763,8.333333333333332,0.09999999999999999,0,-9.413288506582074,6,0,0,-4.968923716384946,6
ema-950-atr-full-terminal,moving_averages,OK,3,2,0.0,-6.222962731873544,2.3622765624093005,-8.585239294282845,-3.8606861694642434,-1.4731889673195515,0.32676222548694067,0.0,0.09999999999999999,0,-8.585239294282845,1,0,0,-3.8606861694642434,1
ema-atr-pro-ultimate-engine,moving_averages,OK,3,2,0.3333333333333333,-0.36887412276133524,3.043988221123844,-3.412862343885179,2.6751140983625086,-0.15864896792357092,0.7636676944233958,66.66666666666666,0.21666666666666665,0,-3.412862343885179,3,10.108844603447055,0,2.6751140983625086,1
ema-cloud-alerts,moving_averages,OK,3,2,0.0,-2.489315540160896,0.8732137295206337,-3.36252926968153,-1.6161018106402625,-0.7204298423711044,0.19741415418751496,25.0,0.09999999999999999,0,-3.36252926968153,3,0,0,-1.6161018106402625,2
ema-cloud-orb-dash,moving_averages,OK,3,2,0.0,-2.811699474860718,0.7662206508479943,-3.577920125708712,-2.0454788240127235,-0.8458054372981227,0.18608948314107893,25.0,0.09999999999999999,0,-3.577920125708712,2,0,0,-2.0454788240127235,2
ema-clouds-jb-style,moving_averages,OK,3,3,0.3333333333333333,-2.397223242615704,3.768606144218982,-6.790828552909632,2.4121954747159324,-1.2314262646878122,2.2023692247994173,33.333333333333336,0.26666666666666666,0,-6.790828552909632,2,2.4121954747159324,1,-2.813036649653412,1
ema-cluster-absorption,moving_averages,OK,3,1,0.0,-1.5835073807846056,0,-1.5835073807846056,-1.5835073807846056,-1.7759661385052876,0,0.0,0.049999999999999996,0,-1.5835073807846056,1,0,0,1.3495965863037127,0
ema-cross-alert-821-by-tjoma,moving_averages,OK,3,2,0.0,-3.714847949647723,1.272745598899113,-4.987593548546836,-2.44210235074861,-1.1026859457853386,0.3298088425982447,16.666666666666664,0.09999999999999999,0,-4.987593548546836,3,0,0,-2.44210235074861,3
ema-cross-bb-20-sma-strategy,moving_averages,OK,3,2,0.0,-2.5637299408335092,0.5848766683239663,-3.1486066091574756,-1.978853272509543,-0.8146277697509959,0.26390658854458715,16.666666666666664,0.09999999999999999,0,-1.978853272509543,2,0,0,-3.1486066091574756,3
ema-crossing-first-order-appearance,moving_averages,OK,3,2,0.0,-2.344794446929416,2.192363787897149,-4.537158234826565,-0.1524306590322667,-0.39986202944375887,0.3693269465823691,25.0,0.09999999999999999,0,-4.537158234826565,2,11.84005397674226,0,-0.1524306590322667,1
ema-multi-tf-strategy-red-filter,moving_averages,OK,3,2,0.0,-6.048733204983925,1.0640162421644566,-7.112749447148381,-4.984716962819468,-1.721088999192422,0.34462606326928513,10.0,0.09999999999999999,0,-4.984716962819468,3,25.097583738929472,0,-7.112749447148381,5
ema-pro-swing-structure-entry,moving_averages,OK,3,2,0.0,-7.407681635101872,2.347293219255509,-9.75497485435738,-5.060388415846362,-1.9027640392851133,0.49503686469191044,0.0,0.09999999999999999,0,-9.75497485435738,1,10.108844603447055,0,-5.060388415846362,1
ema-sniper-pro-quantscript,moving_averages,OK,3,2,0.6666666666666666,1.5427919927018374,0.7654278272030641,0.7773641654987732,2.3082198199049015,0.5660170048919657,0.27417760972243327,100.0,0.5225028908662341,0,2.3082198199049015,1,0,0,0.7773641654987732,1
ema-wave-rider-beginner-edition,moving_averages,OK,3,2,0.0,-4.068545358652067,3.8045761544063352,-7.873121513058402,-0.2639692042457318,-0.9687564363357943,0.8925362325906673,0.0,0.09999999999999999,0,-0.2639692042457318,1,5.237051497884386,0,-7.873121513058402,2
ema-xpair-crlmx,moving_averages,OK,3,2,0.0,-3.875363688556143,1.433261337807533,-5.308625026363676,-2.44210235074861,-1.140053010627199,0.3671759074401054,16.666666666666664,0.09999999999999999,0,-5.308625026363676,3,0,0,-2.44210235074861,3
ema20-strong-touch-markervt,moving_averages,OK,3,3,0.6666666666666666,1.2510026519962898,3.028857981453742,-3.028020655903223,3.559157881464329,0.05602032463739796,0.7075072563982495,75.55555555555556,0.4627115324937524,0,3.559157881464329,5,-3.028020655903223,1,3.221870730427763,3
ematema-crossover,moving_averages,OK,3,1,0.0,-0.4231511416303838,0,-0.4231511416303838,-0.4231511416303838,-1.8900050038214353,0,0.0,0.049999999999999996,0,-0.4231511416303838,1,0,0,0,0
fr0x-heikin-ashi-close-levels,moving_averages,OK,3,3,0.3333333333333333,-5.8964185187893365,11.266272165712982,-15.632975424528487,9.893990105610705,-1.2690354529133518,2.0414329382233958,35.14132925897632,0.26666666666666666,0,-15.632975424528487,22,9.893990105610705,14,-11.950270237450226,17
future-ema-projection,moving_averages,OK,3,2,0.6666666666666666,1.939321122385787,0.7059949154808492,1.2333262069049378,2.6453160378666363,0.38167198631538213,0.0760320115241106,0.0,0.5740219360642346,0,2.6453160378666363,2,0,0,1.2333262069049378,1
fx-correlation-matrix-pro-ema-trend,moving_averages,OK,3,2,0.0,-4.431351747380009,0.5562418011668269,-4.987593548546836,-3.875109946213182,-1.3358034477143157,0.09669134066926743,16.666666666666664,0.09999999999999999,0,-4.987593548546836,3,0,0,-3.875109946213182,3
genius-chart-structure,moving_averages,OK,3,2,0.3333333333333333,-1.82972426405835,1.8914501799405916,-3.7211744439989416,0.06172591588224168,-0.5074166857758571,0.5205694453978136,0.0,0.21666666666666665,0,0.06172591588224168,1,6.0103839091016855,0,-3.7211744439989416,3
globus-capitas-ema-9-ema-14-ribbon,moving_averages,OK,3,2,0.0,-3.077921271943989,0.7587414508493893,-3.8366627227933785,-2.3191798210946,-0.960444570672777,0.3090332064203468,10.0,0.09999999999999999,0,-2.3191798210946,2,22.7553811646939,0,-3.8366627227933785,5
goat-trap-pinbar,moving_averages,OK,3,3,0.6666666666666666,-2.083044657461995,5.864844788230288,-10.346935210705313,2.6618372211503156,-0.7109140260288385,1.4264396849835201,42.38095238095238,0.3833333333333333,0,1.4359640171690118,6,-10.346935210705313,5,2.6618372211503156,7
goldencrossover-cp5394,moving_averages,OK,3,1,0.0,-2.596739715949341,0,-2.596739715949341,-2.596739715949341,-0.7283558718640284,0,50.0,0.049999999999999996,0,-4.892158346389667,0,0,0,-2.596739715949341,2
green-bull-strategy,moving_averages,OK,3,3,0.3333333333333333,-5.1134829687479115,13.1925594954095,-16.032373023821886,13.447443617520666,-1.1090295873829186,2.3665478408528213,12.037037037037038,0.26666666666666666,0,-16.032373023821886,9,13.447443617520666,4,-12.755519499942514,9
improved-mcginley-dynamic,moving_averages,OK,3,3,0.3333333333333333,0.20257852367446993,10.703240655644555,-9.116559582983479,15.191924414415785,-0.5030038617598014,1.9591347139186028,36.868686868686865,0.267679559285039,0,-5.467629260408896,9,15.191924414415785,4,-9.116559582983479,11
interactive-ta,moving_averages,OK,3,1,0.0,-8.417822328099165,0,-8.417822328099165,-8.417822328099165,-2.4696713237619017,0,0.0,0.049999999999999996,0,-8.417822328099165,4,2.77492523112295,0,-3.045839518263252,0
jan-buyrest-trend-following-pullback-with-momentum,moving_averages,OK,3,1,0.3333333333333333,0.1790746207315533,0,0.1790746207315533,0.1790746207315533,0.1588968037000477,0,100.0,0.4175620397703244,0,0,0,0.1790746207315533,2,0,0
jma-trend-bo,moving_averages,OK,3,2,0.3333333333333333,0.38338718304617214,1.8746420089886524,-1.4912548259424803,2.2580291920348246,0.10211229573671571,0.3426418498134154,50.0,0.3829231401285436,0,-1.4912548259424803,6,12.485880933617299,0,2.2580291920348246,8
jrr-ultimate-ma-mtf-v6,moving_averages,OK,3,3,0.3333333333333333,-1.243930203969202,5.730262073889841,-8.264340616659158,5.771875290662545,0.11244190832603602,1.572980043414032,52.22222222222222,0.26666666666666666,0,-1.2393252859109927,6,5.771875290662545,1,-8.264340616659158,5
kripto-fema-ema-9,moving_averages,OK,3,3,0.3333333333333333,0.7587962335716828,9.78909424184077,-7.304746675791801,14.536028473926956,-0.36246855332863853,2.0760618557543435,44.642857142857146,0.27046064783452506,0,-7.304746675791801,14,14.536028473926956,8,-4.954893097420107,10
m-htf-candle-body-momentum-ukutalabs,moving_averages,OK,3,3,0.3333333333333333,-2.0383902052437577,2.1364009702552744,-4.123784581191169,0.8976271831019549,-0.5610376810406624,0.6509903529894729,48.148148148148145,0.26666666666666666,0,-2.8890132176420593,9,-4.123784581191169,3,0.8976271831019549,9
ma-bb-levels-st,moving_averages,OK,3,2,0.0,-0.9042905028627501,0.2248925402936075,-1.1291830431563576,-0.6793979625691426,-0.4184015653360833,0.10582688878377364,49.99999999999999,0.09999999999999999,0,-0.6793979625691426,3,0,0,-1.1291830431563576,3
ma-cross-with-labels,moving_averages,OK,3,2,0.3333333333333333,-3.8092295847270576,5.422955141281694,-9.232184726008752,1.6137255565546367,-0.6479897328930283,0.9316884899471122,35.0,0.21666666666666665,0,-9.232184726008752,5,0,0,1.6137255565546367,8
macd-renko-locked-signals,moving_averages,OK,3,3,0.3333333333333333,-7.35346723786419,6.815366239401301,-15.094972326769582,1.4897745911013918,-2.1343023990081513,2.016331359958044,22.61904761904762,0.26666666666666666,0,1.4897745911013918,7,-15.094972326769582,8,-8.455203977924379,9
macd-sell-exit-signals,moving_averages,OK,3,3,0.3333333333333333,-0.24654342348023786,0.4808067351917633,-0.8951267530929328,0.25457421034657457,-0.41112661803489675,0.8503222710967313,27.777777777777775,0.26666666666666666,0,-0.8951267530929328,2,0.25457421034657457,4,-0.09907772769435542,3
momentum-confluence-system,moving_averages,OK,3,1,0.3333333333333333,0.41872822826857736,0,0.41872822826857736,0.41872822826857736,0.12625338849608478,0,50.0,0.4187603078080095,0,0,0,0,0,0.41872822826857736,2
mtf-9-sma-of-high-wm3m6myear,moving_averages,OK,3,3,0.0,-9.068577358651014,11.26998810028927,-24.973513588338392,-0.22521064229533658,-2.181966423401301,2.82473297038496,24.141414141414142,0.15,0,-0.22521064229533658,10,-24.973513588338392,11,-2.0070078453193125,12
mtm-sma-momentum-indicator-with-sma,moving_averages,OK,3,2,0.0,-0.7854454327649801,0.7735748440483076,-1.5590202768132877,-0.0118705887166725,-1.0169875856350281,1.0115433039052228,0.0,0.09999999999999999,0,-0.0118705887166725,1,0.8389930262113049,0,-1.5590202768132877,1
multi-higher-time-frame-m-htf-ema-ukutalabs,moving_averages,OK,3,3,0.6666666666666666,1.5827369473721873,5.089712668716417,-5.4342492373350835,6.4801833283064925,-0.08229212928542595,1.6037294282223893,77.77777777777777,0.39124701807019424,0,6.4801833283064925,2,-5.4342492373350835,1,3.702276751145153,3
multi-timeframe-scalper-structure,moving_averages,OK,3,2,0.0,-4.4893724321756014,0.5005231640472192,-4.989895596222821,-3.9888492681283827,-1.1418204121334845,0.10134943634848348,12.5,0.09999999999999999,0,-4.989895596222821,2,13.520426235715435,0,-3.9888492681283827,4
my-script,moving_averages,OK,3,2,0.3333333333333333,-4.318732920264622,4.536695828749958,-8.85542874901458,0.2179629084853368,-0.7336657692669928,0.7722706745190342,35.0,0.21666666666666665,0,-8.85542874901458,5,0,0,0.2179629084853368,6
nova-statistical-filtering-oscillator-pineify,moving_averages,OK,3,2,0.3333333333333333,-0.550504998505785,3.559030030311246,-4.109535028817031,3.0085250318054606,0.02525547674514056,0.7979904332309482,100.0,0.26716905835892957,0,-4.109535028817031,1,0,0,3.0085250318054606,1
orb-core-hitz2kk,moving_averages,OK,3,3,0.3333333333333333,-0.32234387275001214,12.631950542239805,-13.42318344227824,16.745930430997586,-1.1860420254628934,2.0929365480778257,40.64367816091954,0.26666666666666666,0,-4.289778606969382,25,16.745930430997586,25,-13.42318344227824,29
pivot-pro-cpr-pdhpdl-ema-by-sani,moving_averages,OK,3,2,0.0,-6.397954095044202,3.015334411537871,-9.413288506582074,-3.382619683506331,-1.145012246372579,0.4854816196841514,12.5,0.09999999999999999,0,-9.413288506582074,6,0,0,-3.382619683506331,4
pocket-entry-l,moving_averages,OK,3,3,0.3333333333333333,-5.838263775794108,5.801217040740928,-13.568994933444992,0.40576225731411253,-2.456781351178401,2.849475009034818,45.25841631104789,0.26666666666666666,0,0.40576225731411253,37,-13.568994933444992,38,-4.351558651251442,40
pocket-entry-s,moving_averages,OK,3,1,0.0,-1.578994791719393,0,-1.578994791719393,-1.578994791719393,-1.2317489448233807,0,0.0,0.049999999999999996,0,-1.578994791719393,1,0,0,0,0
ponomis-bglbrl-signal,moving_averages,OK,3,3,0.3333333333333333,-5.450090857765953,7.379350082042826,-12.563571844483915,4.719591691797643,-0.730252491873335,1.8006160662874964,15.873015873015872,0.26666666666666666,0,-8.506292420611587,12,4.719591691797643,1,-12.563571844483915,14
price-vs-ma-stats-pro,moving_averages,OK,3,2,0.6666666666666666,2.952966811252045,0.6101097391711521,2.3428570720808928,3.563076550423197,0.5269473762527721,0.07122351913946937,24.999999999999996,0.5802922876047262,0,3.563076550423197,3,0,0,2.3428570720808928,6
ps-ma-vert-line-1-works,moving_averages,OK,3,2,0.0,-3.811546355897117,0.5334881200291637,-4.345034475926281,-3.2780582358679533,-2.2113843488352685,0.8577542421512178,0.0,0.09999999999999999,0,-3.2780582358679533,2,0,0,-4.345034475926281,2
psy-levels-pivot-ema-nifty-banknifty-by-lazyhacker,moving_averages,OK,3,2,0.0,-3.730733610009149,0.15281348430043695,-3.883547094309586,-3.577920125708712,-1.1593225638003104,0.12742764336110868,0.0,0.09999999999999999,0,-3.577920125708712,2,22.7553811646939,0,-3.883547094309586,4
psy-levels-pivot-ema-v2-nifty-banknifty-by-lazyhacker,moving_averages,OK,3,2,0.0,-3.730733610009149,0.15281348430043695,-3.883547094309586,-3.577920125708712,-1.1593225638003104,0.12742764336110868,0.0,0.09999999999999999,0,-3.577920125708712,2,22.7553811646939,0,-3.883547094309586,4
qema-signal-system,moving_averages,OK,3,2,0.0,-3.3554632353972336,1.986626159369516,-5.34208939476675,-1.3688370760277175,-0.8481394351404791,0.3854243832600088,75.0,0.09999999999999999,0,-5.34208939476675,2,7.260554440103238,0,-1.3688370760277175,1
rolling-sharpe-ratio-with-sma,moving_averages,OK,3,3,0.6666666666666666,1.2693429060815493,4.771764372354387,-5.284007615509399,5.940579224621978,0.47631046438072583,1.9015112239948735,56.74603174603175,0.38968004786374105,0,3.1514571091320684,3,5.940579224621978,4,-5.284007615509399,7
sams-keltner-band-fade-and-basis-bounce,moving_averages,OK,3,1,0.3333333333333333,0.03268098669030587,0,0.03268098669030587,0.03268098669030587,0.016180366891636322,0,100.0,0.41683007160011815,0,0.03268098669030587,1,0,0,-0.20314840820312383,0
scalping-strategy-3-minutes,moving_averages,OK,3,3,0.0,-8.232966622955797,3.4262879672001816,-13.061246712010776,-5.465333456150722,-1.2557487300327879,0.16488558667159364,46.507936507936506,0.15,0,-5.465333456150722,15,-13.061246712010776,16,-6.172319700705891,21
shadow-rejection-rail-pure-state-pointalgo,moving_averages,OK,3,3,0.3333333333333333,0.2407480626157875,11.541508580023756,-11.102809269025848,16.076306082198787,-0.7571098383660795,2.683487523104381,14.14141414141414,0.26787040697974557,0,-4.251252625325578,5,16.076306082198787,3,-11.102809269025848,11
signaux-achats-et-ventes-sma9-plus-2-variable,moving_averages,OK,3,2,0.3333333333333333,1.5997814812737126,1.726839994184855,-0.1270585129111423,3.3266214754585675,0.27434199440481355,0.2944570979166061,40.0,0.40105129959388364,0,-0.1270585129111423,5,0,0,3.3266214754585675,5
sj-stoch-mft-3,moving_averages,OK,3,3,0.3333333333333333,-3.7546672114508595,7.296003531622272,-10.022360938410085,6.4773845524908396,-0.8869580427133675,1.803690574236403,34.884559884559884,0.26666666666666666,0,-7.719025248433333,22,6.4773845524908396,21,-10.022360938410085,20
skill-fx-trend-display,moving_averages,OK,3,2,0.3333333333333333,-4.318732920264622,4.536695828749958,-8.85542874901458,0.2179629084853368,-0.7336657692669928,0.7722706745190342,35.0,0.21666666666666665,0,-8.85542874901458,5,0,0,0.2179629084853368,6
smc-strategy-hub-alerts,moving_averages,OK,3,2,0.0,-4.377566555883939,1.823682849372475,-6.201249405256414,-2.553883706511464,-1.0714195839816858,0.43513707454983147,0.0,0.09999999999999999,0,-6.201249405256414,2,19.31682222998611,0,-2.553883706511464,1
smittybda-swing-pivots-golden-pocket,moving_averages,OK,3,3,0.0,-14.13974644583759,7.189997873698697,-23.591583559280842,-6.167108695623829,-4.476294222292981,3.896646304409934,36.768097055135115,0.15,0,-6.167108695623829,73,-23.591583559280842,87,-12.660547082608101,94
sp-500-30min-chart-system-spookydegenaro-v6,moving_averages,OK,3,2,0.3333333333333333,-1.4315836881769355,1.467122301347088,-2.8987059895240237,0.03553861317015253,-0.3128863403821668,0.3230298450708595,0.0,0.21666666666666665,0,-2.8987059895240237,3,0,0,0.03553861317015253,2
strateji-tablosu-ema9wma30,moving_averages,OK,3,2,0.0,-1.3477461099719803,0.9822545003093256,-2.330000610281306,-0.3654916096626548,-0.2689522490659569,0.19736238491396582,55.86206896551724,0.09999999999999999,0,-0.3654916096626548,20,0,0,-2.330000610281306,29
supertrend-cloud-indicator,moving_averages,OK,3,2,0.6666666666666666,1.7549806601124436,0.6496479654616123,1.1053326946508313,2.404628625574056,0.314273153344894,0.14159957200967008,0.0,0.556708343631478,0,1.1053326946508313,2,4.156551121146388,0,2.404628625574056,1
supply-and-demand-zone-indicator-5m,moving_averages,OK,3,3,0.0,-6.443207560107137,7.3961165824119375,-16.901425141081084,-1.0621957653746068,-1.918606605089442,2.3871904689848362,34.48717948717949,0.15,0,-1.3660017738657189,26,-16.901425141081084,12,-1.0621957653746068,10
swift-algo-pro-bos-reteste-miller,moving_averages,OK,3,3,0.0,-1.091426237476655,0.8180388976437207,-2.2217217965545135,-0.31272420503255854,-0.529977485669958,0.5617916913828551,41.11111111111111,0.15,0,-0.31272420503255854,5,-2.2217217965545135,4,-0.7398327108428929,3
timeframe-structure-analysis-with-emasma-rsi-confirmation,moving_averages,OK,3,2,0.6666666666666666,1.1850979412063096,0.5266213628150217,0.658476578391288,1.7117193040213314,0.2194060885267814,0.11564610991844121,25.0,0.5603472955597546,0,0.658476578391288,4,11.871647175848556,0,1.7117193040213314,4
tms-intraday-direction-zone-ema-9-ema-21,moving_averages,OK,3,2,0.0,-3.714847949647723,1.272745598899113,-4.987593548546836,-2.44210235074861,-1.1026859457853386,0.3298088425982447,16.666666666666664,0.09999999999999999,0,-4.987593548546836,3,0,0,-2.44210235074861,3
tpc-trend-alignment-meter,moving_averages,OK,3,2,0.0,-5.391476296247457,4.367051294511498,-9.758527590758954,-1.024425001735959,-0.9960579199713873,0.8380946675290204,50.1194743130227,0.09999999999999999,0,-1.024425001735959,27,14.133043162506715,0,-9.758527590758954,31
trend-based-fibs-manual-anchor-logic,moving_averages,OK,3,3,0.3333333333333333,-2.553383016569181,4.911412349987606,-7.232569941391935,4.2316422808096394,-0.6015989201716627,1.864139826178091,43.452380952380956,0.26666666666666666,0,-4.659221389125247,7,4.2316422808096394,2,-7.232569941391935,8
trend-based-sma-color-fill-30m-daily-weekly,moving_averages,OK,3,3,0.0,-3.7009500063770098,0.4780556644667376,-4.372896613302771,-3.300388425542624,-0.8782232966698954,0.20912258512822018,65.96736596736598,0.15,0,-4.372896613302771,13,-3.429564980285635,1,-3.300388425542624,22
trend-leadership-eligibility-weekly,moving_averages,OK,3,3,0.3333333333333333,1.6636438627232615,8.15955217645326,-5.13638555705118,13.137513754495172,0.22494499138896049,1.8412119183449382,56.34920634920635,0.2749848859802829,0,-5.13638555705118,9,13.137513754495172,7,-3.010196609274208,10
trend-structure,moving_averages,OK,3,3,0.3333333333333333,-5.877780152595307,6.1206764741588175,-11.022450268303713,2.7230951765338975,-1.0357304163079946,1.1260818060012172,42.063492063492056,0.26666666666666666,0,-9.333985366016103,44,2.7230951765338975,3,-11.022450268303713,49
triple-ema-high-close-low-mtf-dashboard,moving_averages,OK,3,3,0.3333333333333333,0.6311317827049875,12.294452952992593,-9.514123772159058,17.932238713936048,-0.6516201550858828,2.5948573029599196,55.952380952380956,0.2698223255801916,0,-6.524719593662026,7,17.932238713936048,1,-9.514123772159058,8
triple-ema-rsi-macd-confirm-sbfaisal,moving_averages,OK,3,2,0.0,-1.3663887144662947,0.47592196318582125,-1.842310677652116,-0.8904667512804736,-0.5361064939950715,0.2549562458094364,25.0,0.09999999999999999,0,-1.842310677652116,1,0,0,-0.8904667512804736,2
triple-mtf-ma-painter-directional-toggles,moving_averages,OK,3,2,0.0,-7.524434810560102,1.4691785624389087,-8.993613372999011,-6.055256248121194,-2.441559135969656,0.1893689336647002,12.5,0.09999999999999999,0,-8.993613372999011,4,10.108844603447055,0,-6.055256248121194,5
troutcapital-rolling-vwaps,moving_averages,OK,3,1,0.3333333333333333,2.180721759009102,0,2.180721759009102,2.180721759009102,0.5571120913447791,0,50.0,0.4275702754617121,0,0,0,0,0,2.180721759009102,2
ultimate-master-vwap-sr,moving_averages,OK,3,2,0.0,-7.206617795478305,0.379916520654326,-7.5865343161326315,-6.8267012748239795,-1.203587943442424,0.16567041933033944,50.0,0.09999999999999999,0,-6.8267012748239795,30,19.31682222998611,0,-7.5865343161326315,30
ultimate-mtf-trend-dashboard-identityka,moving_averages,OK,3,3,0.3333333333333333,-3.749694221069968,4.707950751247651,-10.065659042474014,1.2327447375799383,-1.3718285835188853,1.776917563099588,33.5978835978836,0.26666666666666666,0,1.2327447375799383,2,-10.065659042474014,9,-2.41616835831583,7
volume-candles-3,moving_averages,OK,3,1,0.3333333333333333,1.9552392691612623,0,1.9552392691612623,1.9552392691612623,0.3217416796628907,0,50.0,0.4264428630124729,0,1.9552392691612623,4,0,0,-4.760218822375712,0
volume-ema-ma2-pause,moving_averages,OK,3,3,0.0,-4.758953263249831,6.250160996576851,-13.597871249005578,-0.29572949562693246,-1.313724231865362,1.783577024184945,28.88888888888889,0.15,0,-0.29572949562693246,8,-13.597871249005578,10,-0.3832590451169817,12
vw-macd-garch-filter-pointalgo,moving_averages,OK,3,2,0.0,-2.877468906823233,2.643418882759266,-5.520887789582499,-0.23405002406396672,-2.3134151222144244,0.38757826393049155,0.0,0.09999999999999999,0,-0.23405002406396672,1,9.238546152700321,0,-5.520887789582499,3
vwap-archi,moving_averages,OK,3,3,0.0,-30.417008130012686,12.462487950357175,-48.02366061836351,-20.924660852026282,-6.8436539817010695,3.3080867338100646,35.50135501355013,0.15,0,-22.30270291964826,123,-48.02366061836351,123,-20.924660852026282,123
white-core-trend-wjdtks255,moving_averages,OK,3,3,0.3333333333333333,-1.3163223527345398,2.947232776621236,-5.221157957062577,1.8984209766865534,-0.8430961920713237,1.3365867728288738,11.111111111111109,0.26666666666666666,0,-0.6262300778275968,1,-5.221157957062577,3,1.8984209766865534,1
adaptive-bounds-rsi-luxalgo,oscillators,OK,3,1,0.0,-0.7251472374272125,0,-0.7251472374272125,-0.7251472374272125,-1.0121970311245,0,0.0,0.049999999999999996,0,0,0,0,0,-0.7251472374272125,1
adr-ratio-table-adr-1-adr-2,oscillators,OK,3,3,0.6666666666666666,0.9239978068121516,4.2902613473894675,-4.434539448515541,6.067829784403322,0.5325109291991424,1.417327768637489,61.11111111111111,0.38795332236739405,0,1.1387030845486734,8,6.067829784403322,6,-4.434539448515541,6
advanced-supertrend-and-volume-oscillator-indicator,oscillators,OK,3,2,0.0,-2.9888484073703,0.09466448779014192,-3.083512895160442,-2.894183919580158,-0.5233739923983314,0.03801553872844582,54.310344827586206,0.09999999999999999,0,-3.083512895160442,29,14.190559024406452,0,-2.894183919580158,20
aethix-3-market-cipher-g-ultimate,oscillators,OK,3,3,0.3333333333333333,-4.087217191603316,5.185079511135726,-9.16520798274278,3.033053293832374,-1.2933920081825434,2.189575072810277,35.97883597883598,0.26666666666666666,0,-6.129496885899542,7,3.033053293832374,7,-9.16520798274278,9
afg-elite-clean-engine-rev3,oscillators,OK,3,2,0.0,-2.245913811585451,0.3426958828741554,-2.5886096944596066,-1.9032179287112958,-0.44929714294756207,0.061586445899237924,57.5,0.09999999999999999,0,-2.5886096944596066,4,10.108844603447055,0,-1.9032179287112958,5
ag-pro-ichimoku-cloud-equilibrium-map-agpro-series,oscillators,OK,3,3,0.0,-3.242730967364371,1.795605515319148,-4.9674087775650255,-0.7662627030682198,-1.3597123015013308,0.7092059222854312,38.148148148148145,0.15,0,-3.994521421459867,9,-0.7662627030682198,8,-4.9674087775650255,10
all-day-futures-trend-pullback-ema-rsi-v5,oscillators,OK,3,2,0.0,-0.014845430152956396,0.013934253696512314,-0.028779683849468708,-0.0009111764564440819,-1.3661266832460637,1.0919878329832797,0.0,0.09999999999999999,0,-0.028779683849468708,2,0,0,-0.0009111764564440819,1
anti-average-oscillator-sma,oscillators,OK,3,2,0.0,-3.937799365868152,1.3478702217329266,-5.285669587601078,-2.5899291441352252,-1.4533812644461508,0.5272947943161534,10.0,0.09999999999999999,0,-2.5899291441352252,3,0,0,-5.285669587601078,5
ao-31-williams-fraktal-alligator-sinyali,oscillators,OK,3,3,0.3333333333333333,-3.0383301884970577,2.925701009925367,-6.428398068057985,0.7110088474642108,-0.6663936518224521,0.7007413754020458,36.94444444444444,0.26666666666666666,0,-6.428398068057985,9,0.7110088474642108,8,-3.3976013448973976,10
asymmetric-volatility-bands-jv,oscillators,OK,3,1,0.3333333333333333,5.780096011584945,0,5.780096011584945,5.780096011584945,0.8911448389332002,0,100.0,0.44556714672459136,0,5.780096011584945,1,5.972497891560895,0,-2.899618020508395,0
average-directional-index-adx-trend-thresholds-and-color,oscillators,OK,3,3,0.3333333333333333,3.7434021198250025,5.834456934354124,-0.5315013898493198,11.992746508329743,0.7937756701776625,1.2232920274922887,100.0,0.28538367726579167,0,-0.23103875900541607,4,11.992746508329743,3,-0.5315013898493198,3
average-sentiment-oscillator-aso-lead,oscillators,OK,3,3,1.0,5.816541105892271,2.5226840998486875,2.2665393065968966,7.8981655861624755,0.9221669826567221,0.4050698575843935,75.0,0.677815241133363,0,7.284918424917443,4,7.8981655861624755,1,2.2665393065968966,4
axis-roc-momentum-macro-ready,oscillators,OK,3,3,0.3333333333333333,2.631838481975914,11.252806936011162,-8.096509472017132,18.175177873791633,-0.025799722123900987,2.0274312775879193,29.898989898989896,0.2798258590765462,0,-8.096509472017132,9,18.175177873791633,5,-2.183152955846759,11
ben-bot-entry-alerts,oscillators,OK,3,2,0.0,-1.5533325523986714,0.15534828778418897,-1.7086808401828604,-1.3979842646144824,-0.743934714124676,0.03372079869067579,0.0,0.09999999999999999,0,-1.7086808401828604,1,10.108844603447055,0,-1.3979842646144824,1
blackcat-l3-enhanced-kdj-band-indicator,oscillators,OK,3,1,0.3333333333333333,2.0673526933009128,0,2.0673526933009128,2.0673526933009128,0.39747703888760444,0,34.78260869565217,0.4270034301331712,0,-3.024136527468232,0,0,0,2.0673526933009128,23
bullish-bearish-candle-power,oscillators,OK,3,3,0.3333333333333333,-0.20520529093126258,8.01726186131633,-9.416036182001044,10.126044360329644,-0.1862747799765303,1.652858328595847,37.76470588235294,0.26666666666666666,0,-9.416036182001044,25,10.126044360329644,22,-1.3256240511223878,17
chandelier-exit-v6,oscillators,OK,3,3,0.3333333333333333,0.9588044372679044,7.23927161404471,-4.761853592177344,11.172101154590477,0.09823593485766402,1.8194634245318795,33.333333333333336,0.27146068885300617,0,-4.761853592177344,4,11.172101154590477,1,-3.5338342506094196,3
cmf-divergence-indicator,oscillators,OK,3,2,0.6666666666666666,4.773101939742126,3.5667777029347416,1.2063242368073843,8.339879642676868,0.6767596954886556,0.4444870374941578,47.5,0.4960770836585045,0,8.339879642676868,4,0,0,1.2063242368073843,5
correlated-sine-oscillator-luxalgo,oscillators,OK,3,3,0.3333333333333333,-1.9867674377864073,1.7409785274694598,-3.744737951795192,0.3850889133086166,-0.5542490066029699,0.5316747221377827,44.444444444444436,0.26666666666666666,0,-2.600653274872646,3,0.3850889133086166,5,-3.744737951795192,5
crypto-fear-greed-index,oscillators,OK,3,3,0.0,-2.8131524650591015,1.8682359195914435,-4.726158989306816,-0.27843416514198177,-1.268762776878344,0.803181634910161,30.952380952380953,0.15,0,-4.726158989306816,4,-0.27843416514198177,8,-3.434864240728508,7
david-3-rule-strategy-with-dashboard,oscillators,OK,3,3,0.0,-11.447634769393835,3.072033560506375,-15.648199709717286,-8.386870164098772,-2.5641602663181757,1.3151457226334347,50.896808758443974,0.15,0,-8.386870164098772,54,-15.648199709717286,18,-10.307834434365446,53
demand-index-to-match-tos,oscillators,OK,3,3,0.3333333333333333,-0.8746412401450699,8.010437247685651,-7.838901926740291,10.34538042867028,-0.7743907173179982,1.9601500643580778,39.88603988603989,0.26666666666666666,0,-5.130402222365199,13,10.34538042867028,9,-7.838901926740291,12
directional-movement-index-dmi-tr,oscillators,OK,3,3,0.3333333333333333,-6.268804852186655,9.369988939222807,-19.51028939871285,0.7905196081492758,-1.4392302414988798,2.1078711911614834,34.61538461538462,0.26666666666666666,0,0.7905196081492758,10,-19.51028939871285,13,-0.08664476599638873,13
double-money-flow-index-dmfi-tr,oscillators,OK,3,3,0.3333333333333333,-5.41232049953712,5.6152679315956755,-10.437190252627202,2.425512379859021,-1.459137356558877,2.1677891641787483,22.222222222222218,0.26666666666666666,0,-10.437190252627202,6,2.425512379859021,2,-8.22528362584318,6
dual-macd-combo,oscillators,OK,3,2,0.0,-3.148182884623231,0.8600472497088267,-4.008230134332058,-2.288135634914404,-0.5487743166462703,0.10625533228952097,52.33265720081136,0.09999999999999999,0,-4.008230134332058,34,13.992577103415549,0,-2.288135634914404,29
ehlers-super-smoother-trend-score-backquant,oscillators,OK,3,2,0.0,-2.8914281121583336,2.450830622869675,-5.342258735028008,-0.44059748928865883,-0.9549032965479035,0.8013348999187755,0.0,0.09999999999999999,0,-5.342258735028008,2,11.953132057325872,0,-0.44059748928865883,1
ema-cross-oscillator-amplify,oscillators,OK,3,2,0.3333333333333333,1.2152535001071085,3.8630920993622135,-2.647838599255105,5.078345599469322,0.19334999154093374,0.8497725150862505,50.0,0.26029980539563957,0,5.078345599469322,2,19.855830610297502,0,-2.647838599255105,2
ema-distance-analyzer,oscillators,OK,3,2,0.0,-3.3983615444729076,1.8701808960172202,-5.268542440490128,-1.5281806484556875,-1.2525205288440449,0.7457809728148102,24.999999999999996,0.09999999999999999,0,-1.5281806484556875,3,0,0,-5.268542440490128,6
etu-dema-openclose-crossover,oscillators,OK,3,3,0.0,-10.051736236695103,11.553817271376321,-26.34396214711775,-0.8292537012069225,-2.3266887122701925,2.8560971309257006,35.69023569023569,0.15,0,-0.8292537012069225,20,-26.34396214711775,22,-2.981992861760635,18
extended-sentiment-pressure-oscillator-esp,oscillators,OK,3,3,0.3333333333333333,-0.2864185416412027,6.896902512804745,-6.909374588830761,9.226126833986214,-0.2553232291423381,1.5139882337304063,43.93939393939394,0.26666666666666666,0,-3.1760078700790615,11,9.226126833986214,14,-6.909374588830761,11
fvg-pro-auto-adaptive-st,oscillators,OK,3,1,0.3333333333333333,4.195700786038796,0,4.195700786038796,4.195700786038796,0.9259930217855129,0,0.0,0.4376451705968606,0,-0.13045085948823543,0,6.4452179111207375,0,4.195700786038796,1
gcm-smi-cloud-oscillator,oscillators,OK,3,3,0.3333333333333333,-4.574132088966105,6.391010128894465,-13.607346650006235,0.20380204074268113,-1.5601835014835927,2.1857054900192807,38.13131313131313,0.26666666666666666,0,0.20380204074268113,11,-13.607346650006235,11,-0.3188516576347611,12
goldilocks-pivot-fractals-v30,oscillators,OK,3,3,0.0,-10.892849964687587,11.24242416641665,-26.78411526313021,-2.512571347661884,-2.548051885162823,2.936652565620559,33.65164247517188,0.15,0,-3.381863283270664,14,-26.78411526313021,11,-2.512571347661884,17
goldspread-algo,oscillators,OK,3,3,0.0,-2.4961399573084244,0.8933819468083924,-3.5076368803966758,-1.3347601700468803,-3.431993534555301,1.8448848047594586,0.0,0.15,0,-2.646022821481718,6,-3.5076368803966758,16,-1.3347601700468803,2
hybrid-volume-spread-analysis,oscillators,OK,3,2,0.0,-5.101285221471146,2.122944573950561,-7.2242297954217065,-2.978340647520585,-1.299089651680652,0.07801158950728915,37.5,0.09999999999999999,0,-2.978340647520585,2,3.4452714134631095,0,-7.2242297954217065,4
ichimoku-equilibrium-distance-kijuntenkan,oscillators,OK,3,2,0.0,-5.419836388947667,3.8075860443298075,-9.227422433277475,-1.6122503446178598,-1.674560119078562,1.2814146987773407,32.14285714285714,0.09999999999999999,0,-1.6122503446178598,4,5.972497891560895,0,-9.227422433277475,7
iichimoku-smart-signals-pro-clean-buy-sell-indicator,oscillators,OK,3,1,0.3333333333333333,0.5522605541614175,0,0.5522605541614175,0.5522605541614175,0.17697815464547084,0,100.0,0.41942796943747374,0,0,0,5.972497891560895,0,0.5522605541614175,1
inertial-stochastic-luxalgo,oscillators,OK,3,3,0.6666666666666666,-3.667590081980922,10.460533470315394,-18.18074351091818,6.071006754581394,-1.331303327943809,2.6590524566056093,44.505494505494504,0.3833333333333333,0,1.1069665103940207,14,-18.18074351091818,11,6.071006754581394,13
institutional-footprint-scanner-joat,oscillators,OK,3,1,0.0,-1.4551571782585089,0,-1.4551571782585089,-1.4551571782585089,-1.1293395284296748,0,50.0,0.049999999999999996,0,-6.641779208110296,0,-1.4551571782585089,2,0,0
interference-z-score-g2,oscillators,OK,3,3,0.3333333333333333,-1.6060088980855263,5.022232018975965,-6.561219278876218,5.278254804177879,-0.303514975304161,1.3543424085808207,50.15151515151515,0.26666666666666666,0,-6.561219278876218,10,5.278254804177879,20,-3.5350622195582404,11
isotonic-regression-oscillator-luxalgo,oscillators,OK,3,2,0.6666666666666666,0.8756193209736811,0.07161709622606582,0.8040022247476153,0.9472364171997469,0.17053510297775082,0.031564200197218714,100.0,0.579820379888897,0,0.8040022247476153,2,0,0,0.9472364171997469,3
kagemusha-real-time-momentum-projector,oscillators,OK,3,3,0.6666666666666666,0.7063352215815538,4.095924530859017,-3.92867701869375,6.032560802405525,0.04039095639268431,0.9658552946962821,51.99633699633699,0.39540118576717054,0,0.01512188103288645,14,6.032560802405525,20,-3.92867701869375,13
kpt-ahab-heatmap-fusion,oscillators,OK,3,3,0.0,-20.065191321725454,12.52070511315503,-37.74467090657453,-10.37158619884278,-3.535730137711377,2.3008079475766996,37.058316080055214,0.15,0,-12.079316859759055,69,-37.74467090657453,80,-10.37158619884278,63
lunar-cycle-oscillator-pyratime,oscillators,OK,3,3,0.3333333333333333,-8.89281933113841,11.69254858609744,-25.347993645954688,0.74684691723164,-1.2822899740883347,1.6427315542701246,17.777777777777775,0.26666666666666666,0,0.74684691723164,6,-25.347993645954688,6,-2.07731126469218,5
merged-rsi-dual-macd-oscillator-with-macd-signal,oscillators,OK,3,1,0.0,-5.811235734756847,0,-5.811235734756847,-5.811235734756847,-1.8449488436751598,0,0.0,0.049999999999999996,0,-5.811235734756847,1,0,0,0,0
mizan-psi-enhanced,oscillators,OK,3,3,0.3333333333333333,-0.1675773135876759,3.747385764284851,-3.025420742888775,5.126431502247986,0.1446315526185216,1.0439070645072017,49.19871794871795,0.26666666666666666,0,-3.025420742888775,16,5.126431502247986,13,-2.6037427001222384,16
momentum-cycle-sentry-luxalgo,oscillators,OK,3,3,0.0,-6.521256213875681,3.1253849587005234,-8.938882192627759,-2.108015010253846,-1.8915903902608633,1.163657881060502,44.21394799054374,0.15,0,-2.108015010253846,40,-8.938882192627759,27,-8.516871438745438,47
momentum-surge-screener-version-by-tomert,oscillators,OK,3,1,0.0,-19.449563750842877,0,-19.449563750842877,-19.449563750842877,-8.06868841587203,0,28.125,0.049999999999999996,0,0,0,-19.449563750842877,64,0,0
money-flow-index-mfi-tr,oscillators,OK,3,3,0.6666666666666666,1.7974099775796688,3.3066600653226,-2.0828447463862685,5.997784812573926,0.31128688904511276,0.5881947073560344,38.888888888888886,0.49527170638222306,0,1.4772898665513494,3,5.997784812573926,3,-2.0828447463862685,6
mtf-double-stochastics,oscillators,OK,3,3,0.6666666666666666,3.326091977085458,5.627063730452815,-1.5755895756450917,11.206104679866593,0.8471077765892191,1.3818627182207779,66.66666666666667,0.39996379321876063,0,-1.5755895756450917,4,11.206104679866593,3,0.34776082703487193,3
mtf-rsi-macd-divergence,oscillators,OK,3,1,0.3333333333333333,0.9604292267720012,0,0.9604292267720012,0.9604292267720012,0.27027903486419785,0,100.0,0.4214688128005266,0,0,0,0,0,0.9604292267720012,1
mtf-rsi-oscillator,oscillators,OK,3,3,0.3333333333333333,-2.364391456679184,3.743947764191341,-6.443351576840185,2.5986618528842373,-0.7544045726243321,1.7752020866796812,41.11111111111111,0.26666666666666666,0,-3.248484646081604,5,2.5986618528842373,2,-6.443351576840185,6
multi-index-vwap-dashboard,oscillators,OK,3,2,0.6666666666666666,2.1014026947653983,1.4007817056565761,0.700620989108822,3.5021844004219744,0.38423388881145704,0.2777121167175164,33.33333333333333,0.5244123176277812,0,0.700620989108822,3,0,0,3.5021844004219744,3
multi-timeframe-rsi-regime-oscillator,oscillators,OK,3,3,0.3333333333333333,-4.046550331086251,5.6500356431510514,-11.964224818078437,0.8435104042960446,-1.2287186014062346,1.7248694678199432,45.37037037037036,0.26666666666666666,0,0.8435104042960446,9,-11.964224818078437,3,-1.018936579476358,12
nc-signal-stoch-ema,oscillators,OK,3,1,0.0,-2.751928487732162,0,-2.751928487732162,-2.751928487732162,-0.7888558894365709,0,0.0,0.049999999999999996,0,0,0,0,0,-2.751928487732162,1
nico-mega-cap-dashboard-rsi,oscillators,OK,3,1,0.3333333333333333,10.51759402337909,0,10.51759402337909,10.51759402337909,2.292188546633184,0,100.0,0.4692546367835621,0,-2.998274235231118,0,10.51759402337909,1,0.19396608300780643,0
ovi-v6-screener-final,oscillators,OK,3,3,0.0,-16.600833755639268,4.422032946892018,-22.81152940415876,-12.86144512339194,-3.9278373390060906,1.8867940910700849,36.26885187543215,0.15,0,-12.86144512339194,69,-22.81152940415876,73,-14.12952673936711,58
peak-and-bottom,oscillators,OK,3,2,0.3333333333333333,-0.5608968260460752,1.1008637443412082,-1.6617605703872833,0.539966918295133,-0.18349726308345687,0.3033072714000377,50.0,0.21666666666666665,0,-1.6617605703872833,1,0,0,0.539966918295133,2
phase-regression-oscillator-luxalgo,oscillators,OK,3,3,0.0,-3.0492924027688324,1.6759906281000527,-4.60464098689791,-0.7227201267800556,-1.1377230530826368,0.31304756375194515,19.444444444444443,0.15,0,-4.60464098689791,3,-0.7227201267800556,1,-3.820516094628532,4
push-pull-oscillator,oscillators,OK,3,3,0.0,-6.136890314753298,4.115623649573119,-11.14306553020209,-1.0625784224597736,-2.012888158559104,1.7309372127168507,25.0,0.15,0,-1.0625784224597736,10,-11.14306553020209,11,-6.205026991598031,12
quantum-algo-lite,oscillators,OK,3,3,0.0,-7.684712792244124,7.691081038986694,-18.30153054563912,-0.3289942379969434,-2.426151888561771,2.8528444240713724,41.19691539046378,0.15,0,-0.3289942379969434,9,-18.30153054563912,31,-4.423613593096307,11
rci-ribbon,oscillators,OK,3,1,0.0,-10.661818260228625,0,-10.661818260228625,-10.661818260228625,-2.0591158307558666,0,25.0,0.049999999999999996,0,-10.661818260228625,8,12.16593134969764,0,0,0
rescaled-rsi-adaptiversi,oscillators,OK,3,3,0.3333333333333333,-7.468406718323074,16.190308172808017,-29.769462543417625,8.17503783158277,-1.802816112497862,3.275599905561615,18.88888888888889,0.26666666666666666,0,-0.8107954431343678,6,-29.769462543417625,2,8.17503783158277,5
rs-line-johnmuchow-modification-with-slope-color-and-pine-screen,oscillators,OK,3,2,0.3333333333333333,0.979977189934325,1.728960063649989,-0.748982873715664,2.708937253584314,0.21301782362999028,0.4616467038287629,37.5,0.3561548766591475,0,2.708937253584314,4,12.512804556558082,0,-0.748982873715664,1
rsi-60-40-bull-bear-zone-fill,oscillators,OK,3,3,0.6666666666666666,-0.4644911991595146,3.328838448670606,-5.113950997153253,2.4994888982351404,-0.5735510080366218,1.2535869337615158,39.68253968253968,0.3833333333333333,0,1.2209885014395694,7,-5.113950997153253,6,2.4994888982351404,7
rsi-background-color-indicator,oscillators,OK,3,3,1.0,6.687190306403121,1.9492295379233473,4.40374525680441,9.166318048915738,1.0049127423073327,0.18642396181898496,100.0,0.7368299610772694,0,9.166318048915738,4,4.40374525680441,1,6.491507613489215,3
rsi-bull-bear-control-zones-open-script,oscillators,OK,3,3,0.3333333333333333,-2.0103935954244956,5.243169415873977,-8.73816245633582,4.053320996531765,-0.48932978930286536,1.0019019904596653,27.086247086247088,0.26666666666666666,0,4.053320996531765,5,-8.73816245633582,13,-1.3463393264694314,11
rsi-compact-display,oscillators,OK,3,3,0.0,-2.0720822934820124,1.084074445004788,-3.0787034657805634,-0.5673419968293602,-0.9773421282247758,0.9599349310808651,0.0,0.15,0,-0.5673419968293602,2,-2.5702014178361132,2,-3.0787034657805634,2
rsi-cross-fisher-wr66,oscillators,OK,3,2,0.6666666666666666,4.971732120077883,4.948808471503071,0.022923648574811523,9.920540591580954,1.4722615894884898,1.4686461468324716,100.0,0.3581919939337227,0,-3.782318621672632,0,9.920540591580954,2,0.022923648574811523,1
rsi-display,oscillators,OK,3,2,0.3333333333333333,5.120965423235968,5.396628600143122,-0.2756631769071537,10.51759402337909,1.124410467628745,1.1677780790044392,50.0,0.24227149378284646,0,-3.505033294189401,0,10.51759402337909,1,-0.2756631769071537,1
rsi-dss-bressert-crlmx,oscillators,OK,3,2,0.0,-3.1014339902788857,0.9555894154947968,-4.057023405773682,-2.1458445747840886,-0.5879657981858761,0.20076691542241923,83.33333333333333,0.09999999999999999,0,-2.1458445747840886,3,0,0,-4.057023405773682,1
rsi-fibonacci-analysis-ualgo,oscillators,OK,3,1,0.3333333333333333,1.8259060020668838,0,1.8259060020668838,1.8259060020668838,0.34302694752945995,0,12.5,0.425796196677001,0,-1.259007632577428,0,1.8259060020668838,8,0,0
rsi-histogram,oscillators,OK,3,2,0.3333333333333333,-0.048030875189513544,1.384291840305792,-1.4323227154953055,1.3362609651162785,-0.023241064543448237,0.23261789388693946,100.0,0.21666666666666665,0,-1.4323227154953055,2,0,0,1.3362609651162785,1
rsi-mean-reversion,oscillators,OK,3,3,0.3333333333333333,-2.585352668755974,2.280320625776284,-4.900465442052431,0.5164215219720354,-0.4920100332733324,0.4200993019894969,40.15151515151515,0.26666666666666666,0,-3.372014086187526,12,0.5164215219720354,9,-4.900465442052431,11
rsi-momentum-structure,oscillators,OK,3,3,0.0,-5.608299240864052,4.3315838736404455,-11.291460424559002,-0.7867723109356156,-1.0707420509334378,0.8289210501091173,42.56427158866183,0.15,0,-4.746664987097538,37,-0.7867723109356156,10,-11.291460424559002,41
rsi-moving-average-crossovers-by-kd,oscillators,OK,3,2,0.0,-1.5650539616753014,0.007123276349964791,-1.572177238025266,-1.5579306853253365,-0.28893266438299675,0.013092739989088331,25.0,0.09999999999999999,0,-1.5579306853253365,2,5.045719218479454,0,-1.572177238025266,1
rsi-mtf,oscillators,OK,3,3,0.6666666666666666,-0.628701468827465,2.7147362611625634,-4.457534841654648,1.5300831857201556,-0.07700704550190135,0.42918907708664755,36.666666666666664,0.3833333333333333,0,-4.457534841654648,5,1.5300831857201556,4,1.0413472494520974,4
rsi-multi-stock-table-prepost-mkt-howlytr,oscillators,OK,3,2,0.3333333333333333,-1.867687737098422,4.967213611703505,-6.834901348801926,3.0995258746050824,-0.19578252588768535,0.9624526585894122,100.0,0.21666666666666665,0,3.0995258746050824,1,-6.834901348801926,1,0,0
rsi-screener,oscillators,OK,3,2,0.6666666666666666,6.6817403984597625,0.8849066094831355,5.796833788976627,7.566647007942898,1.1442337544935137,0.3478347225338906,100.0,0.5297833546921594,0,7.566647007942898,1,5.796833788976627,1,0,0
rsi-sma-cross-clr-fill-mtf,oscillators,OK,3,3,0.0,-16.0039090495653,3.8180600133195064,-19.998496244732216,-10.860375115783667,-3.4808809681707458,0.32290993721013556,22.397828863346106,0.15,0,-19.998496244732216,24,-10.860375115783667,18,-17.15285578818002,29
rsi-stochastic-momentum-indicator-crlmx,oscillators,OK,3,3,0.3333333333333333,-7.76837963319351,8.795642283454042,-15.847030232811345,4.4621933209534035,-2.1201716804989483,2.243089128660437,28.461538461538463,0.26666666666666666,0,-11.920301987722588,10,-15.847030232811345,13,4.4621933209534035,12
rsi-suite-foundation,oscillators,OK,3,3,0.3333333333333333,-1.9501725592506698,7.670780770617755,-8.502824621670078,8.813367884407212,-0.7384734412699764,2.1764667563210347,31.746031746031743,0.26666666666666666,0,-6.161060940489143,7,8.813367884407212,3,-8.502824621670078,7
rsi-trending-system,oscillators,OK,3,2,0.0,-7.9279968683392,3.597893380617308,-11.525890248956507,-4.330103487721892,-1.635290022429004,0.7241737715121301,49.53746530989824,0.09999999999999999,0,-4.330103487721892,23,5.4942510278225525,0,-11.525890248956507,47
rsi-value-only,oscillators,OK,3,2,0.3333333333333333,5.120965423235968,5.396628600143122,-0.2756631769071537,10.51759402337909,1.124410467628745,1.1677780790044392,50.0,0.24227149378284646,0,-3.505033294189401,0,10.51759402337909,1,-0.2756631769071537,1
rsi-x-price-action-aohige,oscillators,OK,3,2,0.6666666666666666,2.5827242404226345,1.0835097105227105,1.4992145298999238,3.6662339509453448,0.5231602831563538,0.17708524062158493,100.0,0.5519756443800502,0,3.6662339509453448,1,0,0,1.4992145298999238,2
s21-rsi-14-15m-only,oscillators,OK,3,2,0.3333333333333333,5.120965423235968,5.396628600143122,-0.2756631769071537,10.51759402337909,1.124410467628745,1.1677780790044392,50.0,0.24227149378284646,0,-3.505033294189401,0,10.51759402337909,1,-0.2756631769071537,1
satoshisignals-momentum-divergence-scanner,oscillators,OK,3,2,0.6666666666666666,11.160752062973305,2.399075536831268,8.761676526142036,13.559827599804573,1.4894893960545654,0.21203883993364858,75.0,0.5861273836647877,0,13.559827599804573,1,0,0,8.761676526142036,2
simple-volume-zone-oscillator-svzo-tr,oscillators,OK,3,3,0.3333333333333333,3.2619514186942156,12.474573831162093,-6.904617988567144,20.831353944497415,-0.13903766184201846,2.3783916176515643,25.0,0.28297642376013776,0,-6.904617988567144,2,20.831353944497415,2,-4.1408816998476246,4
sma-9-plus-variable,oscillators,OK,3,2,0.3333333333333333,1.5997814812737126,1.726839994184855,-0.1270585129111423,3.3266214754585675,0.27434199440481355,0.2944570979166061,40.0,0.40105129959388364,0,-0.1270585129111423,5,0,0,3.3266214754585675,5
solana-usd-swing-trending-strategy,oscillators,OK,3,3,0.3333333333333333,-1.3427133028800986,9.480969820993716,-9.877024826812542,11.880296869986617,-0.9111355096410944,2.485539666710117,24.458874458874458,0.26666666666666666,0,-9.877024826812542,11,11.880296869986617,2,-6.031411951814371,7
squeeze-momentum-by-lincoln,oscillators,OK,3,2,0.3333333333333333,-0.42008965600466763,3.8022237398937433,-4.222313395898411,3.3821340838890754,-0.03654532294827029,0.6554914885281755,0.0,0.21666666666666665,0,-4.222313395898411,3,13.992577103415549,0,3.3821340838890754,1
start-grid-alert-by-deepsage,oscillators,OK,3,3,0.3333333333333333,-0.3962601772185687,0.9201405998621665,-1.423327642668548,0.8092543365492748,-0.6988973960673158,0.8715603842300439,16.666666666666668,0.26666666666666666,0,-0.5747072255364328,1,0.8092543365492748,4,-1.423327642668548,3
stochastic-momentum-index-smi-tr,oscillators,OK,3,2,0.3333333333333333,-3.1869930655260905,4.385791677886861,-7.572784743412951,1.1987986123607697,-2.3879604672693193,2.736205876801731,43.1578947368421,0.21666666666666665,0,0,0,-7.572784743412951,19,1.1987986123607697,5
super-stochasticbeyramazan,oscillators,OK,3,3,0.3333333333333333,-3.2345206553146375,7.024442405962296,-10.107954635775531,6.413566204695438,-0.5815001591211763,1.6954173833818786,39.81481481481482,0.26666666666666666,0,-10.107954635775531,28,6.413566204695438,28,-6.009173534863818,18
super-volumesv,oscillators,OK,3,3,0.0,-17.48652897141854,5.098536942992357,-24.436812331619105,-12.349223235553566,-4.631384025787655,2.6868069121381883,37.550860719874805,0.15,0,-15.673551347082945,84,-24.436812331619105,71,-12.349223235553566,80
swing-level-z-score-oscillator,oscillators,OK,3,2,0.0,-5.893541185534479,0.8028021310629629,-6.696343316597442,-5.090739054471516,-1.2882559838424028,0.29793741831953424,32.5,0.09999999999999999,0,-6.696343316597442,4,0,0,-5.090739054471516,5
trend-indicatorbeyramazan,oscillators,OK,3,3,0.3333333333333333,-3.4013057736253245,6.604175075894138,-8.101968420000077,5.9383402987577725,-0.7480503967652847,2.2561945997533415,40.0,0.26666666666666666,0,-8.04028919963367,5,5.9383402987577725,1,-8.101968420000077,7
ttp-universal-divergence-detector,oscillators,OK,3,1,0.0,-5.565202770385207,0,-5.565202770385207,-5.565202770385207,-1.141826913984503,0,100.0,0.049999999999999996,0,-5.565202770385207,1,5.045719218479454,0,-3.603742906367508,0
typical-price-bias,oscillators,OK,3,3,0.6666666666666666,-0.5533142841458414,7.450641046007714,-10.539777399049242,7.350414453460442,-0.13161182431225704,2.2004479637765164,27.777777777777775,0.3833333333333333,0,1.5294200931512751,8,7.350414453460442,3,-10.539777399049242,8
viprasol-sniper-confluence-entryexit,oscillators,OK,3,2,0.0,-5.318322109380235,1.307886632008893,-6.626208741389128,-4.010435477371342,-1.9132984972404974,0.6470638364445832,10.0,0.09999999999999999,0,-6.626208741389128,5,0,0,-4.010435477371342,5
volume-conviction-index-v10,oscillators,OK,3,3,0.3333333333333333,-0.045882998374921304,0.8574604004260973,-1.0391782846547284,1.0531605802916602,0.13723718344297353,0.4498328496765365,47.22222222222222,0.4042084542475325,0,-0.1516312907616957,4,1.0531605802916602,6,-1.0391782846547284,6
volume-shift-money-flow-vsmf,oscillators,OK,3,3,0.3333333333333333,-0.7351717881275402,6.43575620421448,-7.381629953464479,7.972932620158709,-0.4580570149895313,1.9599881427606523,43.888888888888886,0.26666666666666666,0,-7.381629953464479,6,7.972932620158709,4,-2.796818031076851,5
vvei-regression-residuals,oscillators,OK,3,3,0.6666666666666666,-1.4825820765300792,4.302342631172551,-7.400647848817201,2.700216028178649,-0.09611399190032376,1.7703642541406934,66.66666666666667,0.3833333333333333,0,-7.400647848817201,1,2.700216028178649,1,0.2526855910483137,1
xagusdt-smackdown-detector,oscillators,OK,3,1,0.3333333333333333,0.05798451591233606,0,0.05798451591233606,0.05798451591233606,0.0826850736132591,0,50.0,0.4169565892462283,0,0,0,0.05798451591233606,2,0,0
zion-trend-strike-wjdtks255,oscillators,OK,3,3,0.3333333333333333,-0.5518183784599389,8.993963099287361,-8.929891302719291,11.925340844817663,-0.5225056230133681,2.385774193887789,0.0,0.26666666666666666,0,-4.650904677478189,4,11.925340844817663,1,-8.929891302719291,6
assistant,popular,OK,3,3,0.6666666666666666,1.5332134399752928,5.895219284844613,-6.668173835695882,6.93134713054933,0.22771282846791405,1.2305302644266074,49.11036789297659,0.3909994005332098,0,4.33646702507243,25,6.93134713054933,23,-6.668173835695882,26
dynamic-extreme-channels-reversals-luxalgo,popular,OK,3,2,0.0,-5.203217146208866,0.4232395944800884,-5.626456740688955,-4.779977551728778,-1.3661487829652894,0.03937969496201987,7.142857142857142,0.09999999999999999,0,-5.626456740688955,5,19.31682222998611,0,-4.779977551728778,7
internal-vs-external-liquidity-zones-alpha-extract,popular,OK,3,3,0.3333333333333333,-0.5174571343296558,2.329538826660202,-3.380056435022358,2.3260289945425754,-0.23502062949649674,0.8615461681742025,54.76190476190476,0.26666666666666666,0,-0.49834396250918506,4,2.3260289945425754,7,-3.380056435022358,7
lfwd-watermark-checklist,popular,OK,3,2,0.0,-2.6389080988960854,2.1346010729438496,-4.773509171839935,-0.5043070259522356,-0.735744897076849,0.584672876121642,33.33333333333333,0.09999999999999999,0,-4.773509171839935,2,0,0,-0.5043070259522356,3
swing-highlow-wick-zones-support-resistance-indicator,popular,OK,3,3,1.0,13.415339086374757,1.0738408928029588,12.21173727596116,14.819142738497437,3.4080672915796626,0.723244067436997,94.44444444444446,0.6362656785726245,0,14.819142738497437,6,13.215137244665677,4,12.21173727596116,7
3-level-zig-zag,trend_analysis,OK,3,3,0.6666666666666666,-4.355028681204552,8.133595246500102,-15.794690794610636,2.405790127184213,-1.1687264801204442,1.9310553693066406,38.97435897435897,0.3833333333333333,0,2.405790127184213,13,-15.794690794610636,13,0.3238146238127665,15
a-l-p-h-a-x-fair-value-gap-fvg-tracker,trend_analysis,OK,3,3,0.6666666666666666,7.173483972287393,5.446868295970302,-0.10303073217518978,13.000762034168206,1.2165689912590234,1.0493888622474201,66.66666666666667,0.41920075319477024,0,8.622720614869161,2,13.000762034168206,1,-0.10303073217518978,1
aa-smart-structure-engine,trend_analysis,OK,3,1,0.3333333333333333,3.608188368629519,0,3.608188368629519,3.608188368629519,0.5904986024185769,0,50.0,0.4347076085098142,0,3.608188368629519,2,3.962986050821186,0,-3.045839518263252,0
adaptive-supertrend-excavo,trend_analysis,OK,3,3,0.3333333333333333,-5.0260571841330774,6.057939019441497,-11.907642121453318,2.8340994138722455,-0.8031187401760963,1.4715563078388831,5.5555555555555545,0.26666666666666666,0,-6.004628844818159,6,2.8340994138722455,1,-11.907642121453318,6
adaptive-supertrend-mab,trend_analysis,OK,3,2,0.0,-3.7851168716930985,2.0488957201688027,-5.834012591861901,-1.7362211515242962,-1.0017448977283885,0.5548940730542518,0.0,0.09999999999999999,0,-5.834012591861901,3,5.045719218479454,0,-1.7362211515242962,1
adaptive-trend-sabre-boswaves,trend_analysis,OK,3,2,0.0,-3.2893879434394773,0.8741423410538849,-4.163530284493362,-2.415245602385592,-1.8473896525403664,0.15148145918442568,0.0,0.09999999999999999,0,-4.163530284493362,1,7.3947984873392265,0,-2.415245602385592,1
ag-pro-auto-trendlines-mtf-breakretest-community-os,trend_analysis,OK,3,3,0.6666666666666666,-0.9541618996974673,5.246496328179143,-8.19696427803197,4.061852448625359,-1.0076779942180878,2.019402705974513,34.79102167182663,0.3833333333333333,0,4.061852448625359,19,-8.19696427803197,17,1.2726261303142092,16
ag-pro-swap-engine-pair-rotation-z-score,trend_analysis,OK,3,1,0.0,-7.594802731638526,0,-7.594802731638526,-7.594802731638526,-2.7705585625764604,0,28.57142857142857,0.049999999999999996,0,0,0,-7.594802731638526,7,0,0
ag-pro-trend-quality,trend_analysis,OK,3,3,0.6666666666666666,0.6413854775529763,1.9090276186136783,-1.731729440917974,2.9427630392007997,0.2844061351567714,0.672288147251124,53.333333333333336,0.4684682239083172,0,2.9427630392007997,1,0.7131228343761031,5,-1.731729440917974,1
algov2,trend_analysis,OK,3,3,0.3333333333333333,-8.93751184963012,6.480792114771815,-15.151103113149583,0.004047047230327735,-1.9388161895087925,1.492371897550462,41.26984126984127,0.26666666666666666,0,-11.665479482971103,36,0.004047047230327735,56,-15.151103113149583,40
amt-institutional-model-v2,trend_analysis,OK,3,1,0.0,-0.3642108407570922,0,-0.3642108407570922,-0.3642108407570922,-0.25843513041708904,0,0.0,0.049999999999999996,0,-0.3642108407570922,1,0,0,0,0
aura-trend-candlestick-matrix-pineify,trend_analysis,OK,3,1,0.0,-2.6177572265565687,0,-2.6177572265565687,-2.6177572265565687,-0.4329063146742726,0,25.0,0.049999999999999996,0,-2.6177572265565687,4,10.108844603447055,0,-3.928759000168589,0
averaged-heikin-ashi,trend_analysis,OK,3,2,0.0,-4.72932096794802,1.759727067339918,-6.489048035287938,-2.9695939006081025,-1.1323531272156868,0.3264181957329711,0.0,0.09999999999999999,0,-6.489048035287938,1,8.454154175152565,0,-2.9695939006081025,1
bfm-multi-algorithm-pivot-points,trend_analysis,OK,3,3,0.0,-18.894128515232314,9.711653002858359,-32.532159912351226,-10.668919095917852,-4.422263817306311,3.287209130789314,38.138973233522734,0.15,0,-10.668919095917852,62,-32.532159912351226,58,-13.481306537427868,74
biais-daily-crt,trend_analysis,OK,3,3,0.0,-11.917282854169995,6.361439813665116,-20.547609039495466,-5.402124942083901,-1.6800379894942807,0.6786198071076712,43.487799223323485,0.15,0,-5.402124942083901,71,-20.547609039495466,81,-9.802114580930619,80
bk-ak-ha-window,trend_analysis,OK,3,2,0.6666666666666666,7.016478329718338,5.944772212067291,1.071706117651047,12.96125054178563,1.4354178772670436,1.2155667026058299,100.0,0.368415724981925,0,1.071706117651047,1,12.96125054178563,1,0.5903795330200228,0
blackcat-l2-ttm-squeeze-security-risk,trend_analysis,OK,3,3,0.3333333333333333,2.1444614396769315,7.810526331626967,-5.0369511585964934,13.00338397015797,0.46678867735756135,1.5498167262549103,72.22222222222221,0.27738897386505135,0,-1.533048492530681,3,13.00338397015797,4,-5.0369511585964934,6
bos-choch-mtf-1m-5m,trend_analysis,OK,3,3,0.0,-2.501182070132772,1.7412888848235373,-4.139333293779812,-0.08978868318935565,-1.3269236927876245,1.0045930541276828,0.0,0.15,0,-0.08978868318935565,1,-3.2744242334291482,1,-4.139333293779812,2
btc-intraday-advanced-spot-pro-v6,trend_analysis,OK,3,2,0.3333333333333333,-0.9429803830644669,0.9529459236137627,-1.8959263066782295,0.009965540549295838,-0.7279162803918523,0.736079768615521,50.0,0.21666666666666665,0,0.009965540549295838,1,0,0,-1.8959263066782295,1
carry-monitor,trend_analysis,OK,3,1,0.0,-5.66645756709743,0,-5.66645756709743,-5.66645756709743,-1.8237094834150511,0,0.0,0.049999999999999996,0,-5.66645756709743,1,0,0,0,0
cbc-flip-with-targets-and-filters-luxalgo,trend_analysis,OK,3,3,0.3333333333333333,-4.1738957070352285,4.461457412639599,-8.467308050073626,1.9767911346020701,-1.4518159331479097,1.455157615274135,33.78787878787879,0.26666666666666666,0,1.9767911346020701,20,-6.0311702056341305,20,-8.467308050073626,22
ce-1m-3m-buy-sell-hold,trend_analysis,OK,3,3,0.3333333333333333,-1.955858020316058,12.59581078634032,-17.28016571114326,13.571146071324197,-0.5700102096663063,2.0722765722392924,31.060606060606062,0.26666666666666666,0,-17.28016571114326,11,13.571146071324197,4,-2.1585544211291126,8
ceo-indicator,trend_analysis,OK,3,3,0.0,-7.757043445043159,3.381544785943819,-12.317027883638817,-4.229183384650038,-2.520379529663049,2.1742236716345418,31.780510018214937,0.15,0,-4.229183384650038,61,-12.317027883638817,40,-6.724919066840624,57
clean-institutional-levels,trend_analysis,OK,3,2,0.3333333333333333,-2.531545059175238,2.8068992364998775,-5.3384442956751155,0.27535417732463974,-0.6255868344247404,0.6878432098785998,50.0,0.21666666666666665,0,-5.3384442956751155,2,0,0,0.27535417732463974,1
codapro-manta-cross-relative-strength-confirmed,trend_analysis,OK,3,3,0.0,-8.844857564883627,1.4068015329461443,-10.783659092770568,-7.488904985206639,-3.8324644465845137,0.7495021918129054,8.928571428571429,0.15,0,-10.783659092770568,6,-8.262008616673674,7,-7.488904985206639,8
colidation-breakout-structureha-cbs,trend_analysis,OK,3,2,0.6666666666666666,0.4289957952830373,0.10400177422734119,0.3249940210556961,0.5329975695103785,0.17013527232228948,0.02330891282906597,100.0,0.579651084102482,0,0.5329975695103785,1,14.190559024406452,0,0.3249940210556961,1
crt-marker-candle-range-theory-detection,trend_analysis,OK,3,3,0.3333333333333333,-8.378065917791977,12.79107530376995,-26.158818930845822,3.3934610285163798,-1.170489454119146,1.770808789232264,44.01709401709402,0.26666666666666666,0,3.3934610285163798,39,-26.158818930845822,45,-2.36883985104649,52
daily-bias-notification-system-fish-x-ttrades-ict-concepts,trend_analysis,OK,3,3,0.0,-17.651834565520023,9.175833844883915,-30.594765185963013,-10.371480919880632,-3.987010564275632,2.9241479628927105,37.71907468290984,0.15,0,-10.371480919880632,58,-30.594765185963013,41,-11.989257590716427,66
daily-mgi-onlyflow,trend_analysis,OK,3,3,0.0,-16.741796821221666,8.331462009311455,-28.524099747913002,-10.796866861609873,-4.163265926715374,3.2747379451368013,37.346293133301636,0.15,0,-10.904423854142122,57,-28.524099747913002,49,-10.796866861609873,61
daily-volume-profile-pro-willyalgotrader,trend_analysis,OK,3,1,0.0,-5.66645756709743,0,-5.66645756709743,-5.66645756709743,-1.8237094834150511,0,0.0,0.049999999999999996,0,-5.66645756709743,1,0,0,0,0
decycler-momentum-regime-filter-charonquant,trend_analysis,OK,3,2,0.6666666666666666,4.009072908340386,0.182743854299668,3.8263290540407175,4.1918167626400535,0.6352683969371233,0.007236563411870012,100.0,0.6015695570220677,0,4.1918167626400535,1,18.52013024796605,0,3.8263290540407175,1
delta-ladder-order-flow-ualgo,trend_analysis,OK,3,3,0.0,-7.8574642498318035,3.951663343644223,-13.433770692752296,-4.749827674760265,-1.5788161736616433,0.7327947216171758,32.20828355236957,0.15,0,-4.749827674760265,24,-13.433770692752296,31,-5.3887943819828505,27
demand-and-supply-indicator-with-fvg-trend-by-zeeshan,trend_analysis,OK,3,3,0.3333333333333333,-4.181142945345201,7.293303827430992,-12.296636865205743,5.389542424032363,-1.4144667268517248,2.0029281156596532,41.18107769423559,0.26666666666666666,0,-12.296636865205743,19,5.389542424032363,16,-5.636334394862221,14
dkj-hl-levels,trend_analysis,OK,3,3,0.3333333333333333,-2.0854991216449714,11.122743149832885,-15.689365960159543,11.5556029638834,-1.0502753756289485,1.9597006018714211,44.23158790974882,0.26666666666666666,0,-2.12273436865877,27,11.5556029638834,29,-15.689365960159543,27
donchian-channels-trend,trend_analysis,OK,3,2,0.0,-4.300374226898347,2.2491763284482,-6.549550555346547,-2.0511978984501473,-0.9185046991599333,0.4937758982018749,52.5,0.09999999999999999,0,-6.549550555346547,20,10.108844603447055,0,-2.0511978984501473,22
dual-supertrend-ab-tracked-ref-cross,trend_analysis,OK,3,1,0.0,-7.732491386807247,0,-7.732491386807247,-7.732491386807247,-1.356468793898017,0,50.0,0.049999999999999996,0,-7.732491386807247,2,7.3947984873392265,0,0,0
dynamic-delta-fvg-luxalgo,trend_analysis,OK,3,3,0.3333333333333333,1.9784982406515192,9.896138815763699,-7.2732611573218895,15.698554989971337,-0.029598991435975996,1.953804090300506,40.0,0.27655915786992424,0,-7.2732611573218895,5,15.698554989971337,1,-2.4897991106948902,3
ebp-fib,trend_analysis,OK,3,3,0.3333333333333333,0.7134473724491593,8.852285455493908,-5.9545645606995095,13.223381048136273,0.021854817306075525,1.856958789045838,36.11111111111111,0.2702339035289124,0,-5.128474370089286,3,13.223381048136273,4,-5.9545645606995095,3
failed-2-evaluator-v22-failed-2-evaluator-continuation-engine,trend_analysis,OK,3,2,0.3333333333333333,2.4098412562564406,10.027741912008853,-7.617900655752412,12.437583168265293,-0.17453848023863205,2.297857570305409,63.888888888888886,0.22871587294794887,0,12.437583168265293,1,-7.617900655752412,18,-3.943343376427016,0
fatih-pivot-box-v2-stable,trend_analysis,OK,3,2,0.0,-3.3894380235998103,1.773336212959548,-5.1627742365593585,-1.6161018106402625,-0.9918993756472777,0.46888368746368825,25.0,0.09999999999999999,0,-5.1627742365593585,3,0,0,-1.6161018106402625,2
fibonacci-order-blocks-yigdeli,trend_analysis,OK,3,2,0.3333333333333333,-0.2513030626377876,0.637774050419408,-0.8890771130571956,0.38647098778162037,-0.03399594190469086,0.11355617533097914,100.0,0.21666666666666665,0,-0.8890771130571956,3,-12.328242154913838,0,0.38647098778162037,2
flag-breakout-forecasts-algoalpha,trend_analysis,OK,3,1,0.0,-6.5598881160963645,0,-6.5598881160963645,-6.5598881160963645,-2.0519303413601535,0,0.0,0.049999999999999996,0,-6.5598881160963645,1,0,0,0,0
fractal-support-and-resistance-zones-engine,trend_analysis,OK,3,3,0.3333333333333333,1.3543904359668282,7.0773978078805,-4.575467930646206,11.302293513712561,0.2181454478788921,1.3495153762979577,33.333333333333336,0.2734386188465008,0,-4.575467930646206,2,11.302293513712561,4,-2.6636542751658707,1
fvg-imbalance-map-flowforge,trend_analysis,OK,3,3,0.0,-8.745774998040977,5.304020991118223,-15.834466413575734,-3.0773298286600475,-2.0655688122904476,1.7848912747919892,31.712962962962962,0.15,0,-7.3255287518871475,32,-15.834466413575734,10,-3.0773298286600475,18
fvg-mapper-filter,trend_analysis,OK,3,1,0.0,-5.6444954200521025,0,-5.6444954200521025,-5.6444954200521025,-1.0253669120401945,0,0.0,0.049999999999999996,0,-5.6444954200521025,1,13.210854379682335,0,0,0
gann-n-bar-swing-chart,trend_analysis,OK,3,3,0.3333333333333333,-3.4316447110949575,7.849538166048967,-11.826050434194215,7.056292491323621,-1.1333331489791922,2.0534407148811598,40.614035087719294,0.26666666666666666,0,-5.525176190414277,19,7.056292491323621,14,-11.826050434194215,20
global-session-tracker,trend_analysis,OK,3,1,0.0,-0.08442551562371955,0,-0.08442551562371955,-0.08442551562371955,-0.04778751069588337,0,0.0,0.049999999999999996,0,-4.892158346389667,0,22.7553811646939,0,-0.08442551562371955,1
gold-priceaction-v1,trend_analysis,OK,3,3,0.3333333333333333,-2.0299876306356697,7.528099682396667,-7.424441152217362,8.616033418899374,-0.8449392990562711,2.3132809388785267,27.777777777777775,0.26666666666666666,0,-7.28155515858902,6,8.616033418899374,2,-7.424441152217362,6
grid-system-gann-diamond,trend_analysis,OK,3,3,0.3333333333333333,-2.601640495700936,5.429223185895834,-8.556902897231877,4.573112802417352,-0.629511113226423,1.851034552454997,11.428571428571429,0.26666666666666666,0,-3.8211313922882835,5,4.573112802417352,1,-8.556902897231877,7
gs-fibonacci-retracement-dynamic-anchor-buysell,trend_analysis,OK,3,1,0.3333333333333333,0.17339369163718948,0,0.17339369163718948,0.17339369163718948,0.05018693782386136,0,0.0,0.4175336351248526,0,0,0,0,0,0.17339369163718948,1
harmonic-resonance-detector-joat,trend_analysis,OK,3,1,0.0,-0.6329489643585549,0,-0.6329489643585549,-0.6329489643585549,-0.3233783252762851,0,0.0,0.049999999999999996,0,-2.578853188872526,0,0,0,-0.6329489643585549,1
hosoda-wave-targets-ualgo,trend_analysis,OK,3,1,0.3333333333333333,0.18132811389132986,0,0.18132811389132986,0.18132811389132986,0.03735495516137992,0,57.692307692307686,0.4175733072361233,0,0.18132811389132986,26,0,0,0,0
hour-pivots,trend_analysis,OK,3,3,0.0,-14.73207584881846,5.6818655046148345,-22.651707447937284,-9.595412599724078,-3.9386244869002933,2.911060200040301,26.152012484779885,0.15,0,-11.949107498794023,62,-22.651707447937284,66,-9.595412599724078,57
htf-candle-hour,trend_analysis,OK,3,1,0.0,-2.268991700484621,0,-2.268991700484621,-2.268991700484621,-1.0029692339038778,0,0.0,0.049999999999999996,0,-2.268991700484621,1,5.4942510278225525,0,0,0
htf-candle-profile-ualgo,trend_analysis,OK,3,3,0.3333333333333333,-0.37355540179218316,10.43455474481764,-10.41862353670504,14.010728166030791,-0.7428170319863151,2.4327249106871687,30.740740740740744,0.26666666666666666,0,-4.7127708347023,5,14.010728166030791,4,-10.41862353670504,9
htf-volume-spike-imbalance-projection-luxalgo,trend_analysis,OK,3,3,0.3333333333333333,-3.7068791831828958,3.6475495848084547,-7.71714148425129,1.1081050183001788,-0.9846375328881161,1.1055735057107339,45.72649572649573,0.26666666666666666,0,-4.511601083597576,14,1.1081050183001788,13,-7.71714148425129,15
ict-mtf-poi-cisd-liquidity-trade-manager,trend_analysis,OK,3,3,0.0,-5.267846975260802,3.3130866029029953,-9.880724512529051,-2.2501875115344445,-1.804814138399838,1.8409115749443745,24.444444444444443,0.15,0,-2.2501875115344445,5,-9.880724512529051,8,-3.672628901718912,3
impulse-trend-tracker,trend_analysis,OK,3,3,0.0,-10.657725853763493,10.171409132891952,-24.906456891375928,-1.8255566324341488,-2.316408680375446,2.4771704799997,39.63779956427015,0.15,0,-1.8255566324341488,16,-24.906456891375928,9,-5.241164037480398,17
inside-candle-positional-strategy,trend_analysis,OK,3,3,0.0,-6.580150614481744,5.370941393964007,-13.644978462550963,-0.6318159976359458,-1.9586416797543444,1.5638546202906403,25.396825396825392,0.15,0,-13.644978462550963,7,-5.463657383258323,6,-0.6318159976359458,7
internal-vs-external-liquidity-zones-alpha-extract,trend_analysis,OK,3,2,0.0,-1.0719015477189389,0.8404299250244659,-1.9123314727434046,-0.2314716226944729,-0.25160174895946563,0.1936899527360163,25.0,0.09999999999999999,0,-1.9123314727434046,2,0,0,-0.2314716226944729,2
inverse-golden-pocket-mtf-zones,trend_analysis,OK,3,2,0.0,-5.306387114380865,0.7987797647980477,-6.105166879178912,-4.507607349582817,-1.2671357625354887,0.13445602436406967,0.0,0.09999999999999999,0,-6.105166879178912,3,12.155963271939516,0,-4.507607349582817,2
inversion-fair-value-gaps-ifvg-chartprime,trend_analysis,OK,3,3,0.3333333333333333,-2.9654696354439856,2.903312641979857,-6.212415444281782,0.8344323699274536,-0.5261934688932569,0.4917113087460064,55.55555555555555,0.26666666666666666,0,0.8344323699274536,3,-6.212415444281782,1,-3.518425831977627,3
kama-sd-bands-rakoquant,trend_analysis,OK,3,2,0.0,-2.5896567513123516,0.8795701368361261,-3.469226888148478,-1.7100866144762257,-0.5668876536313098,0.21575104736980988,0.0,0.09999999999999999,0,-3.469226888148478,1,12.485880933617299,0,-1.7100866144762257,1
key-pivot-collector-dataset-oriented,trend_analysis,OK,3,3,1.0,4.516608724631369,4.7459445732408625,0.5561157572190423,11.189600293010225,1.2426080711192853,1.2795104677871385,83.33333333333333,0.5225830436231568,0,0.5561157572190423,2,11.189600293010225,2,1.8041101236648391,1
kty-auto-support-resistance,trend_analysis,OK,3,3,0.3333333333333333,-4.495770389875892,8.096531497638793,-15.493625135118446,3.7628900659066855,-1.9564206054688624,2.9555157835958186,26.31129152868283,0.26666666666666666,0,3.7628900659066855,22,-15.493625135118446,37,-1.7565761004159142,23
linear-regression-projection-channel-congtrader,trend_analysis,OK,3,1,0.3333333333333333,6.910904342823589,0,6.910904342823589,6.910904342823589,0.9168244388230617,0,83.33333333333334,0.45122118838078457,0,6.910904342823589,6,7.025632848112218,0,-0.283622598069167,0
liquidities-pivot-levels,trend_analysis,OK,3,3,1.0,8.86731581346841,7.116294780433697,3.698801094089606,18.9300301530244,1.8650611194587252,1.2802750281567739,80.0925925925926,0.544336579067342,0,3.9731161932912222,8,18.9300301530244,11,3.698801094089606,9
liquidity-precision-overlay,trend_analysis,OK,3,3,0.3333333333333333,-0.7745133272018135,5.850156663305191,-4.939059963637293,7.498794877247521,0.2108622942419791,2.021540948691144,34.285714285714285,0.26666666666666666,0,-4.939059963637293,7,7.498794877247521,5,-4.883274895215669,2
liquidity-structure-mapper-joat,trend_analysis,OK,3,2,0.6666666666666666,1.5370157447279125,0.09712321057054962,1.439892534157363,1.6341389552984622,0.2677197221643309,0.01847226952462916,61.11111111111111,0.5864003446758156,0,1.6341389552984622,9,12.12937217256162,0,1.439892534157363,6
liquidity-trail-signals-boswaves,trend_analysis,OK,3,2,0.3333333333333333,-0.7430781724516347,1.1516535823766536,-1.8947317548282883,0.40857540992501895,-0.18863754409325278,0.26004526685196583,0.0,0.21666666666666665,0,0.40857540992501895,2,0,0,-1.8947317548282883,2
lumina-trend-channels-pineify,trend_analysis,OK,3,1,0.0,-8.463097887123775,0,-8.463097887123775,-8.463097887123775,-1.7555698797022223,0,0.0,0.049999999999999996,0,-8.463097887123775,1,5.972497891560895,0,3.435779708898903,0
machine-learning-psar-boswaves,trend_analysis,OK,3,2,0.0,-5.9456834362216835,0.25556596903473094,-6.201249405256414,-5.690117467186952,-1.4038521747569472,0.10270448377456998,0.0,0.09999999999999999,0,-6.201249405256414,2,21.773254808580912,0,-5.690117467186952,2
market-regime-detector,trend_analysis,OK,3,3,1.0,1.5532766997379222,1.3452776675931124,0.13609624368001821,3.3611201609269044,1.306544905119985,0.8308279375518709,91.66666666666667,0.5500593991107219,0,3.3611201609269044,5,1.1626136946068435,1,0.13609624368001821,4
market-structure-zone-goldplusinfinity,trend_analysis,OK,3,3,1.0,4.1193774707907584,2.9605306265948337,0.3707275342062203,7.608580182510545,1.2211419271849346,0.9382151486561591,64.54545454545455,0.5360431001899141,0,0.3707275342062203,12,7.608580182510545,10,4.378824695655509,11
matrix-supply-demand-zones-matrix-trading-lab,trend_analysis,OK,3,2,0.3333333333333333,0.03790744979631566,1.4951646032566641,-1.4572571534603485,1.5330720530529798,0.04453174909500518,0.42382105052300995,68.125,0.3609009412848957,0,-1.4572571534603485,16,0,0,1.5330720530529798,5
mesa-adaptive-cycle-engine-markittick,trend_analysis,OK,3,3,0.3333333333333333,-1.9732619234385058,9.39471405679398,-8.93227890989311,11.307779115776736,-0.9751642385006591,2.1640397666970186,34.72222222222222,0.26666666666666666,0,-8.93227890989311,8,11.307779115776736,6,-8.295285976199143,8
monotonicity-index-luxalgo,trend_analysis,OK,3,3,0.3333333333333333,0.3489376727663183,4.11915159680139,-3.8635495986398745,5.9397656534563135,0.1188096955610195,0.9458190574821376,46.666666666666664,0.28195659065996387,0,-3.8635495986398745,5,5.9397656534563135,3,-1.029403036517484,5
mtf-fractal-model,trend_analysis,OK,3,3,0.0,-19.834715170782687,13.225498594752015,-38.53491899523556,-10.17235965550263,-3.490557878801003,2.4308387823696833,39.299552906110286,0.15,0,-10.17235965550263,56,-38.53491899523556,55,-10.796866861609873,61
multi-coin-rsi-alert-system,trend_analysis,OK,3,1,0.3333333333333333,10.873990226886221,0,10.873990226886221,10.873990226886221,2.3755277276184024,0,100.0,0.47103661780109773,0,-2.752219546985478,0,10.873990226886221,1,2.3524677934570355,0
multi-timeframe-volume-profile-tool-by-onlywicks,trend_analysis,OK,3,2,0.3333333333333333,-1.7067123548258096,1.7217234939604096,-3.428435848786219,0.015011139134599944,-0.28577176650484754,0.2879480240261359,43.26788218793829,0.21666666666666665,0,0.015011139134599944,31,20.36381383404546,0,-3.428435848786219,23
natural-visibility-graph-ualgo,trend_analysis,OK,3,3,0.6666666666666666,-4.912885912288752,12.09587511235577,-21.89409172501392,5.364971581412581,-1.3973225891007341,2.754297106531802,29.523809523809522,0.3833333333333333,0,1.7904624067350814,7,-21.89409172501392,15,5.364971581412581,5
navi-by-ravi-devraj-saxena-gold-rr-13,trend_analysis,OK,3,3,0.0,-3.5015534176143164,1.487742936252599,-4.751354533466816,-1.4108539496514132,-1.4471282958653717,0.263219192696538,22.222222222222218,0.15,0,-4.751354533466816,6,-1.4108539496514132,3,-4.342451769724722,8
neural-ribbon,trend_analysis,OK,3,3,0.6666666666666666,-4.311085596090167,9.263341166744732,-17.34860650985359,3.317413872743244,-1.291212709347585,2.4035387485177826,43.162393162393165,0.3833333333333333,0,3.317413872743244,12,1.097935848839843,13,-17.34860650985359,20
nexus-structure-detector-joat,trend_analysis,OK,3,1,0.0,-4.051049924413281,0,-4.051049924413281,-4.051049924413281,-0.9851166972517306,0,0.0,0.049999999999999996,0,-4.051049924413281,1,0,0,-3.570222044341499,0
nifty-market-pressure-dashboard-pro,trend_analysis,OK,3,3,0.0,-14.87024671710087,4.380279184426803,-21.061919082777166,-11.608086791596534,-3.3704962045931794,1.7422231956166898,36.50844180343331,0.15,0,-11.94073427692891,57,-21.061919082777166,16,-11.608086791596534,62
parkinson-supertrend-charonquant,trend_analysis,OK,3,2,0.0,-3.658303805069969,2.105114918173858,-5.763418723243827,-1.5531888868961106,-0.6257613238193868,0.3613325763775863,16.666666666666664,0.09999999999999999,0,-5.763418723243827,5,22.587853386206117,0,-1.5531888868961106,3
phase-shift-mtf-ps-mtf-optimized-v2,trend_analysis,OK,3,2,0.0,-5.07881060831625,0.15094727014567644,-5.229757878461926,-4.927863338170573,-1.667462508599467,0.1979462560219184,10.0,0.09999999999999999,0,-4.927863338170573,3,14.648051081556885,0,-5.229757878461926,5
premium-discount-zones-tradewsamet,trend_analysis,OK,3,2,0.3333333333333333,1.7679768153881668,3.1075042081527426,-1.3395273927645759,4.875481023540909,0.3508658530353225,0.6585776056838231,100.0,0.3108621493226517,0,4.875481023540909,2,-12.071032093259142,0,-1.3395273927645759,1
pressure-zone-analyzer-joat,trend_analysis,OK,3,3,0.6666666666666666,-3.264274116111555,6.563927918631157,-12.501158822628378,2.152726481963764,-1.6780337157046663,2.7878833368330525,37.885873219634455,0.3833333333333333,0,0.555609992329948,28,-12.501158822628378,41,2.152726481963764,19
price-accumulation-profile-ss,trend_analysis,OK,3,3,0.0,-8.96402684360813,5.137139195666123,-15.616747046766308,-3.1095678323061584,-2.7119142060881405,2.4333881575990457,35.832930172552814,0.15,0,-3.1095678323061584,42,-15.616747046766308,39,-8.16576565175192,53
price-displacement-model,trend_analysis,OK,3,3,0.0,-15.164162872353648,14.683378914568731,-35.920582510353114,-4.256134799935797,-2.519439359963171,2.5036076709658373,33.86243386243386,0.15,0,-5.3157713067720325,30,-35.920582510353114,35,-4.256134799935797,27
price-memory-heatmap-bullbyte,trend_analysis,OK,3,2,0.3333333333333333,0.6864760715823213,0.9065670311791765,-0.2200909595968551,1.5930431027614977,1.02036429377101,1.3107310615445602,62.5,0.22009904702457825,0,-0.2200909595968551,4,0,0,1.5930431027614977,5
protected-swings-luxalgo,trend_analysis,OK,3,3,0.3333333333333333,-0.07836899398636366,7.830398864264155,-6.304729780083071,10.965577004047548,0.20966853516140835,1.7909611953386901,78.33333333333333,0.26666666666666666,0,-6.304729780083071,4,10.965577004047548,4,-4.895954205923568,5
pure-price-action-structures-jjart,trend_analysis,OK,3,3,0.3333333333333333,4.038854589853233,12.032435920660207,-5.25473806627834,21.030330862478703,0.5375109259674433,1.8287104169881687,100.0,0.28686093961593284,0,-5.25473806627834,2,21.030330862478703,3,-3.6590290266406664,1
range-finder-profile-ualgo,trend_analysis,OK,3,2,0.6666666666666666,4.33888976409228,3.585264931058249,0.7536248330340313,7.92415469515053,0.8574472656788195,0.7069193231354043,100.0,0.4282979513699436,0,7.92415469515053,1,0,0,0.7536248330340313,1
renko-flip-alert-traditional-only,trend_analysis,OK,3,3,0.0,-15.164162872353648,14.683378914568731,-35.920582510353114,-4.256134799935797,-2.519439359963171,2.5036076709658373,33.86243386243386,0.15,0,-5.3157713067720325,30,-35.920582510353114,35,-4.256134799935797,27
renko-moving-average,trend_analysis,OK,3,2,0.0,-5.658125973842129,1.9290605362665738,-7.587186510108703,-3.729065437575555,-0.9891145480785883,0.40432079450544717,46.23243933588761,0.09999999999999999,0,-3.729065437575555,29,5.045719218479454,0,-7.587186510108703,27
renko-structure-trend,trend_analysis,OK,3,3,0.0,-9.153525919548441,5.0337562781036045,-14.193076645253534,-2.279413665353524,-1.3016491488504245,0.8488889186105932,40.38009049773756,0.15,0,-2.279413665353524,13,-10.988087448038263,17,-14.193076645253534,25
reversal-entry-zones,trend_analysis,OK,3,1,0.0,-2.1472743001225756,0,-2.1472743001225756,-2.1472743001225756,-0.44529920558223096,0,66.66666666666666,0.049999999999999996,0,-2.1472743001225756,3,0,0,0,0
rolling-trendline-luxalgo,trend_analysis,OK,3,3,0.0,-18.29809922976064,8.648965793860183,-30.213289170648583,-9.947159223709095,-3.1723047856319373,1.4071629520073234,29.78204722749315,0.15,0,-14.733849294924251,80,-30.213289170648583,102,-9.947159223709095,62
rsi-range-shift,trend_analysis,OK,3,3,0.3333333333333333,-4.6934187362131246,5.3485476596205235,-11.964224818078437,0.748078790282525,-1.3483512712182613,1.6555192333261533,36.507936507936506,0.26666666666666666,0,0.748078790282525,7,-11.964224818078437,3,-2.8641101808434613,7
session-fvg-untapped,trend_analysis,OK,3,3,0.3333333333333333,-4.771852597421767,4.17057371509383,-10.06841744914856,0.12372336693110993,-0.8832016703533924,0.8471538079119878,35.648148148148145,0.26666666666666666,0,-4.370863710047852,24,-10.06841744914856,6,0.12372336693110993,18
signal-goat-hh-hl-lh-ll-extension-lines,trend_analysis,OK,3,2,0.6666666666666666,0.47574499614266097,0.21294568005586914,0.2627993160867918,0.6886906761985301,0.0854165519574857,0.04537021208339033,54.42307692307693,0.5743695052931991,0,0.2627993160867918,39,10.759982548930784,0,0.6886906761985301,40
simple-profit-monk-trading,trend_analysis,OK,3,1,0.0,-1.842310677652116,0,-1.842310677652116,-1.842310677652116,-0.7910627398045079,0,0.0,0.049999999999999996,0,-1.842310677652116,1,0,0,0,0
smart-money-auto-order-blocks-identityka,trend_analysis,OK,3,3,1.0,14.13707908469405,10.434124267136376,3.3850789216505652,28.265352768172086,2.080995672446546,1.3516849862817704,77.09401709401709,0.5706853954234702,0,10.760805564259499,3,3.3850789216505652,5,28.265352768172086,13
smart-money-concept-ultimate,trend_analysis,OK,3,3,0.3333333333333333,0.41470577241117973,8.140502462236597,-6.2032920710202015,11.881722156401228,-0.32952112751038415,1.6107675878772214,46.03174603174603,0.2687401955287225,0,-4.434312768147487,8,11.881722156401228,7,-6.2032920710202015,6
smart-money-engine-willyalgotrader,trend_analysis,OK,3,2,0.0,-6.232270655842106,0.1691934260837007,-6.401464081925806,-6.063077229758405,-1.3308683182420684,0.08556766674080551,0.0,0.09999999999999999,0,-6.401464081925806,1,13.520426235715435,0,-6.063077229758405,1
smart-reversal-entry,trend_analysis,OK,3,1,0.0,-0.17906099018399255,0,-0.17906099018399255,-0.17906099018399255,-0.07898863477140174,0,50.0,0.049999999999999996,0,-0.17906099018399255,2,0,0,0,0
smash-reversalmastersinmarkets,trend_analysis,OK,3,3,0.3333333333333333,5.230843120810921,12.197853281377341,-4.484002301175977,22.433215035069125,0.12911618832663221,1.109006582713539,65.07936507936508,0.29282088227072123,0,-4.484002301175977,7,22.433215035069125,7,-2.2566833714603853,6
smc-core-lite-signals,trend_analysis,OK,3,3,0.3333333333333333,-4.28544241543689,4.844916595920831,-10.156291130434285,1.7093408220158597,-0.827131687546102,1.1173998742811408,39.223198858087294,0.26666666666666666,0,-4.409376937892244,29,1.7093408220158597,18,-10.156291130434285,17
smc-market-structure-mtf-levels-by-capitan-trading,trend_analysis,OK,3,1,0.0,-4.163530284493362,0,-4.163530284493362,-4.163530284493362,-1.6959081933559406,0,0.0,0.049999999999999996,0,-4.163530284493362,1,0,0,0,0
smooth-trader-volume-toolkit,trend_analysis,OK,3,1,0.0,-5.938639248675332,0,-5.938639248675332,-5.938639248675332,-1.8292795015096144,0,0.0,0.049999999999999996,0,-5.938639248675332,1,0,0,0,0
smoothed-heiken-ashi-candles-mtf,trend_analysis,OK,3,2,0.0,-10.371410851161855,0.31186387074760535,-10.68327472190946,-10.059546980414249,-1.8209509452968313,0.058893126973536214,44.68085106382979,0.09999999999999999,0,-10.68327472190946,47,22.7553811646939,0,-10.059546980414249,47
structural-flow-decoder-joat,trend_analysis,OK,3,2,0.0,-1.506083033974661,0.6962798882805219,-2.202362922255183,-0.8098031456941389,-0.5372423501253019,0.3432534249746495,25.0,0.09999999999999999,0,-2.202362922255183,2,4.156551121146388,0,-0.8098031456941389,2
structural-svm-ranker-luxalgo,trend_analysis,OK,3,2,0.6666666666666666,2.79687314928657,1.107646625541289,1.689226523745281,3.904519774827859,0.5532184353265659,0.2135385188361383,0.0,0.5439330693707316,0,3.904519774827859,1,12.485880933617299,0,1.689226523745281,1
structure-break-liquidity-sweep,trend_analysis,OK,3,2,0.3333333333333333,6.241060906546197,8.182669169954178,-1.9416082634079794,14.423730076500373,0.8313340947456132,1.1655065672688216,100.0,0.24787197119939763,0,14.423730076500373,3,-4.162236453804842,0,-1.9416082634079794,2
supertrend-recovery-luxalgo,trend_analysis,OK,3,3,0.0,-15.491905281313855,5.972739550220945,-21.06498881575673,-7.208456971249295,-3.9649543842756927,0.5587792870590014,41.835287790371105,0.15,0,-21.06498881575673,101,-7.208456971249295,41,-18.20227005693554,91
supply-demand-signal-indicator-afx-syndicate,trend_analysis,OK,3,2,0.6666666666666666,4.330296375156722,1.2766037676750202,3.053692607481702,5.606900142831742,1.1034441419976215,0.44599681516658407,75.0,0.4934856114174708,0,3.053692607481702,2,0,0,5.606900142831742,1
support-resistance-fibonacci-retracement,trend_analysis,OK,3,3,0.3333333333333333,-2.9746855278150854,2.888794465376125,-6.303096087517159,0.7410953792867222,-0.506999341237267,0.7567209202107832,55.55555555555554,0.26666666666666666,0,-6.303096087517159,3,0.7410953792867222,1,-3.362055875214821,3
support-resistance-zones-strength-classifier-luxalgo,trend_analysis,OK,3,2,0.6666666666666666,4.725528872076414,1.7940360559372273,2.9314928161391873,6.519564928013642,0.7347992671850667,0.21383496024589316,41.19047619047619,0.5535022376322422,0,6.519564928013642,15,10.108844603447055,0,2.9314928161391873,14
swingzag-live,trend_analysis,OK,3,3,0.6666666666666666,0.796859659762753,9.550257017798977,-11.216200958251864,12.149032549410636,-0.22502987455381204,2.0747251243931895,43.71794871794872,0.38731763163214705,0,1.4577473881294865,13,12.149032549410636,12,-11.216200958251864,15
the-silver-boss-v10,trend_analysis,OK,3,2,0.6666666666666666,2.094299936038369,1.4078844643836055,0.6864154716547637,3.5021844004219744,0.382976395344395,0.27896961018457844,33.33333333333333,0.5240624304673805,0,0.6864154716547637,4,0,0,3.5021844004219744,3
timeframe-clock-21-pro-plan-and-under,trend_analysis,OK,3,3,0.0,-25.5040260050931,8.982255800514611,-37.64240995579879,-16.191979546764575,-5.065577099052902,1.7781043026667358,35.65217391304348,0.15,0,-16.191979546764575,115,-37.64240995579879,115,-22.677688512715932,115
timeframe-clock-21,trend_analysis,OK,3,3,0.3333333333333333,4.056562936014433,9.541036109235877,-2.962798410233969,17.54589689844231,0.6541330587655724,1.533592891417361,83.33333333333333,0.2869494813467388,0,-2.962798410233969,2,17.54589689844231,2,-2.413409680165045,2
timeframe-clock,trend_analysis,OK,3,3,0.0,-17.119431808218383,10.09088092364213,-31.35723685165678,-9.16237811787438,-3.9176533644599956,3.184763985334732,39.68926553672316,0.15,0,-9.16237811787438,54,-31.35723685165678,48,-10.838680455123992,59
tpo-single-prints-npoc,trend_analysis,OK,3,3,0.3333333333333333,-3.2714540215409165,4.7326113494067465,-7.305495723038853,3.37063936266437,-0.5192623546069975,0.8234247502507632,41.44444444444445,0.26666666666666666,0,-5.879505704248266,25,3.37063936266437,4,-7.305495723038853,30
trading-levels-poc-daily-hl-psychological-levels,trend_analysis,OK,3,3,0.0,-10.382762800926924,8.413914555914475,-22.27308494319275,-4.042485612429125,-2.1644284347899942,2.0391127817255392,36.666666666666664,0.15,0,-4.832717847158899,30,-22.27308494319275,30,-4.042485612429125,36
trend-break-structure-range-filter,trend_analysis,OK,3,3,0.3333333333333333,1.2659013291822097,2.944891429862718,-1.2863372846115235,5.392132360944175,0.45980184376334204,0.9120249037877576,22.222222222222218,0.2949899473656383,0,-1.2863372846115235,1,5.392132360944175,3,-0.3080910887860227,1
trend-filter-value-area-lines-maxmaserati-30,trend_analysis,OK,3,2,0.0,-3.682626904953329,0.6137066305016636,-4.296333535454993,-3.0689202744516657,-0.8286888186227985,0.219062242773236,25.0,0.09999999999999999,0,-3.0689202744516657,2,19.31682222998611,0,-4.296333535454993,2
trend-forge,trend_analysis,OK,3,1,0.0,-1.735763811937184,0,-1.735763811937184,-1.735763811937184,-0.45413114317357645,0,0.0,0.049999999999999996,0,0,0,0,0,-1.735763811937184,3
trend-line-odnac,trend_analysis,OK,3,2,0.6666666666666666,7.048438951023214,3.759445212811232,3.2889937382119823,10.807884163834446,1.0817289829773995,0.4498074700671798,50.0,0.5061236605716545,0,10.807884163834446,2,10.759982548930784,0,3.2889937382119823,1
trend-o-meter,trend_analysis,OK,3,2,0.0,-3.606195183125004,1.1180972315659452,-4.724292414690949,-2.488097951559059,-0.8732923873628069,0.3022899673864357,39.285714285714285,0.09999999999999999,0,-2.488097951559059,2,22.7553811646939,0,-4.724292414690949,7
trend-pro-master-suite,trend_analysis,OK,3,2,0.0,-5.976177235442897,0.6477377957725987,-6.623915031215496,-5.328439439670299,-3.214893905404943,0.4615213724123388,0.0,0.09999999999999999,0,-6.623915031215496,1,-5.328439439670299,3,1.3495965863037127,0
trend-signals-scalper-pro-by-kd,trend_analysis,OK,3,3,0.0,-14.189392036885488,5.66981892616363,-22.068376375729393,-8.960917972938129,-3.059477010600309,1.2155168356070338,31.833165848023516,0.15,0,-22.068376375729393,53,-8.960917972938129,49,-11.538881761988945,41
turtle-trading-strategy-indicator,trend_analysis,OK,3,2,0.0,-2.140795373606845,1.2687539745272225,-3.4095493481340675,-0.8720413990796224,-0.4674352581284224,0.28529594862114943,0.0,0.09999999999999999,0,-0.8720413990796224,3,10.108844603447055,0,-3.4095493481340675,3
turtle-trading,trend_analysis,OK,3,2,0.0,-1.6243172594446078,0.42837651281556455,-2.0526937722601724,-1.1959407466290433,-0.9470332346255188,0.6668946342463666,25.0,0.09999999999999999,0,-1.1959407466290433,1,10.108844603447055,0,-2.0526937722601724,2
ultra-single-session-alerts-1cg,trend_analysis,OK,3,3,0.0,-11.286030626379748,5.787897598235683,-18.541756604122142,-4.377090327625527,-2.5453148785583095,1.7304632745627868,38.22222222222222,0.15,0,-4.377090327625527,75,-18.541756604122142,75,-10.939244947391577,75
volume-profile-projection-box-confirmed,trend_analysis,OK,3,2,0.0,-2.5861987265402497,2.071182784526136,-4.657381511066386,-0.5150159420141135,-0.48448227283313894,0.40717985048288896,26.136363636363633,0.09999999999999999,0,-0.5150159420141135,12,0,0,-4.657381511066386,11
volume-weighted-trend-quantalgo,trend_analysis,OK,3,2,0.0,-3.9816627330762784,1.3490388138672205,-5.330701546943499,-2.632623919209058,-1.148513372064505,0.4519367035485233,0.0,0.09999999999999999,0,-5.330701546943499,2,15.22972340744728,0,-2.632623919209058,1
volume-weighted-trend,trend_analysis,OK,3,2,0.0,-3.9816627330762784,1.3490388138672205,-5.330701546943499,-2.632623919209058,-1.148513372064505,0.4519367035485233,0.0,0.09999999999999999,0,-5.330701546943499,2,15.22972340744728,0,-2.632623919209058,1
vts-strategy-quision,trend_analysis,OK,3,1,0.0,-4.917058435401239,0,-4.917058435401239,-4.917058435401239,-1.2284639812732314,0,50.0,0.049999999999999996,0,-4.917058435401239,2,0,0,2.4742946142700237,0
wolfe-wave-pattern-ualgo,trend_analysis,OK,3,1,0.0,-3.996014156373101,0,-3.996014156373101,-3.996014156373101,-3.6354881833674484,0,0.0,0.049999999999999996,0,0,0,0,0,-3.996014156373101,3
yaduvansi-precision-entry-system,trend_analysis,OK,3,2,0.0,-2.2425002123404485,0.6008382725938791,-2.8433384849343275,-1.6416619397465693,-0.7288770090474108,0.017776530075468422,0.0,0.09999999999999999,0,-1.6416619397465693,1,0,0,-2.8433384849343275,1
yuki-20,trend_analysis,OK,3,3,0.6666666666666666,-7.419894727798526,13.298576168503642,-26.216994229385975,2.5077863014178003,-0.906990080845353,1.8550781932728577,38.888888888888886,0.3833333333333333,0,2.5077863014178003,3,-26.216994229385975,2,1.4495237445725944,3
yy-fx-pro,trend_analysis,OK,3,3,0.3333333333333333,-6.530363020259504,6.205420228377689,-13.302965436531114,1.689130993824816,-2.1750076923410107,1.8718446009352705,22.121212121212125,0.26666666666666666,0,-7.977254618072213,10,1.689130993824816,11,-13.302965436531114,10
zenalgo-abc,trend_analysis,OK,3,3,0.3333333333333333,-5.779159307941424,6.486227045332347,-10.917618880429771,3.37063936266437,-1.0196682972456423,1.174441452267492,38.605442176870746,0.26666666666666666,0,-9.790498406058875,44,3.37063936266437,4,-10.917618880429771,49
zero-lag-kalman-structure-boswaves,trend_analysis,OK,3,3,0.3333333333333333,-0.9792356909196295,6.533777196958841,-8.101901839203187,7.679752421994445,-0.21041759064744345,1.8721119093571066,50.0,0.26666666666666666,0,-8.101901839203187,3,7.679752421994445,1,-2.515557655550147,2
zig-zag-liquidity-pools-sweeps-by-capitan-trading,trend_analysis,OK,3,2,0.6666666666666666,1.2053673873778898,0.9613756009124482,0.24399178646544167,2.166742988290338,0.23995241743597678,0.1980283234442468,100.0,0.539853089409161,0,0.24399178646544167,2,0,0,2.166742988290338,2
1-contract-worth,volatility,OK,3,3,0.0,-14.180704040054692,5.735302027294333,-22.275150162403357,-9.685719328305249,-3.66900235501778,2.5793192195279135,33.09090120565531,0.15,0,-9.685719328305249,63,-22.275150162403357,61,-10.581242629455476,60
270m-session-cycles-zeussy-inspired,volatility,OK,3,3,0.0,-15.452105520800993,6.185009392161447,-23.47462822134435,-8.422424234347826,-3.68633974038222,2.22609152963462,35.68627450980392,0.15,0,-8.422424234347826,85,-23.47462822134435,85,-14.459264106710807,85
2b2t-123-on-closing-basis,volatility,OK,3,3,0.3333333333333333,-3.4909727570932687,3.4135200699315273,-6.787383560585149,1.2114814496298496,-1.4151956662462093,1.374996707161587,34.343434343434346,0.26666666666666666,0,1.2114814496298496,9,-4.897016160324507,2,-6.787383560585149,11
active-move-counter-pointsticks-avg-candle-ticks,volatility,OK,3,3,0.0,-13.046391356190563,10.347656117408336,-27.630327671438398,-4.7091567967322625,-3.3276139353634004,3.366271736463604,36.40443586680146,0.15,0,-4.7091567967322625,31,-27.630327671438398,27,-6.799689600401034,26
adaptive-trend-sentinel-quantum-algo,volatility,OK,3,3,0.6666666666666666,-2.5529120347654293,4.776514462630836,-9.306963033767198,0.9227640843214613,-0.5687678135924458,0.9871529682006266,35.833333333333336,0.3833333333333333,0,0.7254628451494499,8,-9.306963033767198,5,0.9227640843214613,8
ag-pro-pivot-points-reaction-map-agpro-series,volatility,OK,3,3,0.3333333333333333,-0.5069391727287152,11.804462895380878,-11.73631643007121,15.805591816991102,-0.2172906006379327,2.0175665767251227,11.111111111111112,0.26666666666666666,0,-5.5900929051060375,5,15.805591816991102,2,-11.73631643007121,15
anchored-vwap-by-time-matteoarroz,volatility,OK,3,2,0.3333333333333333,0.984351841869582,1.338552050029153,-0.35420020815957104,2.322903891898735,0.15435729041264418,0.20233560613536833,20.0,0.42100452434217245,0,-0.35420020815957104,3,23.35507295143121,0,2.322903891898735,5
ancientneros-gap-suite-mitigated,volatility,OK,3,2,0.0,-5.153941181371665,1.5766746777997103,-6.730615859171375,-3.5772665035719546,-1.1117822741153078,0.2622972863741708,16.666666666666664,0.09999999999999999,0,-6.730615859171375,4,22.587853386206117,0,-3.5772665035719546,3
atr-value-box,volatility,OK,3,1,0.0,-20.47065463693482,0,-20.47065463693482,-20.47065463693482,-5.259966366322712,0,28.26086956521739,0.049999999999999996,0,0,0,-20.47065463693482,92,0,0
auto-trendlines-pro-rejection-zone,volatility,OK,3,1,0.0,-3.0142279328649457,0,-3.0142279328649457,-3.0142279328649457,-0.848141863874524,0,0.0,0.049999999999999996,0,-3.0142279328649457,1,0,0,-4.697975536402737,0
average-volatility-zones,volatility,OK,3,3,0.6666666666666666,1.7379532075118236,5.014205677942363,-4.890171425881635,7.234757092561588,0.5945697172081931,1.4987380479377168,50.0,0.3920230993708924,0,2.8692739558555185,4,7.234757092561588,1,-4.890171425881635,4
bigbull-x-2-strategy,volatility,OK,3,3,0.3333333333333333,-3.4753535263952315,5.99370623950308,-11.369622602364965,3.1451980283171435,-0.6021066259237479,1.5259307782371814,20.634920634920633,0.26666666666666666,0,-11.369622602364965,8,3.1451980283171435,7,-2.2016360051378725,9
breakout-acceptance-score-bas,volatility,OK,3,3,0.3333333333333333,-5.542811719250661,10.646017632523971,-18.971749799954893,7.066931162618552,-1.6316358708922738,2.508022165642135,43.333333333333336,0.26666666666666666,0,7.066931162618552,5,-18.971749799954893,6,-4.723616520415643,4
capital-leadership-review-weekly,volatility,OK,3,3,0.0,-5.079723749581696,2.327239498904357,-6.819477956596355,-1.7903411176095105,-1.004164148556949,0.3872378761272086,63.71794871794872,0.15,0,-6.629352174539221,52,-1.7903411176095105,1,-6.819477956596355,40
confirmed-compression-blocks-breakout-targets-codapro,volatility,OK,3,3,0.6666666666666666,0.04083164495544511,4.801314666752972,-6.2321180764436,5.428197471109655,-0.2534279068102492,1.3455356200975166,83.33333333333333,0.38353749155811057,0,5.428197471109655,1,-6.2321180764436,1,0.9264155402002798,2
cote-volatility,volatility,OK,3,1,0.0,-2.0817432955530966,0,-2.0817432955530966,-2.0817432955530966,-0.5088617054859916,0,0.0,0.049999999999999996,0,-2.0817432955530966,1,0,0,0,0
cpt-pullback-edge-tool-callput-past-present-11,volatility,OK,3,3,0.0,-9.429698661445606,2.084885382737485,-11.43012703687849,-6.553628582462231,-2.729511700661997,0.6747664154190515,34.686868686868685,0.15,0,-6.553628582462231,30,-10.305340364996097,33,-11.43012703687849,25
cusum-structural-break-detector,volatility,OK,3,3,0.3333333333333333,0.5972395619463112,11.205053085936834,-10.724212726996644,15.859963443341346,-0.30286429560965483,1.8402259425789986,45.370370370370374,0.2696528644763982,0,-3.3440320305057685,8,15.859963443341346,4,-10.724212726996644,9
d1-range-in-pips,volatility,OK,3,3,0.3333333333333333,1.061192765181147,4.282512044869123,-2.674267232915285,7.057435580442936,0.06754517997837535,0.8466077593786361,59.88874249743815,0.31032069064791334,0,-2.674267232915285,22,-1.1995900519842106,18,7.057435580442936,23
daily-atr-info-box-with-buffers,volatility,OK,3,2,0.3333333333333333,0.44533202368388425,7.222953058834689,-6.777621035150805,7.668285082518573,-0.7378962136765155,2.0624224930430284,12.5,0.21889332678508605,0,-6.777621035150805,2,7.668285082518573,8,0,0
daily-candle-right-side,volatility,OK,3,3,0.0,-19.834715170782687,13.225498594752015,-38.53491899523556,-10.17235965550263,-3.490557878801003,2.4308387823696833,39.299552906110286,0.15,0,-10.17235965550263,56,-38.53491899523556,55,-10.796866861609873,61
daily-pips-movement-forex,volatility,OK,3,3,0.0,-13.460234713329912,16.27944913052496,-36.367587043733714,-0.013921376417492868,-2.109031489152972,2.5326909575940655,36.43892339544513,0.15,0,-0.013921376417492868,21,-36.367587043733714,3,-3.9991957198385353,23
dca-onetwo,volatility,OK,3,3,0.3333333333333333,-2.6849249286162427,12.146462991149766,-12.790774335379743,14.397492724134558,-1.4849487581885488,1.968104098907683,43.16939890710382,0.26666666666666666,0,-12.790774335379743,61,14.397492724134558,61,-9.661493174603544,61
diamond-v5-institutional-smc-liquidity-engine,volatility,OK,3,1,0.0,-3.8837521210066916,0,-3.8837521210066916,-3.8837521210066916,-1.6172995096511755,0,0.0,0.049999999999999996,0,0,0,0,0,-3.8837521210066916,1
donchian-ribbon-ualgo,volatility,OK,3,2,0.0,-4.703394378813064,0.12355760100000035,-4.826951979813064,-4.579836777813063,-0.9310614661207387,0.12417866394343846,8.333333333333332,0.09999999999999999,0,-4.579836777813063,7,14.190559024406452,0,-4.826951979813064,6
dvol-based-bitcoin-volatility,volatility,OK,3,3,0.3333333333333333,-1.5734692370095293,5.356360037740283,-5.97939619426748,5.965854894380128,-0.31432483682575235,1.5611001107728457,48.095238095238095,0.26666666666666666,0,-4.706866411141236,7,5.965854894380128,7,-5.97939619426748,10
fair-value-gap-signals-ualgo,volatility,OK,3,2,0.6666666666666666,3.0259780656817092,0.7826891106053884,2.243288955076321,3.8086671762870976,1.4702118687801908,0.0053217608013697015,100.0,0.5971327834613994,0,2.243288955076321,1,3.8086671762870976,1,0,0
fair-value-range-breakout-by-oberlunar,volatility,OK,3,3,0.6666666666666666,-1.4245581097798423,6.742384521839693,-10.95042713285811,3.7030517051232748,-0.48515800956534266,1.4685728862842384,66.66666666666667,0.3833333333333333,0,2.9737010983953076,2,-10.95042713285811,2,3.7030517051232748,2
fixed-range-line-range-shift-signals-with-t1,volatility,OK,3,3,0.0,-10.497198139016477,12.423896279206849,-28.05278448550726,-1.1022832938825886,-1.4892374089090579,1.6873071604601473,27.777777777777775,0.15,0,-2.3365266376595826,6,-28.05278448550726,3,-1.1022832938825886,4
flux-pulse-orb,volatility,OK,3,3,0.3333333333333333,-7.236470885282581,7.810062054786488,-14.785797610486842,3.520409420849101,-1.8828388134730811,1.8867296369028352,36.578769438810006,0.26666666666666666,0,-14.785797610486842,34,3.520409420849101,29,-10.444024466210001,29
fvg-candle-painter-algorich,volatility,OK,3,3,0.6666666666666666,2.3199899555996235,4.324945142006261,-2.142823325712059,8.173578112159435,0.37943491194324414,0.7218188157267504,38.888888888888886,0.46447857917964375,0,0.929215080351496,6,8.173578112159435,3,-2.142823325712059,4
fvg-touch-extension-tag,volatility,OK,3,3,0.0,-12.723314461075342,6.237933219866945,-21.527574040539648,-7.840064908355184,-1.881627806022327,0.664971442987408,52.56771843234032,0.15,0,-7.840064908355184,61,-21.527574040539648,9,-8.802304434331191,62
fx-setup-scanner-currency-strength-and-divergence,volatility,OK,3,3,0.3333333333333333,-1.9501725592506698,7.670780770617755,-8.502824621670078,8.813367884407212,-0.7384734412699764,2.1764667563210347,31.746031746031743,0.26666666666666666,0,-6.161060940489143,7,8.813367884407212,3,-8.502824621670078,7
gioc3p-sessions,volatility,OK,3,3,0.3333333333333333,-2.4617294849691436,4.316608720606385,-7.382838845365303,3.1271919044701355,-1.1297191464925835,1.5931999259711722,29.166666666666668,0.26666666666666666,0,3.1271919044701355,4,-7.382838845365303,3,-3.1295415140122644,8
guacs-daily-atr-box-remaining-locked-w-extensions,volatility,OK,3,3,0.0,-4.539107106412067,4.100336828967212,-9.967117803044093,-0.05827746733775711,-1.5321489044158563,1.701460471955854,44.83024691358025,0.15,0,-0.05827746733775711,24,-9.967117803044093,16,-3.591926048854351,27
hawkes-vol-expansion-detector-ufvg,volatility,OK,3,1,0.0,-6.047264231554815,0,-6.047264231554815,-6.047264231554815,-1.1444178498126514,0,46.03174603174603,0.049999999999999996,0,-6.047264231554815,63,0,0,0,0
hiddenridder-reversal-vix,volatility,OK,3,3,0.0,-2.6386517978426762,1.0623181024716348,-3.672683892030953,-1.1777804401209724,-1.24482514530009,0.3256414407583044,11.111111111111109,0.15,0,-3.065491061376102,3,-1.1777804401209724,1,-3.672683892030953,4
honeymoonist-panic-buy-sell,volatility,OK,3,2,0.0,-3.3361001709839186,0.09105802978339494,-3.4271582007673134,-3.2450421412005235,-0.5226510227723218,0.010085905513150584,35.71428571428571,0.09999999999999999,0,-3.4271582007673134,7,29.08181674227654,0,-3.2450421412005235,7
hourly-volatility-profile-pro-mataf-style,volatility,OK,3,3,0.0,-12.729548493633454,1.7266912706664286,-15.011928028517593,-10.83652639092639,-2.6796949203412326,0.7034650678472613,40.32258064516129,0.15,0,-10.83652639092639,62,-12.340191061456382,62,-15.011928028517593,62
ic-locate,volatility,OK,3,3,0.6666666666666666,-0.3238472967130945,5.27141932348412,-7.530858222165144,4.9307298380834546,-0.5180075105235539,1.520262832331785,36.03174603174603,0.3833333333333333,0,4.9307298380834546,7,-7.530858222165144,5,1.6285864939424064,6
ict-rth-open-gaps,volatility,OK,3,3,0.0,-16.064206507147674,7.461964976609565,-26.617014805599858,-10.780073819205136,-2.5376727294904464,0.9871828620110319,39.52821869488536,0.15,0,-10.780073819205136,56,-26.617014805599858,54,-10.795530896638025,63
inside-bar-strategy-with-sltp,volatility,OK,3,3,0.3333333333333333,-0.709478721381068,1.6242111984688559,-2.685858901779051,1.2923849172273623,-0.2524692713246526,0.5674405687928862,28.954248366013072,0.26666666666666666,0,-2.685858901779051,17,1.2923849172273623,12,-0.7349621795915154,10
institutional-edge-toolkit-clever,volatility,OK,3,2,0.0,-3.0820951659072016,0.23875668097287406,-3.3208518468800756,-2.8433384849343275,-0.8844422102464155,0.1377886711235362,0.0,0.09999999999999999,0,-3.3208518468800756,2,10.108844603447055,0,-2.8433384849343275,1
jensens-convexity-score,volatility,OK,3,1,0.3333333333333333,1.949380532226569,0,1.949380532226569,1.949380532226569,0.8201759378900187,0,100.0,0.42641356932779945,0,0,0,0,0,1.949380532226569,1
kurtosis-model,volatility,OK,3,2,0.3333333333333333,-0.7705632610787724,1.132977560684885,-1.9035408217636576,0.36241429960611277,-0.12039831319443818,0.2136681576623422,56.66666666666667,0.21666666666666665,0,-1.9035408217636576,30,0,0,0.36241429960611277,15
liquidation-cascade-detector-basic-20,volatility,OK,3,3,0.0,-8.457912647896277,6.489084596646231,-17.632426789236618,-3.687499751747804,-1.8721431719807828,1.7510264258485004,30.158730158730155,0.15,0,-4.053811402704407,7,-17.632426789236618,1,-3.687499751747804,6
liquidity-zones,volatility,OK,3,3,0.6666666666666666,-3.2384775244603183,8.723538070091525,-15.572707501240657,3.152808939421724,-0.47179044617925775,1.664028333904725,40.23035230352304,0.3833333333333333,0,-15.572707501240657,41,2.70446598843798,10,3.152808939421724,12
manual-x-sigma-volatility-trailing-stop,volatility,OK,3,3,0.3333333333333333,0.2262387196684245,10.786758274737842,-9.335626435578975,15.300823816251913,-0.12312113313139594,1.9092334804998594,48.20426487093153,0.2677978602650088,0,-9.335626435578975,27,15.300823816251913,3,-5.286481221667665,22
modern-real-time-adr-session-hub-v2,volatility,OK,3,3,0.0,-4.964614151532519,3.5518002214587314,-9.402808371511332,-0.7084232123242836,-1.6870972222066223,1.2457030783413148,40.4267377385657,0.15,0,-4.782610870761942,31,-0.7084232123242836,26,-9.402808371511332,27
mtf-volatility-treshold,volatility,OK,3,3,0.6666666666666666,-0.7275770366295516,6.060207529255417,-9.234909675381218,4.425056176846963,-0.4221863216469342,1.3759986818286893,50.0,0.3833333333333333,0,4.425056176846963,4,-9.234909675381218,2,2.627122388645599,6
neighboring-trailing-stop-luxalgo,volatility,OK,3,2,0.0,-6.547815116359553,3.118587159805734,-9.666402276165288,-3.4292279565538193,-1.352573370355378,0.7903901450696037,23.809523809523807,0.09999999999999999,0,-3.4292279565538193,7,21.773254808580912,0,-9.666402276165288,15
pnl-ruler-nlr,volatility,OK,3,2,0.0,-1.9029095615555272,1.524371179884882,-3.427280741440409,-0.3785383816706453,-0.6419309926710166,0.5112574950539763,0.0,0.09999999999999999,0,-0.3785383816706453,1,5.41739439104333,0,-3.427280741440409,1
prev-day-high-low-trade-success-academy,volatility,OK,3,3,0.0,-16.689555070478985,5.587255920821867,-24.590174116425302,-12.6329106742929,-3.9436211427539205,2.235055238920196,37.74037275147737,0.15,0,-12.845580420718747,75,-24.590174116425302,59,-12.6329106742929,87
prev-day-high-low,volatility,OK,3,3,0.3333333333333333,-9.793828951742727,13.961950588703013,-21.779368017030457,9.788062566810417,-2.4833737398500095,3.09086077119704,42.388991346290254,0.26666666666666666,0,-21.779368017030457,53,-17.390181405008146,56,9.788062566810417,57
price-volume-volatility-cube-luxalgo,volatility,OK,3,2,0.0,-3.4619216689864114,0.7996829469136137,-4.261604615900025,-2.662238722072798,-0.8758483490501434,0.15301696551498928,48.958333333333336,0.09999999999999999,0,-4.261604615900025,16,1.168312771055891,0,-2.662238722072798,12
pro-minimalist-atr-stats-box,volatility,OK,3,1,0.3333333333333333,1.0210770131385363,0,1.0210770131385363,1.0210770131385363,0.30669072850945844,0,100.0,0.4217720517323593,0,1.0210770131385363,1,0,0,0,0
pseudo-footprint-price-levels,volatility,OK,3,3,0.3333333333333333,-1.814703203024833,7.901794368224308,-8.971908066791919,9.196149578524258,-0.5347721370529207,1.6198051786490881,41.275362318840585,0.26666666666666666,0,-8.971908066791919,25,9.196149578524258,23,-5.668351120806838,20
quantum-trendmatrix-by-pdoge,volatility,OK,3,2,0.6666666666666666,2.995627143707461,0.5909985181334052,2.404628625574056,3.5866256618408663,0.4910592622627878,0.035186536908223764,0.0,0.5895148348248147,0,3.5866256618408663,2,3.8282786200721604,0,2.404628625574056,1
radiant-mean-reversion-channels-pineify,volatility,OK,3,3,1.0,4.102630913246723,1.3164552887622467,2.544450040876894,5.764124923597526,0.7443566413805353,0.22759757778313697,60.0,0.7136137601204494,0,5.764124923597526,5,3.9993177752657503,1,2.544450040876894,2
ragis-atr-value-box,volatility,OK,3,1,0.3333333333333333,8.109808041869911,0,8.109808041869911,8.109808041869911,2.4952423217499464,0,100.0,0.4572157068760162,0,0,0,8.109808041869911,1,0,0
return-distribution-thetaloop,volatility,OK,3,1,0.0,-2.464983626068104,0,-2.464983626068104,-2.464983626068104,-0.542588272511681,0,35.0,0.049999999999999996,0,-0.13045085948823543,0,5.578940934040729,0,-2.464983626068104,20
rsi-divergence-v6,volatility,OK,3,1,0.3333333333333333,1.469016224372579,0,1.469016224372579,1.469016224372579,0.2113364023962342,0,50.0,0.4240117477885295,0,-2.0392880011340604,0,25.097583738929472,0,1.469016224372579,2
rsi-superstack,volatility,OK,3,3,0.3333333333333333,-14.802983165591277,12.481668157053836,-29.104317043015882,1.3082611523437517,-3.8434528724008135,3.9118140434323725,55.367018602312726,0.26666666666666666,0,-16.6128936061017,102,-29.104317043015882,104,1.3082611523437517,2
s50-atr-sniper-pro-v2,volatility,OK,3,2,0.0,-0.30822674405050204,0.06323804180351,-0.37146478585401205,-0.24498870224699204,-1.6870390188400528,0.29682738534494413,0.0,0.09999999999999999,0,-0.37146478585401205,1,0.24877704703497877,0,-0.24498870224699204,1
sample-entropy-sampen-regime-detector,volatility,OK,3,2,0.0,-2.4802775443194625,0.10622060847430093,-2.586498152793763,-2.3740569358451613,-1.7145180541572993,0.7082464239140533,0.0,0.09999999999999999,0,-2.586498152793763,1,0.15859581123873068,0,-2.3740569358451613,1
sara-strat-snipers-50-percent-status,volatility,OK,3,3,0.0,-2.8978187394295385,2.577499506447067,-6.511825477972059,-0.6791455644532106,-1.443405539058972,0.42921166181308756,0.0,0.15,0,-6.511825477972059,3,-0.6791455644532106,1,-1.502485175863345,1
session-sniper-map-forexobroker,volatility,OK,3,3,0.0,-10.125268350879681,13.982976940998023,-29.899714738291834,-0.12006739551712235,-2.147479378781437,2.9910890419658895,27.777777777777775,0.15,0,-0.3560229188300873,3,-29.899714738291834,1,-0.12006739551712235,6
shalli-rsi-shalli,volatility,OK,3,2,0.0,-2.077922740207738,0.4634943774548739,-2.5414171176626117,-1.614428362752864,-0.7675255209141592,0.2714643166788481,54.166666666666664,0.09999999999999999,0,-1.614428362752864,4,0,0,-2.5414171176626117,3
simulation-structural-synthesis-dafe,volatility,OK,3,1,0.3333333333333333,3.2880550462398093,0,3.2880550462398093,3.2880550462398093,1.2936529381338724,0,100.0,0.4331069418978657,0,3.2880550462398093,1,0,0,0.23886995428467345,0
smart-liquidity-framework-clever,volatility,OK,3,3,0.6666666666666666,-1.0695324586733232,2.444998893302713,-4.469285638919565,1.176501725401773,-0.43138831920818843,0.7505699424446042,44.696969696969695,0.3833333333333333,0,1.176501725401773,40,-4.469285638919565,5,0.08418653749782243,22
stable-stocks-ema-extension-smh,volatility,OK,3,3,0.3333333333333333,-1.8919467614057643,6.35556701783028,-8.285211028405465,6.775926290425749,-0.5556131314174051,1.6010895568490144,53.27635327635327,0.26666666666666666,0,-8.285211028405465,18,6.775926290425749,26,-4.166555546237578,18
standard-deviation-ob-pressure,volatility,OK,3,2,0.0,-0.7582408665814291,0.7366310769829724,-1.4948719435644016,-0.0216097895984567,-0.1430771833202125,0.13971327306369155,28.445512820512818,0.09999999999999999,0,-0.0216097895984567,39,0,0,-1.4948719435644016,32
stop-loss-cascades-breakouts-kioseff-trading,volatility,OK,3,2,0.0,-5.518265421874952,0.2287376091958575,-5.747003031070809,-5.289527812679094,-1.0204232332996634,0.04895159987873532,47.72727272727273,0.09999999999999999,0,-5.747003031070809,38,11.84005397674226,0,-5.289527812679094,33
stress-regime-monitor-thetaloop,volatility,OK,3,2,0.6666666666666666,4.444206939760806,2.8465035708252033,1.5977033689356033,7.29071051058601,0.628367315507558,0.3560324870018293,35.71428571428571,0.51654624628168,0,7.29071051058601,7,0,0,1.5977033689356033,7
supply-demand-cumulative-volume-delta-flow-chartprime,volatility,OK,3,2,0.3333333333333333,-2.5003028811426127,8.013009042030689,-10.513311923173301,5.512706160888076,-0.723905024678535,1.5019813171963414,28.57142857142857,0.21666666666666665,0,5.512706160888076,7,4.247894096734395,0,-10.513311923173301,1
tl5-alerts-day-high-low-tracker,volatility,OK,3,2,0.0,-6.24843521736312,3.546961799032637,-9.795397016395757,-2.7014734183304827,-1.2864178025286865,0.8438187980245976,0.0,0.09999999999999999,0,-2.7014734183304827,1,19.31682222998611,0,-9.795397016395757,3
top-down-htf-candles-confirmed,volatility,OK,3,3,0.0,-5.237836935894612,3.10762626904904,-9.56768344929986,-2.4207377674244634,-2.087130328980887,0.972815635440792,34.90196078431372,0.15,0,-2.4207377674244634,15,-3.725089590959513,17,-9.56768344929986,17
trailing-stop-loss-alert,volatility,OK,3,3,0.3333333333333333,4.629257337406345,7.503682681463569,-1.0711224591088249,15.231036318410492,0.2939080667706468,0.5593612386436106,33.333333333333336,0.3999726436927957,0,-0.272141847082632,1,15.231036318410492,2,-1.0711224591088249,1
velocity-acceleration-momentum-vam,volatility,OK,3,3,0.6666666666666666,1.6734000961648565,7.910257935730169,-7.112079649225532,12.063621119074247,0.013311104222653025,2.297984110228639,11.111111111111109,0.3917003338141576,0,0.0686588186458539,3,12.063621119074247,1,-7.112079649225532,6
vix-highlow-zones-pro,volatility,OK,3,2,0.3333333333333333,-1.1530243747759013,2.151220850318503,-3.3042452250944043,0.9981964755426016,-0.32988121652248104,0.5457327106715868,100.0,0.21666666666666665,0,0.9981964755426016,2,0,0,-3.3042452250944043,1
vix-range-levels-rule-of-16,volatility,OK,3,3,0.3333333333333333,8.79695103664122,14.501628308108995,-2.2374826874600404,29.285032592193517,0.45736026514159817,0.9845668253309208,41.666666666666664,0.3145097155171426,0,-2.2374826874600404,2,29.285032592193517,4,-0.6566967948098172,1
vixvolatility-clear-and-aesthetic,volatility,OK,3,1,0.0,-2.191303029154966,0,-2.191303029154966,-2.191303029154966,-1.405553013070987,0,33.33333333333333,0.049999999999999996,0,0,0,-2.191303029154966,3,-3.045839518263252,0
voledge-regime-clock,volatility,OK,3,2,0.0,-9.939509973078835,1.4653706768647394,-11.404880649943575,-8.474139296214096,-2.249268074986536,0.3483392506087608,16.666666666666664,0.09999999999999999,0,-8.474139296214096,1,-11.404880649943575,3,0,0
volprofex-volatility-time-window-analyzer,volatility,OK,3,1,0.3333333333333333,16.23025180271284,0,16.23025180271284,16.23025180271284,3.015948137109899,0,100.0,0.4978179256802308,0,-2.752219546985478,0,16.23025180271284,1,2.3524677934570355,0
wave-velocity-directional-pro,volatility,OK,3,3,0.0,-15.880318053025087,4.076610124711159,-21.63840061278883,-12.753306836346862,-4.111986474869651,2.239758936921446,37.980251174384044,0.15,0,-12.753306836346862,61,-21.63840061278883,50,-13.249246709939571,57
weight-of-the-wicks,volatility,OK,3,3,0.3333333333333333,-2.2082711852154464,3.4825473675796528,-6.283835006003429,2.2242004562641813,-0.5060249838017267,2.279465722359241,47.61904761904762,0.26666666666666666,0,-6.283835006003429,7,2.2242004562641813,6,-2.565179005907092,7
z-score-normal-distribution-with-alerts,volatility,OK,3,2,0.0,-5.781301859802712,4.204424589666115,-9.985726449468828,-1.5768772701365963,-1.263479205011584,0.9802962877158578,17.142857142857142,0.09999999999999999,0,-1.5768772701365963,5,0,0,-9.985726449468828,7
z-score-volume-range-anomaly-detector,volatility,OK,3,2,0.0,-3.5330393107443454,0.3037053623800967,-3.836744673124442,-3.2293339483642485,-1.0621077663232972,0.1066773830085535,50.37593984962406,0.09999999999999999,0,-3.836744673124442,19,0,0,-3.2293339483642485,7
aivance-opening-range-vol-factor,volume,OK,3,3,0.0,-13.291371206163646,9.439776620237854,-26.485795078062875,-4.935052117003739,-2.359279036158005,1.1325556966482975,28.155036757187293,0.15,0,-8.453266423424328,31,-26.485795078062875,37,-4.935052117003739,27
alizet-60-volume,volume,OK,3,2,0.0,-4.644517630181071,0.9378859990841155,-5.582403629265187,-3.706631631096956,-1.1216921228240104,0.20692101530534107,53.47222222222222,0.09999999999999999,0,-3.706631631096956,18,0,0,-5.582403629265187,48
auto-cmecomex-volume-fixed,volume,OK,3,3,0.6666666666666666,-0.4385261878844326,6.976648260762635,-10.02040385273764,6.389848960956471,-0.46136762404171766,1.5736853453899162,40.550239234449755,0.3833333333333333,0,6.389848960956471,19,-10.02040385273764,8,2.314976328127872,11
btc-bar-volume-color,volume,OK,3,1,0.0,-1.439589632648931,0,-1.439589632648931,-1.439589632648931,-0.3463618131024902,0,57.14285714285714,0.049999999999999996,0,-1.439589632648931,7,0.8389930262113049,0,0.5903795330200228,0
bullbear-volume-diagram,volume,OK,3,2,0.3333333333333333,-5.687096372748121,7.102963778139928,-12.79006015088805,1.4158674053918077,-0.5866153326395874,0.8142610801959838,16.666666666666664,0.21666666666666665,0,1.4158674053918077,2,-12.79006015088805,3,0,0
dollar-normalized-volume-imoex,volume,OK,3,3,0.0,-7.06350215918028,4.87005977801167,-13.805634968857545,-2.4742579164970957,-1.7105176916694411,1.5765858845974805,40.06535947712418,0.15,0,-4.9106135921862,15,-13.805634968857545,17,-2.4742579164970957,16
dollar-normalized-volume-v2,volume,OK,3,3,0.0,-19.488762743626882,13.493681212164372,-38.56583941769299,-9.540336419298852,-3.48557160132776,2.555467637665968,35.44031647746818,0.15,0,-10.360112393888805,51,-38.56583941769299,52,-9.540336419298852,57
effort-vs-result-context-overlay,volume,OK,3,1,0.0,-0.5157387532880966,0,-0.5157387532880966,-0.5157387532880966,-1.633966391571838,0,0.0,0.049999999999999996,0,0,0,0,0,-0.5157387532880966,1
firmapp-daily-basis-v12,volume,OK,3,3,0.0,-11.544367204167886,7.44496394821743,-21.956047311687392,-4.982459198792931,-1.6634450927276656,0.9441256801504108,34.67115600448934,0.15,0,-4.982459198792931,25,-21.956047311687392,22,-7.6945951020233325,27
mapa-de-calor-de-volume-customizacao-de-opacidade,volume,OK,3,3,0.0,-14.192556483191106,6.325240211476303,-23.12202735134198,-9.268029672022923,-3.4051316677827566,2.3261950982879838,39.30434782608696,0.15,0,-9.268029672022923,48,-23.12202735134198,46,-10.18761242620842,50
mapa-de-calor-de-volume,volume,OK,3,1,0.0,-0.32224367172729396,0,-0.32224367172729396,-0.32224367172729396,-0.055845318205668314,0,0.0,0.049999999999999996,0,-0.32224367172729396,1,0,0,0,0
periodic-anchored-vwap,volume,OK,3,3,0.0,-10.672739454258908,14.356604229909367,-30.971188394674286,-0.13899517781274334,-2.3847267924682547,3.2700294971618016,26.19047619047619,0.15,0,-0.9080347902896903,7,-30.971188394674286,1,-0.13899517781274334,6
relative-volume-multi-timeframe-d-w-m,volume,OK,3,2,0.0,-1.7996828326060204,1.5485540660854458,-3.348236898691466,-0.2511287665205746,-1.3465130844997562,0.31640140568767006,16.666666666666664,0.09999999999999999,0,-3.348236898691466,3,0,0,-0.2511287665205746,1
replay-footprint,volume,OK,3,1,0.0,-5.66645756709743,0,-5.66645756709743,-5.66645756709743,-1.8237094834150511,0,0.0,0.049999999999999996,0,-5.66645756709743,1,0,0,0,0
session-volume-averages,volume,OK,3,2,0.3333333333333333,-1.8593361937725934,2.4437076829854414,-4.303043876758035,0.5843714892128482,-0.45435535784722353,0.5401707947877911,31.25,0.21666666666666665,0,0.5843714892128482,8,0,0,-4.303043876758035,1
time-segmented-rvol,volume,OK,3,3,0.0,-18.222392753588974,13.209170733784864,-36.40614630959928,-5.424221711479869,-3.2429075248605432,2.2712351019968,33.6136712749616,0.15,0,-5.424221711479869,56,-36.40614630959928,70,-12.836810239687779,62
trading-bite-supply-demand-marker-v21,volume,OK,3,3,0.3333333333333333,-2.18106032109101,2.9264730518950994,-4.772436884114708,1.9092553804289054,-0.42905720492999544,0.6806657661791534,40.27777777777778,0.26666666666666666,0,-4.772436884114708,9,1.9092553804289054,14,-3.679999459587227,8
trading-value-auto-unit-kmb-with-price-labels,volume,OK,3,3,0.0,-7.06350215918028,4.87005977801167,-13.805634968857545,-2.4742579164970957,-1.7105176916694411,1.5765858845974805,40.06535947712418,0.15,0,-4.9106135921862,15,-13.805634968857545,17,-2.4742579164970957,16
volume-bubble-big-trades,volume,OK,3,2,0.0,-2.9409201688599422,1.6145642443276007,-4.555484413187543,-1.3263559245323413,-0.5135493018555942,0.22114682594438054,55.158730158730165,0.09999999999999999,0,-4.555484413187543,42,0,0,-1.3263559245323413,27
volume-bubbles-quantalgo,volume,OK,3,3,0.3333333333333333,-0.9613046307754024,1.1962357440367783,-2.639305038168983,0.06399078906251815,-0.3274611565416407,0.2707762603160788,72.22222222222221,0.26666666666666666,0,-2.639305038168983,8,-0.30859964321974254,3,0.06399078906251815,2
volume-conviction-index-v10,volume,OK,3,3,0.6666666666666666,-2.605224067124465,5.936668486953872,-10.934753194480857,2.4707251503851437,-1.1756297268575742,2.053565560787664,40.454076367389064,0.3833333333333333,0,2.4707251503851437,19,-10.934753194480857,19,0.6483558427223179,17
volume-defense-zones-markittick,volume,OK,3,3,0.3333333333333333,-6.967861565967372,8.92398708489145,-19.369493540116704,1.2592716520170653,-1.8230784181187565,2.3852605104295295,45.55555555555555,0.26666666666666666,0,1.2592716520170653,6,-19.369493540116704,10,-2.793362809802478,6
volume-detection-nzs-alert,volume,OK,3,2,0.0,-1.6849549975757983,1.2398601480474172,-2.9248151456232154,-0.445094849528381,-1.6868226228185157,0.3242584569882262,16.666666666666664,0.09999999999999999,0,-2.9248151456232154,3,0,0,-0.445094849528381,1
volume-profile-visible-range-vpvr-with-poc-price,volume,OK,3,2,0.3333333333333333,-1.8593361937725934,2.4437076829854414,-4.303043876758035,0.5843714892128482,-0.45435535784722353,0.5401707947877911,31.25,0.21666666666666665,0,0.5843714892128482,8,0,0,-4.303043876758035,1
volume-ratio,volume,OK,3,3,0.6666666666666666,2.3099606574250746,4.308843879822792,-2.214160985114402,8.107335593969285,0.466523150169408,0.9042685230775817,59.32098765432099,0.41881600585106327,0,-2.214160985114402,26,8.107335593969285,27,1.0367073634203408,20
vwap-trader-nxi,volume,OK,3,3,0.0,-11.546809391515183,4.6053265776204055,-17.863110666250765,-7.0132304627103,-3.0028825225666425,0.8957503154285552,38.61003861003861,0.15,0,-7.0132304627103,37,-17.863110666250765,42,-9.764087045584485,37
